province_territory,climate_zone,metro,sector,vintage,building_type,building_envelope_bin,year,equipment_config_id,equipment_stock_share_pct
AB,all,all,res,ex,sfd,all,2021,config_hvac_res_001,0.00131
AB,all,all,res,ex,sfd,all,2021,config_hvac_res_002,0.22153
AB,all,all,res,ex,sfd,all,2021,config_hvac_res_003,0.34409
AB,all,all,res,ex,sfd,all,2021,config_hvac_res_004,0.05768
AB,all,all,res,ex,sfd,all,2021,config_hvac_res_005,0.00459
AB,all,all,res,ex,sfd,all,2021,config_hvac_res_006,0.00393
AB,all,all,res,ex,sfd,all,2021,config_hvac_res_007,0.00069
AB,all,all,res,ex,sfd,all,2021,config_hvac_res_008,0.11647
AB,all,all,res,ex,sfd,all,2021,config_hvac_res_009,0.18091
AB,all,all,res,ex,sfd,all,2021,config_hvac_res_010,0.03032
AB,all,all,res,ex,sfd,all,2021,config_hvac_res_011,0.00241
AB,all,all,res,ex,sfd,all,2021,config_hvac_res_012,0.00207
AB,all,all,res,ex,sfd,all,2021,config_hvac_res_013,0.00000
AB,all,all,res,ex,sfd,all,2021,config_hvac_res_014,0.00000
AB,all,all,res,ex,sfd,all,2021,config_hvac_res_015,0.02971
AB,all,all,res,ex,sfd,all,2021,config_hvac_res_016,0.00338
AB,all,all,res,ex,sfd,all,2021,config_hvac_res_017,0.00040
AB,all,all,res,ex,sfd,all,2021,config_hvac_res_018,0.00051
AB,all,all,res,ex,sfd,all,2021,config_hvac_res_019,0.00000
AB,all,all,res,ex,sfd,all,2021,config_hvac_res_020,0.00000
AB,all,all,res,ex,sfd,all,2021,config_hvac_res_021,0.00000
AB,all,all,res,ex,sfd,all,2021,config_hvac_res_022,0.00000
AB,all,all,res,ex,sfd,all,2021,config_hvac_res_023,0.00000
AB,all,all,res,ex,row,all,2021,config_hvac_res_001,0.00139
AB,all,all,res,ex,row,all,2021,config_hvac_res_002,0.20453
AB,all,all,res,ex,row,all,2021,config_hvac_res_003,0.41114
AB,all,all,res,ex,row,all,2021,config_hvac_res_004,0.06587
AB,all,all,res,ex,row,all,2021,config_hvac_res_005,0.00485
AB,all,all,res,ex,row,all,2021,config_hvac_res_006,0.00069
AB,all,all,res,ex,row,all,2021,config_hvac_res_007,0.00061
AB,all,all,res,ex,row,all,2021,config_hvac_res_008,0.09047
AB,all,all,res,ex,row,all,2021,config_hvac_res_009,0.18186
AB,all,all,res,ex,row,all,2021,config_hvac_res_010,0.02913
AB,all,all,res,ex,row,all,2021,config_hvac_res_011,0.00215
AB,all,all,res,ex,row,all,2021,config_hvac_res_012,0.00031
AB,all,all,res,ex,row,all,2021,config_hvac_res_013,0.00000
AB,all,all,res,ex,row,all,2021,config_hvac_res_014,0.00000
AB,all,all,res,ex,row,all,2021,config_hvac_res_015,0.00612
AB,all,all,res,ex,row,all,2021,config_hvac_res_016,0.00070
AB,all,all,res,ex,row,all,2021,config_hvac_res_017,0.00008
AB,all,all,res,ex,row,all,2021,config_hvac_res_018,0.00010
AB,all,all,res,ex,row,all,2021,config_hvac_res_019,0.00000
AB,all,all,res,ex,row,all,2021,config_hvac_res_020,0.00000
AB,all,all,res,ex,row,all,2021,config_hvac_res_021,0.00000
AB,all,all,res,ex,row,all,2021,config_hvac_res_022,0.00000
AB,all,all,res,ex,row,all,2021,config_hvac_res_023,0.00000
AB,all,all,res,ex,apt,all,2021,config_hvac_res_001,0.00175
AB,all,all,res,ex,apt,all,2021,config_hvac_res_002,0.29185
AB,all,all,res,ex,apt,all,2021,config_hvac_res_003,0.48671
AB,all,all,res,ex,apt,all,2021,config_hvac_res_004,0.08126
AB,all,all,res,ex,apt,all,2021,config_hvac_res_005,0.00612
AB,all,all,res,ex,apt,all,2021,config_hvac_res_006,0.00087
AB,all,all,res,ex,apt,all,2021,config_hvac_res_007,0.00025
AB,all,all,res,ex,apt,all,2021,config_hvac_res_008,0.04215
AB,all,all,res,ex,apt,all,2021,config_hvac_res_009,0.07029
AB,all,all,res,ex,apt,all,2021,config_hvac_res_010,0.01174
AB,all,all,res,ex,apt,all,2021,config_hvac_res_011,0.00088
AB,all,all,res,ex,apt,all,2021,config_hvac_res_012,0.00013
AB,all,all,res,ex,apt,all,2021,config_hvac_res_013,0.00000
AB,all,all,res,ex,apt,all,2021,config_hvac_res_014,0.00000
AB,all,all,res,ex,apt,all,2021,config_hvac_res_015,0.00524
AB,all,all,res,ex,apt,all,2021,config_hvac_res_016,0.00060
AB,all,all,res,ex,apt,all,2021,config_hvac_res_017,0.00007
AB,all,all,res,ex,apt,all,2021,config_hvac_res_018,0.00009
AB,all,all,res,ex,apt,all,2021,config_hvac_res_019,0.00000
AB,all,all,res,ex,apt,all,2021,config_hvac_res_020,0.00000
AB,all,all,res,ex,apt,all,2021,config_hvac_res_021,0.00000
AB,all,all,res,ex,apt,all,2021,config_hvac_res_022,0.00000
AB,all,all,res,ex,apt,all,2021,config_hvac_res_023,0.00000
AB,all,all,res,ex,mob,all,2021,config_hvac_res_001,0.00195
AB,all,all,res,ex,mob,all,2021,config_hvac_res_002,0.75904
AB,all,all,res,ex,mob,all,2021,config_hvac_res_003,0.00976
AB,all,all,res,ex,mob,all,2021,config_hvac_res_004,0.07415
AB,all,all,res,ex,mob,all,2021,config_hvac_res_005,0.00585
AB,all,all,res,ex,mob,all,2021,config_hvac_res_006,0.05561
AB,all,all,res,ex,mob,all,2021,config_hvac_res_007,0.00005
AB,all,all,res,ex,mob,all,2021,config_hvac_res_008,0.01896
AB,all,all,res,ex,mob,all,2021,config_hvac_res_009,0.00024
AB,all,all,res,ex,mob,all,2021,config_hvac_res_010,0.00185
AB,all,all,res,ex,mob,all,2021,config_hvac_res_011,0.00015
AB,all,all,res,ex,mob,all,2021,config_hvac_res_012,0.00139
AB,all,all,res,ex,mob,all,2021,config_hvac_res_013,0.00000
AB,all,all,res,ex,mob,all,2021,config_hvac_res_014,0.00001
AB,all,all,res,ex,mob,all,2021,config_hvac_res_015,0.06204
AB,all,all,res,ex,mob,all,2021,config_hvac_res_016,0.00706
AB,all,all,res,ex,mob,all,2021,config_hvac_res_017,0.00083
AB,all,all,res,ex,mob,all,2021,config_hvac_res_018,0.00106
AB,all,all,res,ex,mob,all,2021,config_hvac_res_019,0.00000
AB,all,all,res,ex,mob,all,2021,config_hvac_res_020,0.00000
AB,all,all,res,ex,mob,all,2021,config_hvac_res_021,0.00000
AB,all,all,res,ex,mob,all,2021,config_hvac_res_022,0.00000
AB,all,all,res,ex,mob,all,2021,config_hvac_res_023,0.00000
BC,all,all,res,ex,sfd,all,2021,config_hvac_res_001,0.01866
BC,all,all,res,ex,sfd,all,2021,config_hvac_res_002,0.18322
BC,all,all,res,ex,sfd,all,2021,config_hvac_res_003,0.18297
BC,all,all,res,ex,sfd,all,2021,config_hvac_res_004,0.21796
BC,all,all,res,ex,sfd,all,2021,config_hvac_res_005,0.00400
BC,all,all,res,ex,sfd,all,2021,config_hvac_res_006,0.02774
BC,all,all,res,ex,sfd,all,2021,config_hvac_res_007,0.00934
BC,all,all,res,ex,sfd,all,2021,config_hvac_res_008,0.09166
BC,all,all,res,ex,sfd,all,2021,config_hvac_res_009,0.09153
BC,all,all,res,ex,sfd,all,2021,config_hvac_res_010,0.10904
BC,all,all,res,ex,sfd,all,2021,config_hvac_res_011,0.00200
BC,all,all,res,ex,sfd,all,2021,config_hvac_res_012,0.01388
BC,all,all,res,ex,sfd,all,2021,config_hvac_res_013,0.00000
BC,all,all,res,ex,sfd,all,2021,config_hvac_res_014,0.00004
BC,all,all,res,ex,sfd,all,2021,config_hvac_res_015,0.02736
BC,all,all,res,ex,sfd,all,2021,config_hvac_res_016,0.01698
BC,all,all,res,ex,sfd,all,2021,config_hvac_res_017,0.00040
BC,all,all,res,ex,sfd,all,2021,config_hvac_res_018,0.00323
BC,all,all,res,ex,sfd,all,2021,config_hvac_res_019,0.00000
BC,all,all,res,ex,sfd,all,2021,config_hvac_res_020,0.00000
BC,all,all,res,ex,sfd,all,2021,config_hvac_res_021,0.00000
BC,all,all,res,ex,sfd,all,2021,config_hvac_res_022,0.00000
BC,all,all,res,ex,sfd,all,2021,config_hvac_res_023,0.00000
BC,all,all,res,ex,row,all,2021,config_hvac_res_001,0.01493
BC,all,all,res,ex,row,all,2021,config_hvac_res_002,0.20793
BC,all,all,res,ex,row,all,2021,config_hvac_res_003,0.22442
BC,all,all,res,ex,row,all,2021,config_hvac_res_004,0.33351
BC,all,all,res,ex,row,all,2021,config_hvac_res_005,0.00581
BC,all,all,res,ex,row,all,2021,config_hvac_res_006,0.01649
BC,all,all,res,ex,row,all,2021,config_hvac_res_007,0.00307
BC,all,all,res,ex,row,all,2021,config_hvac_res_008,0.04270
BC,all,all,res,ex,row,all,2021,config_hvac_res_009,0.04608
BC,all,all,res,ex,row,all,2021,config_hvac_res_010,0.06849
BC,all,all,res,ex,row,all,2021,config_hvac_res_011,0.00119
BC,all,all,res,ex,row,all,2021,config_hvac_res_012,0.00339
BC,all,all,res,ex,row,all,2021,config_hvac_res_013,0.00000
BC,all,all,res,ex,row,all,2021,config_hvac_res_014,0.00003
BC,all,all,res,ex,row,all,2021,config_hvac_res_015,0.01824
BC,all,all,res,ex,row,all,2021,config_hvac_res_016,0.01132
BC,all,all,res,ex,row,all,2021,config_hvac_res_017,0.00026
BC,all,all,res,ex,row,all,2021,config_hvac_res_018,0.00215
BC,all,all,res,ex,row,all,2021,config_hvac_res_019,0.00000
BC,all,all,res,ex,row,all,2021,config_hvac_res_020,0.00000
BC,all,all,res,ex,row,all,2021,config_hvac_res_021,0.00000
BC,all,all,res,ex,row,all,2021,config_hvac_res_022,0.00000
BC,all,all,res,ex,row,all,2021,config_hvac_res_023,0.00000
BC,all,all,res,ex,apt,all,2021,config_hvac_res_001,0.01229
BC,all,all,res,ex,apt,all,2021,config_hvac_res_002,0.21230
BC,all,all,res,ex,apt,all,2021,config_hvac_res_003,0.24764
BC,all,all,res,ex,apt,all,2021,config_hvac_res_004,0.36620
BC,all,all,res,ex,apt,all,2021,config_hvac_res_005,0.00615
BC,all,all,res,ex,apt,all,2021,config_hvac_res_006,0.01515
BC,all,all,res,ex,apt,all,2021,config_hvac_res_007,0.00171
BC,all,all,res,ex,apt,all,2021,config_hvac_res_008,0.02945
BC,all,all,res,ex,apt,all,2021,config_hvac_res_009,0.03436
BC,all,all,res,ex,apt,all,2021,config_hvac_res_010,0.05080
BC,all,all,res,ex,apt,all,2021,config_hvac_res_011,0.00085
BC,all,all,res,ex,apt,all,2021,config_hvac_res_012,0.00210
BC,all,all,res,ex,apt,all,2021,config_hvac_res_013,0.00000
BC,all,all,res,ex,apt,all,2021,config_hvac_res_014,0.00002
BC,all,all,res,ex,apt,all,2021,config_hvac_res_015,0.01197
BC,all,all,res,ex,apt,all,2021,config_hvac_res_016,0.00743
BC,all,all,res,ex,apt,all,2021,config_hvac_res_017,0.00017
BC,all,all,res,ex,apt,all,2021,config_hvac_res_018,0.00141
BC,all,all,res,ex,apt,all,2021,config_hvac_res_019,0.00000
BC,all,all,res,ex,apt,all,2021,config_hvac_res_020,0.00000
BC,all,all,res,ex,apt,all,2021,config_hvac_res_021,0.00000
BC,all,all,res,ex,apt,all,2021,config_hvac_res_022,0.00000
BC,all,all,res,ex,apt,all,2021,config_hvac_res_023,0.00000
BC,all,all,res,ex,mob,all,2021,config_hvac_res_001,0.00636
BC,all,all,res,ex,mob,all,2021,config_hvac_res_002,0.15849
BC,all,all,res,ex,mob,all,2021,config_hvac_res_003,0.00000
BC,all,all,res,ex,mob,all,2021,config_hvac_res_004,0.10114
BC,all,all,res,ex,mob,all,2021,config_hvac_res_005,0.00182
BC,all,all,res,ex,mob,all,2021,config_hvac_res_006,0.01170
BC,all,all,res,ex,mob,all,2021,config_hvac_res_007,0.01464
BC,all,all,res,ex,mob,all,2021,config_hvac_res_008,0.36488
BC,all,all,res,ex,mob,all,2021,config_hvac_res_009,0.00000
BC,all,all,res,ex,mob,all,2021,config_hvac_res_010,0.23286
BC,all,all,res,ex,mob,all,2021,config_hvac_res_011,0.00418
BC,all,all,res,ex,mob,all,2021,config_hvac_res_012,0.02693
BC,all,all,res,ex,mob,all,2021,config_hvac_res_013,0.00000
BC,all,all,res,ex,mob,all,2021,config_hvac_res_014,0.00006
BC,all,all,res,ex,mob,all,2021,config_hvac_res_015,0.04388
BC,all,all,res,ex,mob,all,2021,config_hvac_res_016,0.02723
BC,all,all,res,ex,mob,all,2021,config_hvac_res_017,0.00063
BC,all,all,res,ex,mob,all,2021,config_hvac_res_018,0.00518
BC,all,all,res,ex,mob,all,2021,config_hvac_res_019,0.00000
BC,all,all,res,ex,mob,all,2021,config_hvac_res_020,0.00000
BC,all,all,res,ex,mob,all,2021,config_hvac_res_021,0.00000
BC,all,all,res,ex,mob,all,2021,config_hvac_res_022,0.00000
BC,all,all,res,ex,mob,all,2021,config_hvac_res_023,0.00000
MB,all,all,res,ex,sfd,all,2021,config_hvac_res_001,0.00000
MB,all,all,res,ex,sfd,all,2021,config_hvac_res_002,0.00000
MB,all,all,res,ex,sfd,all,2021,config_hvac_res_003,0.00000
MB,all,all,res,ex,sfd,all,2021,config_hvac_res_004,0.00000
MB,all,all,res,ex,sfd,all,2021,config_hvac_res_005,0.00000
MB,all,all,res,ex,sfd,all,2021,config_hvac_res_006,0.00000
MB,all,all,res,ex,sfd,all,2021,config_hvac_res_007,0.00800
MB,all,all,res,ex,sfd,all,2021,config_hvac_res_008,0.09100
MB,all,all,res,ex,sfd,all,2021,config_hvac_res_009,0.41500
MB,all,all,res,ex,sfd,all,2021,config_hvac_res_010,0.39800
MB,all,all,res,ex,sfd,all,2021,config_hvac_res_011,0.00400
MB,all,all,res,ex,sfd,all,2021,config_hvac_res_012,0.04200
MB,all,all,res,ex,sfd,all,2021,config_hvac_res_013,0.00000
MB,all,all,res,ex,sfd,all,2021,config_hvac_res_014,0.00025
MB,all,all,res,ex,sfd,all,2021,config_hvac_res_015,0.02164
MB,all,all,res,ex,sfd,all,2021,config_hvac_res_016,0.01705
MB,all,all,res,ex,sfd,all,2021,config_hvac_res_017,0.00042
MB,all,all,res,ex,sfd,all,2021,config_hvac_res_018,0.00265
MB,all,all,res,ex,sfd,all,2021,config_hvac_res_019,0.00000
MB,all,all,res,ex,sfd,all,2021,config_hvac_res_020,0.00000
MB,all,all,res,ex,sfd,all,2021,config_hvac_res_021,0.00000
MB,all,all,res,ex,sfd,all,2021,config_hvac_res_022,0.00000
MB,all,all,res,ex,sfd,all,2021,config_hvac_res_023,0.00000
MB,all,all,res,ex,row,all,2021,config_hvac_res_001,0.00223
MB,all,all,res,ex,row,all,2021,config_hvac_res_002,0.03258
MB,all,all,res,ex,row,all,2021,config_hvac_res_003,0.19729
MB,all,all,res,ex,row,all,2021,config_hvac_res_004,0.19127
MB,all,all,res,ex,row,all,2021,config_hvac_res_005,0.00179
MB,all,all,res,ex,row,all,2021,config_hvac_res_006,0.00201
MB,all,all,res,ex,row,all,2021,config_hvac_res_007,0.00277
MB,all,all,res,ex,row,all,2021,config_hvac_res_008,0.04042
MB,all,all,res,ex,row,all,2021,config_hvac_res_009,0.24471
MB,all,all,res,ex,row,all,2021,config_hvac_res_010,0.23723
MB,all,all,res,ex,row,all,2021,config_hvac_res_011,0.00221
MB,all,all,res,ex,row,all,2021,config_hvac_res_012,0.00249
MB,all,all,res,ex,row,all,2021,config_hvac_res_013,0.00000
MB,all,all,res,ex,row,all,2021,config_hvac_res_014,0.00025
MB,all,all,res,ex,row,all,2021,config_hvac_res_015,0.02215
MB,all,all,res,ex,row,all,2021,config_hvac_res_016,0.01745
MB,all,all,res,ex,row,all,2021,config_hvac_res_017,0.00043
MB,all,all,res,ex,row,all,2021,config_hvac_res_018,0.00272
MB,all,all,res,ex,row,all,2021,config_hvac_res_019,0.00000
MB,all,all,res,ex,row,all,2021,config_hvac_res_020,0.00000
MB,all,all,res,ex,row,all,2021,config_hvac_res_021,0.00000
MB,all,all,res,ex,row,all,2021,config_hvac_res_022,0.00000
MB,all,all,res,ex,row,all,2021,config_hvac_res_023,0.00000
MB,all,all,res,ex,apt,all,2021,config_hvac_res_001,0.00504
MB,all,all,res,ex,apt,all,2021,config_hvac_res_002,0.05294
MB,all,all,res,ex,apt,all,2021,config_hvac_res_003,0.27541
MB,all,all,res,ex,apt,all,2021,config_hvac_res_004,0.27635
MB,all,all,res,ex,apt,all,2021,config_hvac_res_005,0.00252
MB,all,all,res,ex,apt,all,2021,config_hvac_res_006,0.00284
MB,all,all,res,ex,apt,all,2021,config_hvac_res_007,0.00296
MB,all,all,res,ex,apt,all,2021,config_hvac_res_008,0.03106
MB,all,all,res,ex,apt,all,2021,config_hvac_res_009,0.16159
MB,all,all,res,ex,apt,all,2021,config_hvac_res_010,0.16215
MB,all,all,res,ex,apt,all,2021,config_hvac_res_011,0.00148
MB,all,all,res,ex,apt,all,2021,config_hvac_res_012,0.00166
MB,all,all,res,ex,apt,all,2021,config_hvac_res_013,0.00000
MB,all,all,res,ex,apt,all,2021,config_hvac_res_014,0.00014
MB,all,all,res,ex,apt,all,2021,config_hvac_res_015,0.01236
MB,all,all,res,ex,apt,all,2021,config_hvac_res_016,0.00974
MB,all,all,res,ex,apt,all,2021,config_hvac_res_017,0.00024
MB,all,all,res,ex,apt,all,2021,config_hvac_res_018,0.00152
MB,all,all,res,ex,apt,all,2021,config_hvac_res_019,0.00000
MB,all,all,res,ex,apt,all,2021,config_hvac_res_020,0.00000
MB,all,all,res,ex,apt,all,2021,config_hvac_res_021,0.00000
MB,all,all,res,ex,apt,all,2021,config_hvac_res_022,0.00000
MB,all,all,res,ex,apt,all,2021,config_hvac_res_023,0.00000
MB,all,all,res,ex,mob,all,2021,config_hvac_res_001,0.00568
MB,all,all,res,ex,mob,all,2021,config_hvac_res_002,0.19337
MB,all,all,res,ex,mob,all,2021,config_hvac_res_003,0.00000
MB,all,all,res,ex,mob,all,2021,config_hvac_res_004,0.14077
MB,all,all,res,ex,mob,all,2021,config_hvac_res_005,0.00114
MB,all,all,res,ex,mob,all,2021,config_hvac_res_006,0.03746
MB,all,all,res,ex,mob,all,2021,config_hvac_res_007,0.00932
MB,all,all,res,ex,mob,all,2021,config_hvac_res_008,0.31763
MB,all,all,res,ex,mob,all,2021,config_hvac_res_009,0.00000
MB,all,all,res,ex,mob,all,2021,config_hvac_res_010,0.23123
MB,all,all,res,ex,mob,all,2021,config_hvac_res_011,0.00186
MB,all,all,res,ex,mob,all,2021,config_hvac_res_012,0.06154
MB,all,all,res,ex,mob,all,2021,config_hvac_res_013,0.00000
MB,all,all,res,ex,mob,all,2021,config_hvac_res_014,0.00000
MB,all,all,res,ex,mob,all,2021,config_hvac_res_015,0.00000
MB,all,all,res,ex,mob,all,2021,config_hvac_res_016,0.00000
MB,all,all,res,ex,mob,all,2021,config_hvac_res_017,0.00000
MB,all,all,res,ex,mob,all,2021,config_hvac_res_018,0.00000
MB,all,all,res,ex,mob,all,2021,config_hvac_res_019,0.00000
MB,all,all,res,ex,mob,all,2021,config_hvac_res_020,0.00000
MB,all,all,res,ex,mob,all,2021,config_hvac_res_021,0.00000
MB,all,all,res,ex,mob,all,2021,config_hvac_res_022,0.00000
MB,all,all,res,ex,mob,all,2021,config_hvac_res_023,0.00000
NB,all,all,res,ex,sfd,all,2021,config_hvac_res_001,0.11122
NB,all,all,res,ex,sfd,all,2021,config_hvac_res_002,0.00101
NB,all,all,res,ex,sfd,all,2021,config_hvac_res_003,0.01408
NB,all,all,res,ex,sfd,all,2021,config_hvac_res_004,0.29559
NB,all,all,res,ex,sfd,all,2021,config_hvac_res_005,0.00553
NB,all,all,res,ex,sfd,all,2021,config_hvac_res_006,0.05288
NB,all,all,res,ex,sfd,all,2021,config_hvac_res_007,0.10992
NB,all,all,res,ex,sfd,all,2021,config_hvac_res_008,0.00099
NB,all,all,res,ex,sfd,all,2021,config_hvac_res_009,0.01392
NB,all,all,res,ex,sfd,all,2021,config_hvac_res_010,0.29213
NB,all,all,res,ex,sfd,all,2021,config_hvac_res_011,0.00547
NB,all,all,res,ex,sfd,all,2021,config_hvac_res_012,0.05226
NB,all,all,res,ex,sfd,all,2021,config_hvac_res_013,0.00000
NB,all,all,res,ex,sfd,all,2021,config_hvac_res_014,0.01019
NB,all,all,res,ex,sfd,all,2021,config_hvac_res_015,0.00106
NB,all,all,res,ex,sfd,all,2021,config_hvac_res_016,0.02492
NB,all,all,res,ex,sfd,all,2021,config_hvac_res_017,0.00058
NB,all,all,res,ex,sfd,all,2021,config_hvac_res_018,0.00825
NB,all,all,res,ex,sfd,all,2021,config_hvac_res_019,0.00000
NB,all,all,res,ex,sfd,all,2021,config_hvac_res_020,0.00000
NB,all,all,res,ex,sfd,all,2021,config_hvac_res_021,0.00000
NB,all,all,res,ex,sfd,all,2021,config_hvac_res_022,0.00000
NB,all,all,res,ex,sfd,all,2021,config_hvac_res_023,0.00000
NB,all,all,res,ex,row,all,2021,config_hvac_res_001,0.04369
NB,all,all,res,ex,row,all,2021,config_hvac_res_002,0.00071
NB,all,all,res,ex,row,all,2021,config_hvac_res_003,0.01104
NB,all,all,res,ex,row,all,2021,config_hvac_res_004,0.24076
NB,all,all,res,ex,row,all,2021,config_hvac_res_005,0.00427
NB,all,all,res,ex,row,all,2021,config_hvac_res_006,0.03723
NB,all,all,res,ex,row,all,2021,config_hvac_res_007,0.07896
NB,all,all,res,ex,row,all,2021,config_hvac_res_008,0.00129
NB,all,all,res,ex,row,all,2021,config_hvac_res_009,0.01996
NB,all,all,res,ex,row,all,2021,config_hvac_res_010,0.43509
NB,all,all,res,ex,row,all,2021,config_hvac_res_011,0.00773
NB,all,all,res,ex,row,all,2021,config_hvac_res_012,0.06728
NB,all,all,res,ex,row,all,2021,config_hvac_res_013,0.00000
NB,all,all,res,ex,row,all,2021,config_hvac_res_014,0.01177
NB,all,all,res,ex,row,all,2021,config_hvac_res_015,0.00123
NB,all,all,res,ex,row,all,2021,config_hvac_res_016,0.02880
NB,all,all,res,ex,row,all,2021,config_hvac_res_017,0.00067
NB,all,all,res,ex,row,all,2021,config_hvac_res_018,0.00954
NB,all,all,res,ex,row,all,2021,config_hvac_res_019,0.00000
NB,all,all,res,ex,row,all,2021,config_hvac_res_020,0.00000
NB,all,all,res,ex,row,all,2021,config_hvac_res_021,0.00000
NB,all,all,res,ex,row,all,2021,config_hvac_res_022,0.00000
NB,all,all,res,ex,row,all,2021,config_hvac_res_023,0.00000
NB,all,all,res,ex,apt,all,2021,config_hvac_res_001,0.06362
NB,all,all,res,ex,apt,all,2021,config_hvac_res_002,0.00183
NB,all,all,res,ex,apt,all,2021,config_hvac_res_003,0.01896
NB,all,all,res,ex,apt,all,2021,config_hvac_res_004,0.44084
NB,all,all,res,ex,apt,all,2021,config_hvac_res_005,0.00734
NB,all,all,res,ex,apt,all,2021,config_hvac_res_006,0.06554
NB,all,all,res,ex,apt,all,2021,config_hvac_res_007,0.04040
NB,all,all,res,ex,apt,all,2021,config_hvac_res_008,0.00117
NB,all,all,res,ex,apt,all,2021,config_hvac_res_009,0.01204
NB,all,all,res,ex,apt,all,2021,config_hvac_res_010,0.27997
NB,all,all,res,ex,apt,all,2021,config_hvac_res_011,0.00466
NB,all,all,res,ex,apt,all,2021,config_hvac_res_012,0.04162
NB,all,all,res,ex,apt,all,2021,config_hvac_res_013,0.00000
NB,all,all,res,ex,apt,all,2021,config_hvac_res_014,0.00498
NB,all,all,res,ex,apt,all,2021,config_hvac_res_015,0.00052
NB,all,all,res,ex,apt,all,2021,config_hvac_res_016,0.01218
NB,all,all,res,ex,apt,all,2021,config_hvac_res_017,0.00028
NB,all,all,res,ex,apt,all,2021,config_hvac_res_018,0.00403
NB,all,all,res,ex,apt,all,2021,config_hvac_res_019,0.00000
NB,all,all,res,ex,apt,all,2021,config_hvac_res_020,0.00000
NB,all,all,res,ex,apt,all,2021,config_hvac_res_021,0.00000
NB,all,all,res,ex,apt,all,2021,config_hvac_res_022,0.00000
NB,all,all,res,ex,apt,all,2021,config_hvac_res_023,0.00000
NB,all,all,res,ex,mob,all,2021,config_hvac_res_001,0.02214
NB,all,all,res,ex,mob,all,2021,config_hvac_res_002,0.00420
NB,all,all,res,ex,mob,all,2021,config_hvac_res_003,0.00000
NB,all,all,res,ex,mob,all,2021,config_hvac_res_004,0.09034
NB,all,all,res,ex,mob,all,2021,config_hvac_res_005,0.00157
NB,all,all,res,ex,mob,all,2021,config_hvac_res_006,0.01298
NB,all,all,res,ex,mob,all,2021,config_hvac_res_007,0.14655
NB,all,all,res,ex,mob,all,2021,config_hvac_res_008,0.02780
NB,all,all,res,ex,mob,all,2021,config_hvac_res_009,0.00000
NB,all,all,res,ex,mob,all,2021,config_hvac_res_010,0.59805
NB,all,all,res,ex,mob,all,2021,config_hvac_res_011,0.01043
NB,all,all,res,ex,mob,all,2021,config_hvac_res_012,0.08594
NB,all,all,res,ex,mob,all,2021,config_hvac_res_013,0.00000
NB,all,all,res,ex,mob,all,2021,config_hvac_res_014,0.00000
NB,all,all,res,ex,mob,all,2021,config_hvac_res_015,0.00000
NB,all,all,res,ex,mob,all,2021,config_hvac_res_016,0.00000
NB,all,all,res,ex,mob,all,2021,config_hvac_res_017,0.00000
NB,all,all,res,ex,mob,all,2021,config_hvac_res_018,0.00000
NB,all,all,res,ex,mob,all,2021,config_hvac_res_019,0.00000
NB,all,all,res,ex,mob,all,2021,config_hvac_res_020,0.00000
NB,all,all,res,ex,mob,all,2021,config_hvac_res_021,0.00000
NB,all,all,res,ex,mob,all,2021,config_hvac_res_022,0.00000
NB,all,all,res,ex,mob,all,2021,config_hvac_res_023,0.00000
NL,all,all,res,ex,sfd,all,2021,config_hvac_res_001,0.15084
NL,all,all,res,ex,sfd,all,2021,config_hvac_res_002,0.00163
NL,all,all,res,ex,sfd,all,2021,config_hvac_res_003,0.01141
NL,all,all,res,ex,sfd,all,2021,config_hvac_res_004,0.53650
NL,all,all,res,ex,sfd,all,2021,config_hvac_res_005,0.00245
NL,all,all,res,ex,sfd,all,2021,config_hvac_res_006,0.10029
NL,all,all,res,ex,sfd,all,2021,config_hvac_res_007,0.03416
NL,all,all,res,ex,sfd,all,2021,config_hvac_res_008,0.00037
NL,all,all,res,ex,sfd,all,2021,config_hvac_res_009,0.00259
NL,all,all,res,ex,sfd,all,2021,config_hvac_res_010,0.12150
NL,all,all,res,ex,sfd,all,2021,config_hvac_res_011,0.00055
NL,all,all,res,ex,sfd,all,2021,config_hvac_res_012,0.02271
NL,all,all,res,ex,sfd,all,2021,config_hvac_res_013,0.00000
NL,all,all,res,ex,sfd,all,2021,config_hvac_res_014,0.00306
NL,all,all,res,ex,sfd,all,2021,config_hvac_res_015,0.00000
NL,all,all,res,ex,sfd,all,2021,config_hvac_res_016,0.00881
NL,all,all,res,ex,sfd,all,2021,config_hvac_res_017,0.00015
NL,all,all,res,ex,sfd,all,2021,config_hvac_res_018,0.00297
NL,all,all,res,ex,sfd,all,2021,config_hvac_res_019,0.00000
NL,all,all,res,ex,sfd,all,2021,config_hvac_res_020,0.00000
NL,all,all,res,ex,sfd,all,2021,config_hvac_res_021,0.00000
NL,all,all,res,ex,sfd,all,2021,config_hvac_res_022,0.00000
NL,all,all,res,ex,sfd,all,2021,config_hvac_res_023,0.00000
NL,all,all,res,ex,row,all,2021,config_hvac_res_001,0.21000
NL,all,all,res,ex,row,all,2021,config_hvac_res_002,0.00200
NL,all,all,res,ex,row,all,2021,config_hvac_res_003,0.01400
NL,all,all,res,ex,row,all,2021,config_hvac_res_004,0.69400
NL,all,all,res,ex,row,all,2021,config_hvac_res_005,0.00300
NL,all,all,res,ex,row,all,2021,config_hvac_res_006,0.07700
NL,all,all,res,ex,row,all,2021,config_hvac_res_007,0.00000
NL,all,all,res,ex,row,all,2021,config_hvac_res_008,0.00000
NL,all,all,res,ex,row,all,2021,config_hvac_res_009,0.00000
NL,all,all,res,ex,row,all,2021,config_hvac_res_010,0.00000
NL,all,all,res,ex,row,all,2021,config_hvac_res_011,0.00000
NL,all,all,res,ex,row,all,2021,config_hvac_res_012,0.00000
NL,all,all,res,ex,row,all,2021,config_hvac_res_013,0.00000
NL,all,all,res,ex,row,all,2021,config_hvac_res_014,0.00000
NL,all,all,res,ex,row,all,2021,config_hvac_res_015,0.00000
NL,all,all,res,ex,row,all,2021,config_hvac_res_016,0.00000
NL,all,all,res,ex,row,all,2021,config_hvac_res_017,0.00000
NL,all,all,res,ex,row,all,2021,config_hvac_res_018,0.00000
NL,all,all,res,ex,row,all,2021,config_hvac_res_019,0.00000
NL,all,all,res,ex,row,all,2021,config_hvac_res_020,0.00000
NL,all,all,res,ex,row,all,2021,config_hvac_res_021,0.00000
NL,all,all,res,ex,row,all,2021,config_hvac_res_022,0.00000
NL,all,all,res,ex,row,all,2021,config_hvac_res_023,0.00000
NL,all,all,res,ex,apt,all,2021,config_hvac_res_001,0.14752
NL,all,all,res,ex,apt,all,2021,config_hvac_res_002,0.00249
NL,all,all,res,ex,apt,all,2021,config_hvac_res_003,0.01243
NL,all,all,res,ex,apt,all,2021,config_hvac_res_004,0.58926
NL,all,all,res,ex,apt,all,2021,config_hvac_res_005,0.00332
NL,all,all,res,ex,apt,all,2021,config_hvac_res_006,0.06382
NL,all,all,res,ex,apt,all,2021,config_hvac_res_007,0.03048
NL,all,all,res,ex,apt,all,2021,config_hvac_res_008,0.00051
NL,all,all,res,ex,apt,all,2021,config_hvac_res_009,0.00257
NL,all,all,res,ex,apt,all,2021,config_hvac_res_010,0.12174
NL,all,all,res,ex,apt,all,2021,config_hvac_res_011,0.00068
NL,all,all,res,ex,apt,all,2021,config_hvac_res_012,0.01318
NL,all,all,res,ex,apt,all,2021,config_hvac_res_013,0.00000
NL,all,all,res,ex,apt,all,2021,config_hvac_res_014,0.00245
NL,all,all,res,ex,apt,all,2021,config_hvac_res_015,0.00000
NL,all,all,res,ex,apt,all,2021,config_hvac_res_016,0.00705
NL,all,all,res,ex,apt,all,2021,config_hvac_res_017,0.00012
NL,all,all,res,ex,apt,all,2021,config_hvac_res_018,0.00238
NL,all,all,res,ex,apt,all,2021,config_hvac_res_019,0.00000
NL,all,all,res,ex,apt,all,2021,config_hvac_res_020,0.00000
NL,all,all,res,ex,apt,all,2021,config_hvac_res_021,0.00000
NL,all,all,res,ex,apt,all,2021,config_hvac_res_022,0.00000
NL,all,all,res,ex,apt,all,2021,config_hvac_res_023,0.00000
NL,all,all,res,ex,mob,all,2021,config_hvac_res_001,0.15972
NL,all,all,res,ex,mob,all,2021,config_hvac_res_002,0.01409
NL,all,all,res,ex,mob,all,2021,config_hvac_res_003,0.00000
NL,all,all,res,ex,mob,all,2021,config_hvac_res_004,0.58721
NL,all,all,res,ex,mob,all,2021,config_hvac_res_005,0.00282
NL,all,all,res,ex,mob,all,2021,config_hvac_res_006,0.17006
NL,all,all,res,ex,mob,all,2021,config_hvac_res_007,0.01028
NL,all,all,res,ex,mob,all,2021,config_hvac_res_008,0.00091
NL,all,all,res,ex,mob,all,2021,config_hvac_res_009,0.00000
NL,all,all,res,ex,mob,all,2021,config_hvac_res_010,0.03779
NL,all,all,res,ex,mob,all,2021,config_hvac_res_011,0.00018
NL,all,all,res,ex,mob,all,2021,config_hvac_res_012,0.01094
NL,all,all,res,ex,mob,all,2021,config_hvac_res_013,0.00000
NL,all,all,res,ex,mob,all,2021,config_hvac_res_014,0.00122
NL,all,all,res,ex,mob,all,2021,config_hvac_res_015,0.00000
NL,all,all,res,ex,mob,all,2021,config_hvac_res_016,0.00352
NL,all,all,res,ex,mob,all,2021,config_hvac_res_017,0.00006
NL,all,all,res,ex,mob,all,2021,config_hvac_res_018,0.00119
NL,all,all,res,ex,mob,all,2021,config_hvac_res_019,0.00000
NL,all,all,res,ex,mob,all,2021,config_hvac_res_020,0.00000
NL,all,all,res,ex,mob,all,2021,config_hvac_res_021,0.00000
NL,all,all,res,ex,mob,all,2021,config_hvac_res_022,0.00000
NL,all,all,res,ex,mob,all,2021,config_hvac_res_023,0.00000
NS,all,all,res,ex,sfd,all,2021,config_hvac_res_001,0.29074
NS,all,all,res,ex,sfd,all,2021,config_hvac_res_002,0.00131
NS,all,all,res,ex,sfd,all,2021,config_hvac_res_003,0.00783
NS,all,all,res,ex,sfd,all,2021,config_hvac_res_004,0.20366
NS,all,all,res,ex,sfd,all,2021,config_hvac_res_005,0.01371
NS,all,all,res,ex,sfd,all,2021,config_hvac_res_006,0.09504
NS,all,all,res,ex,sfd,all,2021,config_hvac_res_007,0.15466
NS,all,all,res,ex,sfd,all,2021,config_hvac_res_008,0.00069
NS,all,all,res,ex,sfd,all,2021,config_hvac_res_009,0.00417
NS,all,all,res,ex,sfd,all,2021,config_hvac_res_010,0.10834
NS,all,all,res,ex,sfd,all,2021,config_hvac_res_011,0.00729
NS,all,all,res,ex,sfd,all,2021,config_hvac_res_012,0.05056
NS,all,all,res,ex,sfd,all,2021,config_hvac_res_013,0.00000
NS,all,all,res,ex,sfd,all,2021,config_hvac_res_014,0.02780
NS,all,all,res,ex,sfd,all,2021,config_hvac_res_015,0.00060
NS,all,all,res,ex,sfd,all,2021,config_hvac_res_016,0.01971
NS,all,all,res,ex,sfd,all,2021,config_hvac_res_017,0.00131
NS,all,all,res,ex,sfd,all,2021,config_hvac_res_018,0.01259
NS,all,all,res,ex,sfd,all,2021,config_hvac_res_019,0.00000
NS,all,all,res,ex,sfd,all,2021,config_hvac_res_020,0.00000
NS,all,all,res,ex,sfd,all,2021,config_hvac_res_021,0.00000
NS,all,all,res,ex,sfd,all,2021,config_hvac_res_022,0.00000
NS,all,all,res,ex,sfd,all,2021,config_hvac_res_023,0.00000
NS,all,all,res,ex,row,all,2021,config_hvac_res_001,0.32932
NS,all,all,res,ex,row,all,2021,config_hvac_res_002,0.00150
NS,all,all,res,ex,row,all,2021,config_hvac_res_003,0.01053
NS,all,all,res,ex,row,all,2021,config_hvac_res_004,0.28659
NS,all,all,res,ex,row,all,2021,config_hvac_res_005,0.01805
NS,all,all,res,ex,row,all,2021,config_hvac_res_006,0.05205
NS,all,all,res,ex,row,all,2021,config_hvac_res_007,0.10848
NS,all,all,res,ex,row,all,2021,config_hvac_res_008,0.00050
NS,all,all,res,ex,row,all,2021,config_hvac_res_009,0.00347
NS,all,all,res,ex,row,all,2021,config_hvac_res_010,0.09441
NS,all,all,res,ex,row,all,2021,config_hvac_res_011,0.00595
NS,all,all,res,ex,row,all,2021,config_hvac_res_012,0.01715
NS,all,all,res,ex,row,all,2021,config_hvac_res_013,0.00000
NS,all,all,res,ex,row,all,2021,config_hvac_res_014,0.03228
NS,all,all,res,ex,row,all,2021,config_hvac_res_015,0.00069
NS,all,all,res,ex,row,all,2021,config_hvac_res_016,0.02289
NS,all,all,res,ex,row,all,2021,config_hvac_res_017,0.00152
NS,all,all,res,ex,row,all,2021,config_hvac_res_018,0.01462
NS,all,all,res,ex,row,all,2021,config_hvac_res_019,0.00000
NS,all,all,res,ex,row,all,2021,config_hvac_res_020,0.00000
NS,all,all,res,ex,row,all,2021,config_hvac_res_021,0.00000
NS,all,all,res,ex,row,all,2021,config_hvac_res_022,0.00000
NS,all,all,res,ex,row,all,2021,config_hvac_res_023,0.00000
NS,all,all,res,ex,apt,all,2021,config_hvac_res_001,0.31853
NS,all,all,res,ex,apt,all,2021,config_hvac_res_002,0.00141
NS,all,all,res,ex,apt,all,2021,config_hvac_res_003,0.01019
NS,all,all,res,ex,apt,all,2021,config_hvac_res_004,0.29520
NS,all,all,res,ex,apt,all,2021,config_hvac_res_005,0.01757
NS,all,all,res,ex,apt,all,2021,config_hvac_res_006,0.04800
NS,all,all,res,ex,apt,all,2021,config_hvac_res_007,0.13467
NS,all,all,res,ex,apt,all,2021,config_hvac_res_008,0.00059
NS,all,all,res,ex,apt,all,2021,config_hvac_res_009,0.00431
NS,all,all,res,ex,apt,all,2021,config_hvac_res_010,0.12480
NS,all,all,res,ex,apt,all,2021,config_hvac_res_011,0.00743
NS,all,all,res,ex,apt,all,2021,config_hvac_res_012,0.02030
NS,all,all,res,ex,apt,all,2021,config_hvac_res_013,0.00000
NS,all,all,res,ex,apt,all,2021,config_hvac_res_014,0.00762
NS,all,all,res,ex,apt,all,2021,config_hvac_res_015,0.00016
NS,all,all,res,ex,apt,all,2021,config_hvac_res_016,0.00540
NS,all,all,res,ex,apt,all,2021,config_hvac_res_017,0.00036
NS,all,all,res,ex,apt,all,2021,config_hvac_res_018,0.00345
NS,all,all,res,ex,apt,all,2021,config_hvac_res_019,0.00000
NS,all,all,res,ex,apt,all,2021,config_hvac_res_020,0.00000
NS,all,all,res,ex,apt,all,2021,config_hvac_res_021,0.00000
NS,all,all,res,ex,apt,all,2021,config_hvac_res_022,0.00000
NS,all,all,res,ex,apt,all,2021,config_hvac_res_023,0.00000
NS,all,all,res,ex,mob,all,2021,config_hvac_res_001,0.24745
NS,all,all,res,ex,mob,all,2021,config_hvac_res_002,0.01684
NS,all,all,res,ex,mob,all,2021,config_hvac_res_003,0.00000
NS,all,all,res,ex,mob,all,2021,config_hvac_res_004,0.22431
NS,all,all,res,ex,mob,all,2021,config_hvac_res_005,0.01358
NS,all,all,res,ex,mob,all,2021,config_hvac_res_006,0.03987
NS,all,all,res,ex,mob,all,2021,config_hvac_res_007,0.20815
NS,all,all,res,ex,mob,all,2021,config_hvac_res_008,0.01416
NS,all,all,res,ex,mob,all,2021,config_hvac_res_009,0.00000
NS,all,all,res,ex,mob,all,2021,config_hvac_res_010,0.18869
NS,all,all,res,ex,mob,all,2021,config_hvac_res_011,0.01142
NS,all,all,res,ex,mob,all,2021,config_hvac_res_012,0.03353
NS,all,all,res,ex,mob,all,2021,config_hvac_res_013,0.00000
NS,all,all,res,ex,mob,all,2021,config_hvac_res_014,0.00090
NS,all,all,res,ex,mob,all,2021,config_hvac_res_015,0.00002
NS,all,all,res,ex,mob,all,2021,config_hvac_res_016,0.00064
NS,all,all,res,ex,mob,all,2021,config_hvac_res_017,0.00004
NS,all,all,res,ex,mob,all,2021,config_hvac_res_018,0.00041
NS,all,all,res,ex,mob,all,2021,config_hvac_res_019,0.00000
NS,all,all,res,ex,mob,all,2021,config_hvac_res_020,0.00000
NS,all,all,res,ex,mob,all,2021,config_hvac_res_021,0.00000
NS,all,all,res,ex,mob,all,2021,config_hvac_res_022,0.00000
NS,all,all,res,ex,mob,all,2021,config_hvac_res_023,0.00000
ON,all,all,res,ex,sfd,all,2021,config_hvac_res_001,0.00258
ON,all,all,res,ex,sfd,all,2021,config_hvac_res_002,0.01775
ON,all,all,res,ex,sfd,all,2021,config_hvac_res_003,0.05819
ON,all,all,res,ex,sfd,all,2021,config_hvac_res_004,0.01415
ON,all,all,res,ex,sfd,all,2021,config_hvac_res_005,0.00371
ON,all,all,res,ex,sfd,all,2021,config_hvac_res_006,0.00404
ON,all,all,res,ex,sfd,all,2021,config_hvac_res_007,0.02042
ON,all,all,res,ex,sfd,all,2021,config_hvac_res_008,0.14025
ON,all,all,res,ex,sfd,all,2021,config_hvac_res_009,0.45981
ON,all,all,res,ex,sfd,all,2021,config_hvac_res_010,0.11185
ON,all,all,res,ex,sfd,all,2021,config_hvac_res_011,0.02929
ON,all,all,res,ex,sfd,all,2021,config_hvac_res_012,0.03196
ON,all,all,res,ex,sfd,all,2021,config_hvac_res_013,0.00000
ON,all,all,res,ex,sfd,all,2021,config_hvac_res_014,0.00251
ON,all,all,res,ex,sfd,all,2021,config_hvac_res_015,0.07637
ON,all,all,res,ex,sfd,all,2021,config_hvac_res_016,0.01799
ON,all,all,res,ex,sfd,all,2021,config_hvac_res_017,0.00317
ON,all,all,res,ex,sfd,all,2021,config_hvac_res_018,0.00596
ON,all,all,res,ex,sfd,all,2021,config_hvac_res_019,0.00000
ON,all,all,res,ex,sfd,all,2021,config_hvac_res_020,0.00000
ON,all,all,res,ex,sfd,all,2021,config_hvac_res_021,0.00000
ON,all,all,res,ex,sfd,all,2021,config_hvac_res_022,0.00000
ON,all,all,res,ex,sfd,all,2021,config_hvac_res_023,0.00000
ON,all,all,res,ex,row,all,2021,config_hvac_res_001,0.00618
ON,all,all,res,ex,row,all,2021,config_hvac_res_002,0.03361
ON,all,all,res,ex,row,all,2021,config_hvac_res_003,0.14758
ON,all,all,res,ex,row,all,2021,config_hvac_res_004,0.04790
ON,all,all,res,ex,row,all,2021,config_hvac_res_005,0.00927
ON,all,all,res,ex,row,all,2021,config_hvac_res_006,0.00167
ON,all,all,res,ex,row,all,2021,config_hvac_res_007,0.01782
ON,all,all,res,ex,row,all,2021,config_hvac_res_008,0.09689
ON,all,all,res,ex,row,all,2021,config_hvac_res_009,0.42542
ON,all,all,res,ex,row,all,2021,config_hvac_res_010,0.13810
ON,all,all,res,ex,row,all,2021,config_hvac_res_011,0.02673
ON,all,all,res,ex,row,all,2021,config_hvac_res_012,0.00483
ON,all,all,res,ex,row,all,2021,config_hvac_res_013,0.00000
ON,all,all,res,ex,row,all,2021,config_hvac_res_014,0.00104
ON,all,all,res,ex,row,all,2021,config_hvac_res_015,0.03170
ON,all,all,res,ex,row,all,2021,config_hvac_res_016,0.00747
ON,all,all,res,ex,row,all,2021,config_hvac_res_017,0.00132
ON,all,all,res,ex,row,all,2021,config_hvac_res_018,0.00247
ON,all,all,res,ex,row,all,2021,config_hvac_res_019,0.00000
ON,all,all,res,ex,row,all,2021,config_hvac_res_020,0.00000
ON,all,all,res,ex,row,all,2021,config_hvac_res_021,0.00000
ON,all,all,res,ex,row,all,2021,config_hvac_res_022,0.00000
ON,all,all,res,ex,row,all,2021,config_hvac_res_023,0.00000
ON,all,all,res,ex,apt,all,2021,config_hvac_res_001,0.01346
ON,all,all,res,ex,apt,all,2021,config_hvac_res_002,0.07585
ON,all,all,res,ex,apt,all,2021,config_hvac_res_003,0.36271
ON,all,all,res,ex,apt,all,2021,config_hvac_res_004,0.12417
ON,all,all,res,ex,apt,all,2021,config_hvac_res_005,0.02263
ON,all,all,res,ex,apt,all,2021,config_hvac_res_006,0.00367
ON,all,all,res,ex,apt,all,2021,config_hvac_res_007,0.00854
ON,all,all,res,ex,apt,all,2021,config_hvac_res_008,0.04815
ON,all,all,res,ex,apt,all,2021,config_hvac_res_009,0.23029
ON,all,all,res,ex,apt,all,2021,config_hvac_res_010,0.07883
ON,all,all,res,ex,apt,all,2021,config_hvac_res_011,0.01437
ON,all,all,res,ex,apt,all,2021,config_hvac_res_012,0.00233
ON,all,all,res,ex,apt,all,2021,config_hvac_res_013,0.00000
ON,all,all,res,ex,apt,all,2021,config_hvac_res_014,0.00036
ON,all,all,res,ex,apt,all,2021,config_hvac_res_015,0.01081
ON,all,all,res,ex,apt,all,2021,config_hvac_res_016,0.00255
ON,all,all,res,ex,apt,all,2021,config_hvac_res_017,0.00045
ON,all,all,res,ex,apt,all,2021,config_hvac_res_018,0.00084
ON,all,all,res,ex,apt,all,2021,config_hvac_res_019,0.00000
ON,all,all,res,ex,apt,all,2021,config_hvac_res_020,0.00000
ON,all,all,res,ex,apt,all,2021,config_hvac_res_021,0.00000
ON,all,all,res,ex,apt,all,2021,config_hvac_res_022,0.00000
ON,all,all,res,ex,apt,all,2021,config_hvac_res_023,0.00000
ON,all,all,res,ex,mob,all,2021,config_hvac_res_001,0.01263
ON,all,all,res,ex,mob,all,2021,config_hvac_res_002,0.23316
ON,all,all,res,ex,mob,all,2021,config_hvac_res_003,0.00000
ON,all,all,res,ex,mob,all,2021,config_hvac_res_004,0.04916
ON,all,all,res,ex,mob,all,2021,config_hvac_res_005,0.01058
ON,all,all,res,ex,mob,all,2021,config_hvac_res_006,0.02594
ON,all,all,res,ex,mob,all,2021,config_hvac_res_007,0.02437
ON,all,all,res,ex,mob,all,2021,config_hvac_res_008,0.44984
ON,all,all,res,ex,mob,all,2021,config_hvac_res_009,0.00000
ON,all,all,res,ex,mob,all,2021,config_hvac_res_010,0.09484
ON,all,all,res,ex,mob,all,2021,config_hvac_res_011,0.02042
ON,all,all,res,ex,mob,all,2021,config_hvac_res_012,0.05006
ON,all,all,res,ex,mob,all,2021,config_hvac_res_013,0.00000
ON,all,all,res,ex,mob,all,2021,config_hvac_res_014,0.00069
ON,all,all,res,ex,mob,all,2021,config_hvac_res_015,0.02089
ON,all,all,res,ex,mob,all,2021,config_hvac_res_016,0.00492
ON,all,all,res,ex,mob,all,2021,config_hvac_res_017,0.00087
ON,all,all,res,ex,mob,all,2021,config_hvac_res_018,0.00163
ON,all,all,res,ex,mob,all,2021,config_hvac_res_019,0.00000
ON,all,all,res,ex,mob,all,2021,config_hvac_res_020,0.00000
ON,all,all,res,ex,mob,all,2021,config_hvac_res_021,0.00000
ON,all,all,res,ex,mob,all,2021,config_hvac_res_022,0.00000
ON,all,all,res,ex,mob,all,2021,config_hvac_res_023,0.00000
PE,all,all,res,ex,sfd,all,2021,config_hvac_res_001,0.26456
PE,all,all,res,ex,sfd,all,2021,config_hvac_res_002,0.00093
PE,all,all,res,ex,sfd,all,2021,config_hvac_res_003,0.00560
PE,all,all,res,ex,sfd,all,2021,config_hvac_res_004,0.06064
PE,all,all,res,ex,sfd,all,2021,config_hvac_res_005,0.01914
PE,all,all,res,ex,sfd,all,2021,config_hvac_res_006,0.10184
PE,all,all,res,ex,sfd,all,2021,config_hvac_res_007,0.30230
PE,all,all,res,ex,sfd,all,2021,config_hvac_res_008,0.00107
PE,all,all,res,ex,sfd,all,2021,config_hvac_res_009,0.00640
PE,all,all,res,ex,sfd,all,2021,config_hvac_res_010,0.06929
PE,all,all,res,ex,sfd,all,2021,config_hvac_res_011,0.02186
PE,all,all,res,ex,sfd,all,2021,config_hvac_res_012,0.11636
PE,all,all,res,ex,sfd,all,2021,config_hvac_res_013,0.00000
PE,all,all,res,ex,sfd,all,2021,config_hvac_res_014,0.01622
PE,all,all,res,ex,sfd,all,2021,config_hvac_res_015,0.00000
PE,all,all,res,ex,sfd,all,2021,config_hvac_res_016,0.00429
PE,all,all,res,ex,sfd,all,2021,config_hvac_res_017,0.00113
PE,all,all,res,ex,sfd,all,2021,config_hvac_res_018,0.00836
PE,all,all,res,ex,sfd,all,2021,config_hvac_res_019,0.00000
PE,all,all,res,ex,sfd,all,2021,config_hvac_res_020,0.00000
PE,all,all,res,ex,sfd,all,2021,config_hvac_res_021,0.00000
PE,all,all,res,ex,sfd,all,2021,config_hvac_res_022,0.00000
PE,all,all,res,ex,sfd,all,2021,config_hvac_res_023,0.00000
PE,all,all,res,ex,row,all,2021,config_hvac_res_001,0.60867
PE,all,all,res,ex,row,all,2021,config_hvac_res_002,0.00181
PE,all,all,res,ex,row,all,2021,config_hvac_res_003,0.01086
PE,all,all,res,ex,row,all,2021,config_hvac_res_004,0.15202
PE,all,all,res,ex,row,all,2021,config_hvac_res_005,0.04072
PE,all,all,res,ex,row,all,2021,config_hvac_res_006,0.09081
PE,all,all,res,ex,row,all,2021,config_hvac_res_007,0.06397
PE,all,all,res,ex,row,all,2021,config_hvac_res_008,0.00019
PE,all,all,res,ex,row,all,2021,config_hvac_res_009,0.00114
PE,all,all,res,ex,row,all,2021,config_hvac_res_010,0.01598
PE,all,all,res,ex,row,all,2021,config_hvac_res_011,0.00428
PE,all,all,res,ex,row,all,2021,config_hvac_res_012,0.00955
PE,all,all,res,ex,row,all,2021,config_hvac_res_013,0.00000
PE,all,all,res,ex,row,all,2021,config_hvac_res_014,0.00000
PE,all,all,res,ex,row,all,2021,config_hvac_res_015,0.00000
PE,all,all,res,ex,row,all,2021,config_hvac_res_016,0.00000
PE,all,all,res,ex,row,all,2021,config_hvac_res_017,0.00000
PE,all,all,res,ex,row,all,2021,config_hvac_res_018,0.00000
PE,all,all,res,ex,row,all,2021,config_hvac_res_019,0.00000
PE,all,all,res,ex,row,all,2021,config_hvac_res_020,0.00000
PE,all,all,res,ex,row,all,2021,config_hvac_res_021,0.00000
PE,all,all,res,ex,row,all,2021,config_hvac_res_022,0.00000
PE,all,all,res,ex,row,all,2021,config_hvac_res_023,0.00000
PE,all,all,res,ex,apt,all,2021,config_hvac_res_001,0.67390
PE,all,all,res,ex,apt,all,2021,config_hvac_res_002,0.00200
PE,all,all,res,ex,apt,all,2021,config_hvac_res_003,0.01400
PE,all,all,res,ex,apt,all,2021,config_hvac_res_004,0.16756
PE,all,all,res,ex,apt,all,2021,config_hvac_res_005,0.04500
PE,all,all,res,ex,apt,all,2021,config_hvac_res_006,0.09754
PE,all,all,res,ex,apt,all,2021,config_hvac_res_007,0.00000
PE,all,all,res,ex,apt,all,2021,config_hvac_res_008,0.00000
PE,all,all,res,ex,apt,all,2021,config_hvac_res_009,0.00000
PE,all,all,res,ex,apt,all,2021,config_hvac_res_010,0.00000
PE,all,all,res,ex,apt,all,2021,config_hvac_res_011,0.00000
PE,all,all,res,ex,apt,all,2021,config_hvac_res_012,0.00000
PE,all,all,res,ex,apt,all,2021,config_hvac_res_013,0.00000
PE,all,all,res,ex,apt,all,2021,config_hvac_res_014,0.00000
PE,all,all,res,ex,apt,all,2021,config_hvac_res_015,0.00000
PE,all,all,res,ex,apt,all,2021,config_hvac_res_016,0.00000
PE,all,all,res,ex,apt,all,2021,config_hvac_res_017,0.00000
PE,all,all,res,ex,apt,all,2021,config_hvac_res_018,0.00000
PE,all,all,res,ex,apt,all,2021,config_hvac_res_019,0.00000
PE,all,all,res,ex,apt,all,2021,config_hvac_res_020,0.00000
PE,all,all,res,ex,apt,all,2021,config_hvac_res_021,0.00000
PE,all,all,res,ex,apt,all,2021,config_hvac_res_022,0.00000
PE,all,all,res,ex,apt,all,2021,config_hvac_res_023,0.00000
PE,all,all,res,ex,mob,all,2021,config_hvac_res_001,0.50403
PE,all,all,res,ex,mob,all,2021,config_hvac_res_002,0.01226
PE,all,all,res,ex,mob,all,2021,config_hvac_res_003,0.00000
PE,all,all,res,ex,mob,all,2021,config_hvac_res_004,0.11916
PE,all,all,res,ex,mob,all,2021,config_hvac_res_005,0.03591
PE,all,all,res,ex,mob,all,2021,config_hvac_res_006,0.10807
PE,all,all,res,ex,mob,all,2021,config_hvac_res_007,0.07151
PE,all,all,res,ex,mob,all,2021,config_hvac_res_008,0.00174
PE,all,all,res,ex,mob,all,2021,config_hvac_res_009,0.00000
PE,all,all,res,ex,mob,all,2021,config_hvac_res_010,0.01691
PE,all,all,res,ex,mob,all,2021,config_hvac_res_011,0.00509
PE,all,all,res,ex,mob,all,2021,config_hvac_res_012,0.01533
PE,all,all,res,ex,mob,all,2021,config_hvac_res_013,0.00000
PE,all,all,res,ex,mob,all,2021,config_hvac_res_014,0.05946
PE,all,all,res,ex,mob,all,2021,config_hvac_res_015,0.00000
PE,all,all,res,ex,mob,all,2021,config_hvac_res_016,0.01573
PE,all,all,res,ex,mob,all,2021,config_hvac_res_017,0.00416
PE,all,all,res,ex,mob,all,2021,config_hvac_res_018,0.03066
PE,all,all,res,ex,mob,all,2021,config_hvac_res_019,0.00000
PE,all,all,res,ex,mob,all,2021,config_hvac_res_020,0.00000
PE,all,all,res,ex,mob,all,2021,config_hvac_res_021,0.00000
PE,all,all,res,ex,mob,all,2021,config_hvac_res_022,0.00000
PE,all,all,res,ex,mob,all,2021,config_hvac_res_023,0.00000
QC,all,all,res,ex,sfd,all,2021,config_hvac_res_001,0.02673
QC,all,all,res,ex,sfd,all,2021,config_hvac_res_002,0.00394
QC,all,all,res,ex,sfd,all,2021,config_hvac_res_003,0.02770
QC,all,all,res,ex,sfd,all,2021,config_hvac_res_004,0.20077
QC,all,all,res,ex,sfd,all,2021,config_hvac_res_005,0.00143
QC,all,all,res,ex,sfd,all,2021,config_hvac_res_006,0.05178
QC,all,all,res,ex,sfd,all,2021,config_hvac_res_007,0.04797
QC,all,all,res,ex,sfd,all,2021,config_hvac_res_008,0.00706
QC,all,all,res,ex,sfd,all,2021,config_hvac_res_009,0.04972
QC,all,all,res,ex,sfd,all,2021,config_hvac_res_010,0.36038
QC,all,all,res,ex,sfd,all,2021,config_hvac_res_011,0.00257
QC,all,all,res,ex,sfd,all,2021,config_hvac_res_012,0.09294
QC,all,all,res,ex,sfd,all,2021,config_hvac_res_013,0.00000
QC,all,all,res,ex,sfd,all,2021,config_hvac_res_014,0.00724
QC,all,all,res,ex,sfd,all,2021,config_hvac_res_015,0.01366
QC,all,all,res,ex,sfd,all,2021,config_hvac_res_016,0.08229
QC,all,all,res,ex,sfd,all,2021,config_hvac_res_017,0.00085
QC,all,all,res,ex,sfd,all,2021,config_hvac_res_018,0.02297
QC,all,all,res,ex,sfd,all,2021,config_hvac_res_019,0.00000
QC,all,all,res,ex,sfd,all,2021,config_hvac_res_020,0.00000
QC,all,all,res,ex,sfd,all,2021,config_hvac_res_021,0.00000
QC,all,all,res,ex,sfd,all,2021,config_hvac_res_022,0.00000
QC,all,all,res,ex,sfd,all,2021,config_hvac_res_023,0.00000
QC,all,all,res,ex,row,all,2021,config_hvac_res_001,0.00756
QC,all,all,res,ex,row,all,2021,config_hvac_res_002,0.00076
QC,all,all,res,ex,row,all,2021,config_hvac_res_003,0.01095
QC,all,all,res,ex,row,all,2021,config_hvac_res_004,0.09589
QC,all,all,res,ex,row,all,2021,config_hvac_res_005,0.00051
QC,all,all,res,ex,row,all,2021,config_hvac_res_006,0.00467
QC,all,all,res,ex,row,all,2021,config_hvac_res_007,0.05184
QC,all,all,res,ex,row,all,2021,config_hvac_res_008,0.00524
QC,all,all,res,ex,row,all,2021,config_hvac_res_009,0.07515
QC,all,all,res,ex,row,all,2021,config_hvac_res_010,0.65789
QC,all,all,res,ex,row,all,2021,config_hvac_res_011,0.00349
QC,all,all,res,ex,row,all,2021,config_hvac_res_012,0.03205
QC,all,all,res,ex,row,all,2021,config_hvac_res_013,0.00000
QC,all,all,res,ex,row,all,2021,config_hvac_res_014,0.00308
QC,all,all,res,ex,row,all,2021,config_hvac_res_015,0.00581
QC,all,all,res,ex,row,all,2021,config_hvac_res_016,0.03499
QC,all,all,res,ex,row,all,2021,config_hvac_res_017,0.00036
QC,all,all,res,ex,row,all,2021,config_hvac_res_018,0.00977
QC,all,all,res,ex,row,all,2021,config_hvac_res_019,0.00000
QC,all,all,res,ex,row,all,2021,config_hvac_res_020,0.00000
QC,all,all,res,ex,row,all,2021,config_hvac_res_021,0.00000
QC,all,all,res,ex,row,all,2021,config_hvac_res_022,0.00000
QC,all,all,res,ex,row,all,2021,config_hvac_res_023,0.00000
QC,all,all,res,ex,apt,all,2021,config_hvac_res_001,0.02784
QC,all,all,res,ex,apt,all,2021,config_hvac_res_002,0.00824
QC,all,all,res,ex,apt,all,2021,config_hvac_res_003,0.07430
QC,all,all,res,ex,apt,all,2021,config_hvac_res_004,0.68322
QC,all,all,res,ex,apt,all,2021,config_hvac_res_005,0.00412
QC,all,all,res,ex,apt,all,2021,config_hvac_res_006,0.01779
QC,all,all,res,ex,apt,all,2021,config_hvac_res_007,0.00596
QC,all,all,res,ex,apt,all,2021,config_hvac_res_008,0.00176
QC,all,all,res,ex,apt,all,2021,config_hvac_res_009,0.01590
QC,all,all,res,ex,apt,all,2021,config_hvac_res_010,0.14618
QC,all,all,res,ex,apt,all,2021,config_hvac_res_011,0.00088
QC,all,all,res,ex,apt,all,2021,config_hvac_res_012,0.00381
QC,all,all,res,ex,apt,all,2021,config_hvac_res_013,0.00000
QC,all,all,res,ex,apt,all,2021,config_hvac_res_014,0.00057
QC,all,all,res,ex,apt,all,2021,config_hvac_res_015,0.00108
QC,all,all,res,ex,apt,all,2021,config_hvac_res_016,0.00648
QC,all,all,res,ex,apt,all,2021,config_hvac_res_017,0.00007
QC,all,all,res,ex,apt,all,2021,config_hvac_res_018,0.00181
QC,all,all,res,ex,apt,all,2021,config_hvac_res_019,0.00000
QC,all,all,res,ex,apt,all,2021,config_hvac_res_020,0.00000
QC,all,all,res,ex,apt,all,2021,config_hvac_res_021,0.00000
QC,all,all,res,ex,apt,all,2021,config_hvac_res_022,0.00000
QC,all,all,res,ex,apt,all,2021,config_hvac_res_023,0.00000
QC,all,all,res,ex,mob,all,2021,config_hvac_res_001,0.01034
QC,all,all,res,ex,mob,all,2021,config_hvac_res_002,0.02287
QC,all,all,res,ex,mob,all,2021,config_hvac_res_003,0.00129
QC,all,all,res,ex,mob,all,2021,config_hvac_res_004,0.40798
QC,all,all,res,ex,mob,all,2021,config_hvac_res_005,0.00208
QC,all,all,res,ex,mob,all,2021,config_hvac_res_006,0.07522
QC,all,all,res,ex,mob,all,2021,config_hvac_res_007,0.00956
QC,all,all,res,ex,mob,all,2021,config_hvac_res_008,0.02113
QC,all,all,res,ex,mob,all,2021,config_hvac_res_009,0.00119
QC,all,all,res,ex,mob,all,2021,config_hvac_res_010,0.37693
QC,all,all,res,ex,mob,all,2021,config_hvac_res_011,0.00192
QC,all,all,res,ex,mob,all,2021,config_hvac_res_012,0.06950
QC,all,all,res,ex,mob,all,2021,config_hvac_res_013,0.00000
QC,all,all,res,ex,mob,all,2021,config_hvac_res_014,0.00000
QC,all,all,res,ex,mob,all,2021,config_hvac_res_015,0.00000
QC,all,all,res,ex,mob,all,2021,config_hvac_res_016,0.00000
QC,all,all,res,ex,mob,all,2021,config_hvac_res_017,0.00000
QC,all,all,res,ex,mob,all,2021,config_hvac_res_018,0.00000
QC,all,all,res,ex,mob,all,2021,config_hvac_res_019,0.00000
QC,all,all,res,ex,mob,all,2021,config_hvac_res_020,0.00000
QC,all,all,res,ex,mob,all,2021,config_hvac_res_021,0.00000
QC,all,all,res,ex,mob,all,2021,config_hvac_res_022,0.00000
QC,all,all,res,ex,mob,all,2021,config_hvac_res_023,0.00000
SK,all,all,res,ex,sfd,all,2021,config_hvac_res_001,0.00559
SK,all,all,res,ex,sfd,all,2021,config_hvac_res_002,0.06024
SK,all,all,res,ex,sfd,all,2021,config_hvac_res_003,0.19169
SK,all,all,res,ex,sfd,all,2021,config_hvac_res_004,0.03172
SK,all,all,res,ex,sfd,all,2021,config_hvac_res_005,0.00373
SK,all,all,res,ex,sfd,all,2021,config_hvac_res_006,0.00497
SK,all,all,res,ex,sfd,all,2021,config_hvac_res_007,0.01241
SK,all,all,res,ex,sfd,all,2021,config_hvac_res_008,0.13366
SK,all,all,res,ex,sfd,all,2021,config_hvac_res_009,0.42531
SK,all,all,res,ex,sfd,all,2021,config_hvac_res_010,0.07038
SK,all,all,res,ex,sfd,all,2021,config_hvac_res_011,0.00827
SK,all,all,res,ex,sfd,all,2021,config_hvac_res_012,0.01103
SK,all,all,res,ex,sfd,all,2021,config_hvac_res_013,0.00000
SK,all,all,res,ex,sfd,all,2021,config_hvac_res_014,0.00014
SK,all,all,res,ex,sfd,all,2021,config_hvac_res_015,0.03478
SK,all,all,res,ex,sfd,all,2021,config_hvac_res_016,0.00475
SK,all,all,res,ex,sfd,all,2021,config_hvac_res_017,0.00020
SK,all,all,res,ex,sfd,all,2021,config_hvac_res_018,0.00113
SK,all,all,res,ex,sfd,all,2021,config_hvac_res_019,0.00000
SK,all,all,res,ex,sfd,all,2021,config_hvac_res_020,0.00000
SK,all,all,res,ex,sfd,all,2021,config_hvac_res_021,0.00000
SK,all,all,res,ex,sfd,all,2021,config_hvac_res_022,0.00000
SK,all,all,res,ex,sfd,all,2021,config_hvac_res_023,0.00000
SK,all,all,res,ex,row,all,2021,config_hvac_res_001,0.00403
SK,all,all,res,ex,row,all,2021,config_hvac_res_002,0.05786
SK,all,all,res,ex,row,all,2021,config_hvac_res_003,0.22937
SK,all,all,res,ex,row,all,2021,config_hvac_res_004,0.03852
SK,all,all,res,ex,row,all,2021,config_hvac_res_005,0.00437
SK,all,all,res,ex,row,all,2021,config_hvac_res_006,0.00168
SK,all,all,res,ex,row,all,2021,config_hvac_res_007,0.00797
SK,all,all,res,ex,row,all,2021,config_hvac_res_008,0.11444
SK,all,all,res,ex,row,all,2021,config_hvac_res_009,0.45363
SK,all,all,res,ex,row,all,2021,config_hvac_res_010,0.07618
SK,all,all,res,ex,row,all,2021,config_hvac_res_011,0.00863
SK,all,all,res,ex,row,all,2021,config_hvac_res_012,0.00332
SK,all,all,res,ex,row,all,2021,config_hvac_res_013,0.00000
SK,all,all,res,ex,row,all,2021,config_hvac_res_014,0.00000
SK,all,all,res,ex,row,all,2021,config_hvac_res_015,0.00000
SK,all,all,res,ex,row,all,2021,config_hvac_res_016,0.00000
SK,all,all,res,ex,row,all,2021,config_hvac_res_017,0.00000
SK,all,all,res,ex,row,all,2021,config_hvac_res_018,0.00000
SK,all,all,res,ex,row,all,2021,config_hvac_res_019,0.00000
SK,all,all,res,ex,row,all,2021,config_hvac_res_020,0.00000
SK,all,all,res,ex,row,all,2021,config_hvac_res_021,0.00000
SK,all,all,res,ex,row,all,2021,config_hvac_res_022,0.00000
SK,all,all,res,ex,row,all,2021,config_hvac_res_023,0.00000
SK,all,all,res,ex,apt,all,2021,config_hvac_res_001,0.00628
SK,all,all,res,ex,apt,all,2021,config_hvac_res_002,0.08470
SK,all,all,res,ex,apt,all,2021,config_hvac_res_003,0.32809
SK,all,all,res,ex,apt,all,2021,config_hvac_res_004,0.05542
SK,all,all,res,ex,apt,all,2021,config_hvac_res_005,0.00628
SK,all,all,res,ex,apt,all,2021,config_hvac_res_006,0.00242
SK,all,all,res,ex,apt,all,2021,config_hvac_res_007,0.00672
SK,all,all,res,ex,apt,all,2021,config_hvac_res_008,0.09060
SK,all,all,res,ex,apt,all,2021,config_hvac_res_009,0.35091
SK,all,all,res,ex,apt,all,2021,config_hvac_res_010,0.05928
SK,all,all,res,ex,apt,all,2021,config_hvac_res_011,0.00672
SK,all,all,res,ex,apt,all,2021,config_hvac_res_012,0.00258
SK,all,all,res,ex,apt,all,2021,config_hvac_res_013,0.00000
SK,all,all,res,ex,apt,all,2021,config_hvac_res_014,0.00000
SK,all,all,res,ex,apt,all,2021,config_hvac_res_015,0.00000
SK,all,all,res,ex,apt,all,2021,config_hvac_res_016,0.00000
SK,all,all,res,ex,apt,all,2021,config_hvac_res_017,0.00000
SK,all,all,res,ex,apt,all,2021,config_hvac_res_018,0.00000
SK,all,all,res,ex,apt,all,2021,config_hvac_res_019,0.00000
SK,all,all,res,ex,apt,all,2021,config_hvac_res_020,0.00000
SK,all,all,res,ex,apt,all,2021,config_hvac_res_021,0.00000
SK,all,all,res,ex,apt,all,2021,config_hvac_res_022,0.00000
SK,all,all,res,ex,apt,all,2021,config_hvac_res_023,0.00000
SK,all,all,res,ex,mob,all,2021,config_hvac_res_001,0.00078
SK,all,all,res,ex,mob,all,2021,config_hvac_res_002,0.04999
SK,all,all,res,ex,mob,all,2021,config_hvac_res_003,0.00000
SK,all,all,res,ex,mob,all,2021,config_hvac_res_004,0.00664
SK,all,all,res,ex,mob,all,2021,config_hvac_res_005,0.00078
SK,all,all,res,ex,mob,all,2021,config_hvac_res_006,0.00205
SK,all,all,res,ex,mob,all,2021,config_hvac_res_007,0.01222
SK,all,all,res,ex,mob,all,2021,config_hvac_res_008,0.77981
SK,all,all,res,ex,mob,all,2021,config_hvac_res_009,0.00000
SK,all,all,res,ex,mob,all,2021,config_hvac_res_010,0.10356
SK,all,all,res,ex,mob,all,2021,config_hvac_res_011,0.01222
SK,all,all,res,ex,mob,all,2021,config_hvac_res_012,0.03195
SK,all,all,res,ex,mob,all,2021,config_hvac_res_013,0.00000
SK,all,all,res,ex,mob,all,2021,config_hvac_res_014,0.00000
SK,all,all,res,ex,mob,all,2021,config_hvac_res_015,0.00000
SK,all,all,res,ex,mob,all,2021,config_hvac_res_016,0.00000
SK,all,all,res,ex,mob,all,2021,config_hvac_res_017,0.00000
SK,all,all,res,ex,mob,all,2021,config_hvac_res_018,0.00000
SK,all,all,res,ex,mob,all,2021,config_hvac_res_019,0.00000
SK,all,all,res,ex,mob,all,2021,config_hvac_res_020,0.00000
SK,all,all,res,ex,mob,all,2021,config_hvac_res_021,0.00000
SK,all,all,res,ex,mob,all,2021,config_hvac_res_022,0.00000
SK,all,all,res,ex,mob,all,2021,config_hvac_res_023,0.00000
TR,all,all,res,ex,sfd,all,2021,config_hvac_res_001,0.34486
TR,all,all,res,ex,sfd,all,2021,config_hvac_res_002,0.03197
TR,all,all,res,ex,sfd,all,2021,config_hvac_res_003,0.02095
TR,all,all,res,ex,sfd,all,2021,config_hvac_res_004,0.15691
TR,all,all,res,ex,sfd,all,2021,config_hvac_res_005,0.30115
TR,all,all,res,ex,sfd,all,2021,config_hvac_res_006,0.11876
TR,all,all,res,ex,sfd,all,2021,config_hvac_res_007,0.00899
TR,all,all,res,ex,sfd,all,2021,config_hvac_res_008,0.00083
TR,all,all,res,ex,sfd,all,2021,config_hvac_res_009,0.00055
TR,all,all,res,ex,sfd,all,2021,config_hvac_res_010,0.00409
TR,all,all,res,ex,sfd,all,2021,config_hvac_res_011,0.00785
TR,all,all,res,ex,sfd,all,2021,config_hvac_res_012,0.00309
TR,all,all,res,ex,sfd,all,2021,config_hvac_res_013,0.00000
TR,all,all,res,ex,sfd,all,2021,config_hvac_res_014,0.00000
TR,all,all,res,ex,sfd,all,2021,config_hvac_res_015,0.00000
TR,all,all,res,ex,sfd,all,2021,config_hvac_res_016,0.00000
TR,all,all,res,ex,sfd,all,2021,config_hvac_res_017,0.00000
TR,all,all,res,ex,sfd,all,2021,config_hvac_res_018,0.00000
TR,all,all,res,ex,sfd,all,2021,config_hvac_res_019,0.00000
TR,all,all,res,ex,sfd,all,2021,config_hvac_res_020,0.00000
TR,all,all,res,ex,sfd,all,2021,config_hvac_res_021,0.00000
TR,all,all,res,ex,sfd,all,2021,config_hvac_res_022,0.00000
TR,all,all,res,ex,sfd,all,2021,config_hvac_res_023,0.00000
TR,all,all,res,ex,row,all,2021,config_hvac_res_001,0.34850
TR,all,all,res,ex,row,all,2021,config_hvac_res_002,0.03017
TR,all,all,res,ex,row,all,2021,config_hvac_res_003,0.01946
TR,all,all,res,ex,row,all,2021,config_hvac_res_004,0.15668
TR,all,all,res,ex,row,all,2021,config_hvac_res_005,0.28222
TR,all,all,res,ex,row,all,2021,config_hvac_res_006,0.13614
TR,all,all,res,ex,row,all,2021,config_hvac_res_007,0.00960
TR,all,all,res,ex,row,all,2021,config_hvac_res_008,0.00083
TR,all,all,res,ex,row,all,2021,config_hvac_res_009,0.00054
TR,all,all,res,ex,row,all,2021,config_hvac_res_010,0.00432
TR,all,all,res,ex,row,all,2021,config_hvac_res_011,0.00778
TR,all,all,res,ex,row,all,2021,config_hvac_res_012,0.00375
TR,all,all,res,ex,row,all,2021,config_hvac_res_013,0.00000
TR,all,all,res,ex,row,all,2021,config_hvac_res_014,0.00000
TR,all,all,res,ex,row,all,2021,config_hvac_res_015,0.00000
TR,all,all,res,ex,row,all,2021,config_hvac_res_016,0.00000
TR,all,all,res,ex,row,all,2021,config_hvac_res_017,0.00000
TR,all,all,res,ex,row,all,2021,config_hvac_res_018,0.00000
TR,all,all,res,ex,row,all,2021,config_hvac_res_019,0.00000
TR,all,all,res,ex,row,all,2021,config_hvac_res_020,0.00000
TR,all,all,res,ex,row,all,2021,config_hvac_res_021,0.00000
TR,all,all,res,ex,row,all,2021,config_hvac_res_022,0.00000
TR,all,all,res,ex,row,all,2021,config_hvac_res_023,0.00000
TR,all,all,res,ex,apt,all,2021,config_hvac_res_001,0.34347
TR,all,all,res,ex,apt,all,2021,config_hvac_res_002,0.02830
TR,all,all,res,ex,apt,all,2021,config_hvac_res_003,0.01804
TR,all,all,res,ex,apt,all,2021,config_hvac_res_004,0.15289
TR,all,all,res,ex,apt,all,2021,config_hvac_res_005,0.27634
TR,all,all,res,ex,apt,all,2021,config_hvac_res_006,0.13059
TR,all,all,res,ex,apt,all,2021,config_hvac_res_007,0.01822
TR,all,all,res,ex,apt,all,2021,config_hvac_res_008,0.00150
TR,all,all,res,ex,apt,all,2021,config_hvac_res_009,0.00096
TR,all,all,res,ex,apt,all,2021,config_hvac_res_010,0.00811
TR,all,all,res,ex,apt,all,2021,config_hvac_res_011,0.01466
TR,all,all,res,ex,apt,all,2021,config_hvac_res_012,0.00693
TR,all,all,res,ex,apt,all,2021,config_hvac_res_013,0.00000
TR,all,all,res,ex,apt,all,2021,config_hvac_res_014,0.00000
TR,all,all,res,ex,apt,all,2021,config_hvac_res_015,0.00000
TR,all,all,res,ex,apt,all,2021,config_hvac_res_016,0.00000
TR,all,all,res,ex,apt,all,2021,config_hvac_res_017,0.00000
TR,all,all,res,ex,apt,all,2021,config_hvac_res_018,0.00000
TR,all,all,res,ex,apt,all,2021,config_hvac_res_019,0.00000
TR,all,all,res,ex,apt,all,2021,config_hvac_res_020,0.00000
TR,all,all,res,ex,apt,all,2021,config_hvac_res_021,0.00000
TR,all,all,res,ex,apt,all,2021,config_hvac_res_022,0.00000
TR,all,all,res,ex,apt,all,2021,config_hvac_res_023,0.00000
TR,all,all,res,ex,mob,all,2021,config_hvac_res_001,0.33044
TR,all,all,res,ex,mob,all,2021,config_hvac_res_002,0.13065
TR,all,all,res,ex,mob,all,2021,config_hvac_res_003,0.00000
TR,all,all,res,ex,mob,all,2021,config_hvac_res_004,0.15812
TR,all,all,res,ex,mob,all,2021,config_hvac_res_005,0.28362
TR,all,all,res,ex,mob,all,2021,config_hvac_res_006,0.08542
TR,all,all,res,ex,mob,all,2021,config_hvac_res_007,0.00393
TR,all,all,res,ex,mob,all,2021,config_hvac_res_008,0.00155
TR,all,all,res,ex,mob,all,2021,config_hvac_res_009,0.00000
TR,all,all,res,ex,mob,all,2021,config_hvac_res_010,0.00188
TR,all,all,res,ex,mob,all,2021,config_hvac_res_011,0.00338
TR,all,all,res,ex,mob,all,2021,config_hvac_res_012,0.00102
TR,all,all,res,ex,mob,all,2021,config_hvac_res_013,0.00000
TR,all,all,res,ex,mob,all,2021,config_hvac_res_014,0.00000
TR,all,all,res,ex,mob,all,2021,config_hvac_res_015,0.00000
TR,all,all,res,ex,mob,all,2021,config_hvac_res_016,0.00000
TR,all,all,res,ex,mob,all,2021,config_hvac_res_017,0.00000
TR,all,all,res,ex,mob,all,2021,config_hvac_res_018,0.00000
TR,all,all,res,ex,mob,all,2021,config_hvac_res_019,0.00000
TR,all,all,res,ex,mob,all,2021,config_hvac_res_020,0.00000
TR,all,all,res,ex,mob,all,2021,config_hvac_res_021,0.00000
TR,all,all,res,ex,mob,all,2021,config_hvac_res_022,0.00000
TR,all,all,res,ex,mob,all,2021,config_hvac_res_023,0.00000
AB,all,all,res,ex,sfd,all,2021,config_dhw_res_001,0.07000
AB,all,all,res,ex,sfd,all,2021,config_dhw_res_002,0.91948
AB,all,all,res,ex,sfd,all,2021,config_dhw_res_003,0.00610
AB,all,all,res,ex,sfd,all,2021,config_dhw_res_004,0.00274
AB,all,all,res,ex,sfd,all,2021,config_dhw_res_005,0.00167
AB,all,all,res,ex,sfd,all,2021,config_dhw_res_009,0.00000
AB,all,all,res,ex,row,all,2021,config_dhw_res_001,0.07000
AB,all,all,res,ex,row,all,2021,config_dhw_res_002,0.91948
AB,all,all,res,ex,row,all,2021,config_dhw_res_003,0.00610
AB,all,all,res,ex,row,all,2021,config_dhw_res_004,0.00274
AB,all,all,res,ex,row,all,2021,config_dhw_res_005,0.00167
AB,all,all,res,ex,row,all,2021,config_dhw_res_009,0.00000
AB,all,all,res,ex,apt,all,2021,config_dhw_res_001,0.07000
AB,all,all,res,ex,apt,all,2021,config_dhw_res_002,0.91948
AB,all,all,res,ex,apt,all,2021,config_dhw_res_003,0.00610
AB,all,all,res,ex,apt,all,2021,config_dhw_res_004,0.00274
AB,all,all,res,ex,apt,all,2021,config_dhw_res_005,0.00167
AB,all,all,res,ex,apt,all,2021,config_dhw_res_009,0.00000
AB,all,all,res,ex,mob,all,2021,config_dhw_res_001,0.07000
AB,all,all,res,ex,mob,all,2021,config_dhw_res_002,0.91948
AB,all,all,res,ex,mob,all,2021,config_dhw_res_003,0.00610
AB,all,all,res,ex,mob,all,2021,config_dhw_res_004,0.00274
AB,all,all,res,ex,mob,all,2021,config_dhw_res_005,0.00167
AB,all,all,res,ex,mob,all,2021,config_dhw_res_009,0.00000
BC,all,all,res,ex,sfd,all,2021,config_dhw_res_001,0.30000
BC,all,all,res,ex,sfd,all,2021,config_dhw_res_002,0.68544
BC,all,all,res,ex,sfd,all,2021,config_dhw_res_003,0.00303
BC,all,all,res,ex,sfd,all,2021,config_dhw_res_004,0.00804
BC,all,all,res,ex,sfd,all,2021,config_dhw_res_005,0.00350
BC,all,all,res,ex,sfd,all,2021,config_dhw_res_009,0.00000
BC,all,all,res,ex,row,all,2021,config_dhw_res_001,0.30000
BC,all,all,res,ex,row,all,2021,config_dhw_res_002,0.68544
BC,all,all,res,ex,row,all,2021,config_dhw_res_003,0.00303
BC,all,all,res,ex,row,all,2021,config_dhw_res_004,0.00804
BC,all,all,res,ex,row,all,2021,config_dhw_res_005,0.00350
BC,all,all,res,ex,row,all,2021,config_dhw_res_009,0.00000
BC,all,all,res,ex,apt,all,2021,config_dhw_res_001,0.30000
BC,all,all,res,ex,apt,all,2021,config_dhw_res_002,0.68544
BC,all,all,res,ex,apt,all,2021,config_dhw_res_003,0.00303
BC,all,all,res,ex,apt,all,2021,config_dhw_res_004,0.00804
BC,all,all,res,ex,apt,all,2021,config_dhw_res_005,0.00350
BC,all,all,res,ex,apt,all,2021,config_dhw_res_009,0.00000
BC,all,all,res,ex,mob,all,2021,config_dhw_res_001,0.30000
BC,all,all,res,ex,mob,all,2021,config_dhw_res_002,0.68544
BC,all,all,res,ex,mob,all,2021,config_dhw_res_003,0.00303
BC,all,all,res,ex,mob,all,2021,config_dhw_res_004,0.00804
BC,all,all,res,ex,mob,all,2021,config_dhw_res_005,0.00350
BC,all,all,res,ex,mob,all,2021,config_dhw_res_009,0.00000
MB,all,all,res,ex,sfd,all,2021,config_dhw_res_001,0.53803
MB,all,all,res,ex,sfd,all,2021,config_dhw_res_002,0.46000
MB,all,all,res,ex,sfd,all,2021,config_dhw_res_003,0.00037
MB,all,all,res,ex,sfd,all,2021,config_dhw_res_004,0.00019
MB,all,all,res,ex,sfd,all,2021,config_dhw_res_005,0.00141
MB,all,all,res,ex,sfd,all,2021,config_dhw_res_009,0.00000
MB,all,all,res,ex,row,all,2021,config_dhw_res_001,0.53803
MB,all,all,res,ex,row,all,2021,config_dhw_res_002,0.46000
MB,all,all,res,ex,row,all,2021,config_dhw_res_003,0.00037
MB,all,all,res,ex,row,all,2021,config_dhw_res_004,0.00019
MB,all,all,res,ex,row,all,2021,config_dhw_res_005,0.00141
MB,all,all,res,ex,row,all,2021,config_dhw_res_009,0.00000
MB,all,all,res,ex,apt,all,2021,config_dhw_res_001,0.53803
MB,all,all,res,ex,apt,all,2021,config_dhw_res_002,0.46000
MB,all,all,res,ex,apt,all,2021,config_dhw_res_003,0.00037
MB,all,all,res,ex,apt,all,2021,config_dhw_res_004,0.00019
MB,all,all,res,ex,apt,all,2021,config_dhw_res_005,0.00141
MB,all,all,res,ex,apt,all,2021,config_dhw_res_009,0.00000
MB,all,all,res,ex,mob,all,2021,config_dhw_res_001,0.53803
MB,all,all,res,ex,mob,all,2021,config_dhw_res_002,0.46000
MB,all,all,res,ex,mob,all,2021,config_dhw_res_003,0.00037
MB,all,all,res,ex,mob,all,2021,config_dhw_res_004,0.00019
MB,all,all,res,ex,mob,all,2021,config_dhw_res_005,0.00141
MB,all,all,res,ex,mob,all,2021,config_dhw_res_009,0.00000
NB,all,all,res,ex,sfd,all,2021,config_dhw_res_001,0.96443
NB,all,all,res,ex,sfd,all,2021,config_dhw_res_002,0.01312
NB,all,all,res,ex,sfd,all,2021,config_dhw_res_003,0.01500
NB,all,all,res,ex,sfd,all,2021,config_dhw_res_004,0.00456
NB,all,all,res,ex,sfd,all,2021,config_dhw_res_005,0.00289
NB,all,all,res,ex,sfd,all,2021,config_dhw_res_009,0.00000
NB,all,all,res,ex,row,all,2021,config_dhw_res_001,0.96443
NB,all,all,res,ex,row,all,2021,config_dhw_res_002,0.01312
NB,all,all,res,ex,row,all,2021,config_dhw_res_003,0.01500
NB,all,all,res,ex,row,all,2021,config_dhw_res_004,0.00456
NB,all,all,res,ex,row,all,2021,config_dhw_res_005,0.00289
NB,all,all,res,ex,row,all,2021,config_dhw_res_009,0.00000
NB,all,all,res,ex,apt,all,2021,config_dhw_res_001,0.96443
NB,all,all,res,ex,apt,all,2021,config_dhw_res_002,0.01312
NB,all,all,res,ex,apt,all,2021,config_dhw_res_003,0.01500
NB,all,all,res,ex,apt,all,2021,config_dhw_res_004,0.00456
NB,all,all,res,ex,apt,all,2021,config_dhw_res_005,0.00289
NB,all,all,res,ex,apt,all,2021,config_dhw_res_009,0.00000
NB,all,all,res,ex,mob,all,2021,config_dhw_res_001,0.96443
NB,all,all,res,ex,mob,all,2021,config_dhw_res_002,0.01312
NB,all,all,res,ex,mob,all,2021,config_dhw_res_003,0.01500
NB,all,all,res,ex,mob,all,2021,config_dhw_res_004,0.00456
NB,all,all,res,ex,mob,all,2021,config_dhw_res_005,0.00289
NB,all,all,res,ex,mob,all,2021,config_dhw_res_009,0.00000
NL,all,all,res,ex,sfd,all,2021,config_dhw_res_001,0.85000
NL,all,all,res,ex,sfd,all,2021,config_dhw_res_002,0.00000
NL,all,all,res,ex,sfd,all,2021,config_dhw_res_003,0.14991
NL,all,all,res,ex,sfd,all,2021,config_dhw_res_004,0.00000
NL,all,all,res,ex,sfd,all,2021,config_dhw_res_005,0.00009
NL,all,all,res,ex,sfd,all,2021,config_dhw_res_009,0.00000
NL,all,all,res,ex,row,all,2021,config_dhw_res_001,0.85000
NL,all,all,res,ex,row,all,2021,config_dhw_res_002,0.00000
NL,all,all,res,ex,row,all,2021,config_dhw_res_003,0.14991
NL,all,all,res,ex,row,all,2021,config_dhw_res_004,0.00000
NL,all,all,res,ex,row,all,2021,config_dhw_res_005,0.00009
NL,all,all,res,ex,row,all,2021,config_dhw_res_009,0.00000
NL,all,all,res,ex,apt,all,2021,config_dhw_res_001,0.85000
NL,all,all,res,ex,apt,all,2021,config_dhw_res_002,0.00000
NL,all,all,res,ex,apt,all,2021,config_dhw_res_003,0.14991
NL,all,all,res,ex,apt,all,2021,config_dhw_res_004,0.00000
NL,all,all,res,ex,apt,all,2021,config_dhw_res_005,0.00009
NL,all,all,res,ex,apt,all,2021,config_dhw_res_009,0.00000
NL,all,all,res,ex,mob,all,2021,config_dhw_res_001,0.85000
NL,all,all,res,ex,mob,all,2021,config_dhw_res_002,0.00000
NL,all,all,res,ex,mob,all,2021,config_dhw_res_003,0.14991
NL,all,all,res,ex,mob,all,2021,config_dhw_res_004,0.00000
NL,all,all,res,ex,mob,all,2021,config_dhw_res_005,0.00009
NL,all,all,res,ex,mob,all,2021,config_dhw_res_009,0.00000
NS,all,all,res,ex,sfd,all,2021,config_dhw_res_001,0.50000
NS,all,all,res,ex,sfd,all,2021,config_dhw_res_002,0.00500
NS,all,all,res,ex,sfd,all,2021,config_dhw_res_003,0.46478
NS,all,all,res,ex,sfd,all,2021,config_dhw_res_004,0.01022
NS,all,all,res,ex,sfd,all,2021,config_dhw_res_005,0.02000
NS,all,all,res,ex,sfd,all,2021,config_dhw_res_009,0.00000
NS,all,all,res,ex,row,all,2021,config_dhw_res_001,0.50000
NS,all,all,res,ex,row,all,2021,config_dhw_res_002,0.00500
NS,all,all,res,ex,row,all,2021,config_dhw_res_003,0.46478
NS,all,all,res,ex,row,all,2021,config_dhw_res_004,0.01022
NS,all,all,res,ex,row,all,2021,config_dhw_res_005,0.02000
NS,all,all,res,ex,row,all,2021,config_dhw_res_009,0.00000
NS,all,all,res,ex,apt,all,2021,config_dhw_res_001,0.50000
NS,all,all,res,ex,apt,all,2021,config_dhw_res_002,0.00500
NS,all,all,res,ex,apt,all,2021,config_dhw_res_003,0.46478
NS,all,all,res,ex,apt,all,2021,config_dhw_res_004,0.01022
NS,all,all,res,ex,apt,all,2021,config_dhw_res_005,0.02000
NS,all,all,res,ex,apt,all,2021,config_dhw_res_009,0.00000
NS,all,all,res,ex,mob,all,2021,config_dhw_res_001,0.50000
NS,all,all,res,ex,mob,all,2021,config_dhw_res_002,0.00500
NS,all,all,res,ex,mob,all,2021,config_dhw_res_003,0.46478
NS,all,all,res,ex,mob,all,2021,config_dhw_res_004,0.01022
NS,all,all,res,ex,mob,all,2021,config_dhw_res_005,0.02000
NS,all,all,res,ex,mob,all,2021,config_dhw_res_009,0.00000
ON,all,all,res,ex,sfd,all,2021,config_dhw_res_001,0.17417
ON,all,all,res,ex,sfd,all,2021,config_dhw_res_002,0.81000
ON,all,all,res,ex,sfd,all,2021,config_dhw_res_003,0.00500
ON,all,all,res,ex,sfd,all,2021,config_dhw_res_004,0.01000
ON,all,all,res,ex,sfd,all,2021,config_dhw_res_005,0.00083
ON,all,all,res,ex,sfd,all,2021,config_dhw_res_009,0.00000
ON,all,all,res,ex,row,all,2021,config_dhw_res_001,0.17417
ON,all,all,res,ex,row,all,2021,config_dhw_res_002,0.81000
ON,all,all,res,ex,row,all,2021,config_dhw_res_003,0.00500
ON,all,all,res,ex,row,all,2021,config_dhw_res_004,0.01000
ON,all,all,res,ex,row,all,2021,config_dhw_res_005,0.00083
ON,all,all,res,ex,row,all,2021,config_dhw_res_009,0.00000
ON,all,all,res,ex,apt,all,2021,config_dhw_res_001,0.17417
ON,all,all,res,ex,apt,all,2021,config_dhw_res_002,0.81000
ON,all,all,res,ex,apt,all,2021,config_dhw_res_003,0.00500
ON,all,all,res,ex,apt,all,2021,config_dhw_res_004,0.01000
ON,all,all,res,ex,apt,all,2021,config_dhw_res_005,0.00083
ON,all,all,res,ex,apt,all,2021,config_dhw_res_009,0.00000
ON,all,all,res,ex,mob,all,2021,config_dhw_res_001,0.17417
ON,all,all,res,ex,mob,all,2021,config_dhw_res_002,0.81000
ON,all,all,res,ex,mob,all,2021,config_dhw_res_003,0.00500
ON,all,all,res,ex,mob,all,2021,config_dhw_res_004,0.01000
ON,all,all,res,ex,mob,all,2021,config_dhw_res_005,0.00083
ON,all,all,res,ex,mob,all,2021,config_dhw_res_009,0.00000
PE,all,all,res,ex,sfd,all,2021,config_dhw_res_001,0.27000
PE,all,all,res,ex,sfd,all,2021,config_dhw_res_002,0.00000
PE,all,all,res,ex,sfd,all,2021,config_dhw_res_003,0.64800
PE,all,all,res,ex,sfd,all,2021,config_dhw_res_004,0.00200
PE,all,all,res,ex,sfd,all,2021,config_dhw_res_005,0.08000
PE,all,all,res,ex,sfd,all,2021,config_dhw_res_009,0.00000
PE,all,all,res,ex,row,all,2021,config_dhw_res_001,0.27000
PE,all,all,res,ex,row,all,2021,config_dhw_res_002,0.00000
PE,all,all,res,ex,row,all,2021,config_dhw_res_003,0.64800
PE,all,all,res,ex,row,all,2021,config_dhw_res_004,0.00200
PE,all,all,res,ex,row,all,2021,config_dhw_res_005,0.08000
PE,all,all,res,ex,row,all,2021,config_dhw_res_009,0.00000
PE,all,all,res,ex,apt,all,2021,config_dhw_res_001,0.27000
PE,all,all,res,ex,apt,all,2021,config_dhw_res_002,0.00000
PE,all,all,res,ex,apt,all,2021,config_dhw_res_003,0.64800
PE,all,all,res,ex,apt,all,2021,config_dhw_res_004,0.00200
PE,all,all,res,ex,apt,all,2021,config_dhw_res_005,0.08000
PE,all,all,res,ex,apt,all,2021,config_dhw_res_009,0.00000
PE,all,all,res,ex,mob,all,2021,config_dhw_res_001,0.27000
PE,all,all,res,ex,mob,all,2021,config_dhw_res_002,0.00000
PE,all,all,res,ex,mob,all,2021,config_dhw_res_003,0.64800
PE,all,all,res,ex,mob,all,2021,config_dhw_res_004,0.00200
PE,all,all,res,ex,mob,all,2021,config_dhw_res_005,0.08000
PE,all,all,res,ex,mob,all,2021,config_dhw_res_009,0.00000
QC,all,all,res,ex,sfd,all,2021,config_dhw_res_001,0.92167
QC,all,all,res,ex,sfd,all,2021,config_dhw_res_002,0.07000
QC,all,all,res,ex,sfd,all,2021,config_dhw_res_003,0.00565
QC,all,all,res,ex,sfd,all,2021,config_dhw_res_004,0.00102
QC,all,all,res,ex,sfd,all,2021,config_dhw_res_005,0.00165
QC,all,all,res,ex,sfd,all,2021,config_dhw_res_009,0.00000
QC,all,all,res,ex,row,all,2021,config_dhw_res_001,0.92167
QC,all,all,res,ex,row,all,2021,config_dhw_res_002,0.07000
QC,all,all,res,ex,row,all,2021,config_dhw_res_003,0.00565
QC,all,all,res,ex,row,all,2021,config_dhw_res_004,0.00102
QC,all,all,res,ex,row,all,2021,config_dhw_res_005,0.00165
QC,all,all,res,ex,row,all,2021,config_dhw_res_009,0.00000
QC,all,all,res,ex,apt,all,2021,config_dhw_res_001,0.92167
QC,all,all,res,ex,apt,all,2021,config_dhw_res_002,0.07000
QC,all,all,res,ex,apt,all,2021,config_dhw_res_003,0.00565
QC,all,all,res,ex,apt,all,2021,config_dhw_res_004,0.00102
QC,all,all,res,ex,apt,all,2021,config_dhw_res_005,0.00165
QC,all,all,res,ex,apt,all,2021,config_dhw_res_009,0.00000
QC,all,all,res,ex,mob,all,2021,config_dhw_res_001,0.92167
QC,all,all,res,ex,mob,all,2021,config_dhw_res_002,0.07000
QC,all,all,res,ex,mob,all,2021,config_dhw_res_003,0.00565
QC,all,all,res,ex,mob,all,2021,config_dhw_res_004,0.00102
QC,all,all,res,ex,mob,all,2021,config_dhw_res_005,0.00165
QC,all,all,res,ex,mob,all,2021,config_dhw_res_009,0.00000
SK,all,all,res,ex,sfd,all,2021,config_dhw_res_001,0.08000
SK,all,all,res,ex,sfd,all,2021,config_dhw_res_002,0.90380
SK,all,all,res,ex,sfd,all,2021,config_dhw_res_003,0.00375
SK,all,all,res,ex,sfd,all,2021,config_dhw_res_004,0.01206
SK,all,all,res,ex,sfd,all,2021,config_dhw_res_005,0.00039
SK,all,all,res,ex,sfd,all,2021,config_dhw_res_009,0.00000
SK,all,all,res,ex,row,all,2021,config_dhw_res_001,0.08000
SK,all,all,res,ex,row,all,2021,config_dhw_res_002,0.90380
SK,all,all,res,ex,row,all,2021,config_dhw_res_003,0.00375
SK,all,all,res,ex,row,all,2021,config_dhw_res_004,0.01206
SK,all,all,res,ex,row,all,2021,config_dhw_res_005,0.00039
SK,all,all,res,ex,row,all,2021,config_dhw_res_009,0.00000
SK,all,all,res,ex,apt,all,2021,config_dhw_res_001,0.08000
SK,all,all,res,ex,apt,all,2021,config_dhw_res_002,0.90380
SK,all,all,res,ex,apt,all,2021,config_dhw_res_003,0.00375
SK,all,all,res,ex,apt,all,2021,config_dhw_res_004,0.01206
SK,all,all,res,ex,apt,all,2021,config_dhw_res_005,0.00039
SK,all,all,res,ex,apt,all,2021,config_dhw_res_009,0.00000
SK,all,all,res,ex,mob,all,2021,config_dhw_res_001,0.08000
SK,all,all,res,ex,mob,all,2021,config_dhw_res_002,0.90380
SK,all,all,res,ex,mob,all,2021,config_dhw_res_003,0.00375
SK,all,all,res,ex,mob,all,2021,config_dhw_res_004,0.01206
SK,all,all,res,ex,mob,all,2021,config_dhw_res_005,0.00039
SK,all,all,res,ex,mob,all,2021,config_dhw_res_009,0.00000
TR,all,all,res,ex,sfd,all,2021,config_dhw_res_001,0.90000
TR,all,all,res,ex,sfd,all,2021,config_dhw_res_002,0.00000
TR,all,all,res,ex,sfd,all,2021,config_dhw_res_003,0.10000
TR,all,all,res,ex,sfd,all,2021,config_dhw_res_004,0.00000
TR,all,all,res,ex,sfd,all,2021,config_dhw_res_005,0.00000
TR,all,all,res,ex,sfd,all,2021,config_dhw_res_009,0.00000
TR,all,all,res,ex,row,all,2021,config_dhw_res_001,0.90000
TR,all,all,res,ex,row,all,2021,config_dhw_res_002,0.00000
TR,all,all,res,ex,row,all,2021,config_dhw_res_003,0.10000
TR,all,all,res,ex,row,all,2021,config_dhw_res_004,0.00000
TR,all,all,res,ex,row,all,2021,config_dhw_res_005,0.00000
TR,all,all,res,ex,row,all,2021,config_dhw_res_009,0.00000
TR,all,all,res,ex,apt,all,2021,config_dhw_res_001,0.90000
TR,all,all,res,ex,apt,all,2021,config_dhw_res_002,0.00000
TR,all,all,res,ex,apt,all,2021,config_dhw_res_003,0.10000
TR,all,all,res,ex,apt,all,2021,config_dhw_res_004,0.00000
TR,all,all,res,ex,apt,all,2021,config_dhw_res_005,0.00000
TR,all,all,res,ex,apt,all,2021,config_dhw_res_009,0.00000
TR,all,all,res,ex,mob,all,2021,config_dhw_res_001,0.90000
TR,all,all,res,ex,mob,all,2021,config_dhw_res_002,0.00000
TR,all,all,res,ex,mob,all,2021,config_dhw_res_003,0.10000
TR,all,all,res,ex,mob,all,2021,config_dhw_res_004,0.00000
TR,all,all,res,ex,mob,all,2021,config_dhw_res_005,0.00000
TR,all,all,res,ex,mob,all,2021,config_dhw_res_009,0.00000
all,all,all,res,ex,all,all,2021,config_appliances_res_001,1.000
all,all,all,res,ex,all,all,2021,config_lighting_res_001,1.00000
AB,all,all,res,ex,all,all,2021,config_range_res_001,0.89700
AB,all,all,res,ex,all,all,2021,config_range_res_002,0.10300
BC,all,all,res,ex,all,all,2021,config_range_res_001,0.87500
BC,all,all,res,ex,all,all,2021,config_range_res_002,0.12500
MB,all,all,res,ex,all,all,2021,config_range_res_001,0.96500
MB,all,all,res,ex,all,all,2021,config_range_res_002,0.03500
NB,all,all,res,ex,all,all,2021,config_range_res_001,0.97200
NB,all,all,res,ex,all,all,2021,config_range_res_002,0.02800
NL,all,all,res,ex,all,all,2021,config_range_res_001,0.98600
NL,all,all,res,ex,all,all,2021,config_range_res_002,0.01400
NS,all,all,res,ex,all,all,2021,config_range_res_001,0.95400
NS,all,all,res,ex,all,all,2021,config_range_res_002,0.04600
ON,all,all,res,ex,all,all,2021,config_range_res_001,0.85800
ON,all,all,res,ex,all,all,2021,config_range_res_002,0.14200
PE,all,all,res,ex,all,all,2021,config_range_res_001,0.94300
PE,all,all,res,ex,all,all,2021,config_range_res_002,0.05700
QC,all,all,res,ex,all,all,2021,config_range_res_001,0.97300
QC,all,all,res,ex,all,all,2021,config_range_res_002,0.02700
SK,all,all,res,ex,all,all,2021,config_range_res_001,0.95800
SK,all,all,res,ex,all,all,2021,config_range_res_002,0.04200
TR,all,all,res,ex,all,all,2021,config_range_res_001,0.96330
TR,all,all,res,ex,all,all,2021,config_range_res_002,0.03670
AB,all,all,res,ex,all,all,2021,config_dryer_res_001,0.90852
AB,all,all,res,ex,all,all,2021,config_dryer_res_002,0.09148
BC,all,all,res,ex,all,all,2021,config_dryer_res_001,0.99517
BC,all,all,res,ex,all,all,2021,config_dryer_res_002,0.00483
MB,all,all,res,ex,all,all,2021,config_dryer_res_001,0.93318
MB,all,all,res,ex,all,all,2021,config_dryer_res_002,0.06682
NB,all,all,res,ex,all,all,2021,config_dryer_res_001,1.00000
NB,all,all,res,ex,all,all,2021,config_dryer_res_002,0.00000
NL,all,all,res,ex,all,all,2021,config_dryer_res_001,1.00000
NL,all,all,res,ex,all,all,2021,config_dryer_res_002,0.00000
NS,all,all,res,ex,all,all,2021,config_dryer_res_001,1.00000
NS,all,all,res,ex,all,all,2021,config_dryer_res_002,0.00000
ON,all,all,res,ex,all,all,2021,config_dryer_res_001,0.97264
ON,all,all,res,ex,all,all,2021,config_dryer_res_002,0.02736
PE,all,all,res,ex,all,all,2021,config_dryer_res_001,1.00000
PE,all,all,res,ex,all,all,2021,config_dryer_res_002,0.00000
QC,all,all,res,ex,all,all,2021,config_dryer_res_001,1.00000
QC,all,all,res,ex,all,all,2021,config_dryer_res_002,0.00000
SK,all,all,res,ex,all,all,2021,config_dryer_res_001,0.74267
SK,all,all,res,ex,all,all,2021,config_dryer_res_002,0.25733
TR,all,all,res,ex,all,all,2021,config_dryer_res_001,0.90985
TR,all,all,res,ex,all,all,2021,config_dryer_res_002,0.09015
AB,all,all,com,ex,hospital,all,2021,config_hvac_com_001,0.080596413459601
AB,all,all,com,ex,hospital,all,2021,config_hvac_com_002,0.873236953455571
AB,all,all,com,ex,hospital,all,2021,config_hvac_com_003,0
AB,all,all,com,ex,hospital,all,2021,config_hvac_com_004,0
AB,all,all,com,ex,hospital,all,2021,config_hvac_com_005,0.0461666330848277
AB,all,all,com,ex,hospital,all,2021,config_hvac_com_006,0
AB,all,all,com,ex,hospital,all,2021,config_hvac_com_007,0
AB,all,all,com,ex,hospital,all,2021,config_hvac_com_008,0
AB,all,all,com,ex,hospital,all,2021,config_hvac_com_009,0
AB,all,all,com,ex,hospital,all,2021,config_hvac_com_010,0
AB,all,all,com,ex,outpatient,all,2021,config_hvac_com_001,0.080596413459601
AB,all,all,com,ex,outpatient,all,2021,config_hvac_com_002,0.873236953455571
AB,all,all,com,ex,outpatient,all,2021,config_hvac_com_003,0
AB,all,all,com,ex,outpatient,all,2021,config_hvac_com_004,0
AB,all,all,com,ex,outpatient,all,2021,config_hvac_com_005,0.0461666330848277
AB,all,all,com,ex,outpatient,all,2021,config_hvac_com_006,0
AB,all,all,com,ex,outpatient,all,2021,config_hvac_com_007,0
AB,all,all,com,ex,outpatient,all,2021,config_hvac_com_008,0
AB,all,all,com,ex,outpatient,all,2021,config_hvac_com_009,0
AB,all,all,com,ex,outpatient,all,2021,config_hvac_com_010,0
AB,all,all,com,ex,longtermcare,all,2021,config_hvac_com_001,0.080596413459601
AB,all,all,com,ex,longtermcare,all,2021,config_hvac_com_002,0.873236953455571
AB,all,all,com,ex,longtermcare,all,2021,config_hvac_com_003,0
AB,all,all,com,ex,longtermcare,all,2021,config_hvac_com_004,0
AB,all,all,com,ex,longtermcare,all,2021,config_hvac_com_005,0.0461666330848277
AB,all,all,com,ex,longtermcare,all,2021,config_hvac_com_006,0
AB,all,all,com,ex,longtermcare,all,2021,config_hvac_com_007,0
AB,all,all,com,ex,longtermcare,all,2021,config_hvac_com_008,0
AB,all,all,com,ex,longtermcare,all,2021,config_hvac_com_009,0
AB,all,all,com,ex,longtermcare,all,2021,config_hvac_com_010,0
AB,all,all,com,ex,smalloffice,all,2021,config_hvac_com_001,0.0769580137262818
AB,all,all,com,ex,smalloffice,all,2021,config_hvac_com_002,0.878759588211546
AB,all,all,com,ex,smalloffice,all,2021,config_hvac_com_003,0
AB,all,all,com,ex,smalloffice,all,2021,config_hvac_com_004,0
AB,all,all,com,ex,smalloffice,all,2021,config_hvac_com_005,0.044282398062172
AB,all,all,com,ex,smalloffice,all,2021,config_hvac_com_006,0
AB,all,all,com,ex,smalloffice,all,2021,config_hvac_com_007,0
AB,all,all,com,ex,smalloffice,all,2021,config_hvac_com_008,0
AB,all,all,com,ex,smalloffice,all,2021,config_hvac_com_009,0
AB,all,all,com,ex,smalloffice,all,2021,config_hvac_com_010,0
AB,all,all,com,ex,mediumoffice,all,2021,config_hvac_com_001,0.0769580137262818
AB,all,all,com,ex,mediumoffice,all,2021,config_hvac_com_002,0.878759588211546
AB,all,all,com,ex,mediumoffice,all,2021,config_hvac_com_003,0
AB,all,all,com,ex,mediumoffice,all,2021,config_hvac_com_004,0
AB,all,all,com,ex,mediumoffice,all,2021,config_hvac_com_005,0.044282398062172
AB,all,all,com,ex,mediumoffice,all,2021,config_hvac_com_006,0
AB,all,all,com,ex,mediumoffice,all,2021,config_hvac_com_007,0
AB,all,all,com,ex,mediumoffice,all,2021,config_hvac_com_008,0
AB,all,all,com,ex,mediumoffice,all,2021,config_hvac_com_009,0
AB,all,all,com,ex,mediumoffice,all,2021,config_hvac_com_010,0
AB,all,all,com,ex,largeoffice,all,2021,config_hvac_com_001,0.0769580137262818
AB,all,all,com,ex,largeoffice,all,2021,config_hvac_com_002,0.878759588211546
AB,all,all,com,ex,largeoffice,all,2021,config_hvac_com_003,0
AB,all,all,com,ex,largeoffice,all,2021,config_hvac_com_004,0
AB,all,all,com,ex,largeoffice,all,2021,config_hvac_com_005,0.044282398062172
AB,all,all,com,ex,largeoffice,all,2021,config_hvac_com_006,0
AB,all,all,com,ex,largeoffice,all,2021,config_hvac_com_007,0
AB,all,all,com,ex,largeoffice,all,2021,config_hvac_com_008,0
AB,all,all,com,ex,largeoffice,all,2021,config_hvac_com_009,0
AB,all,all,com,ex,largeoffice,all,2021,config_hvac_com_010,0
AB,all,all,com,ex,school,all,2021,config_hvac_com_001,0.081913499344692
AB,all,all,com,ex,school,all,2021,config_hvac_com_002,0.873853211009175
AB,all,all,com,ex,school,all,2021,config_hvac_com_003,0
AB,all,all,com,ex,school,all,2021,config_hvac_com_004,0
AB,all,all,com,ex,school,all,2021,config_hvac_com_005,0.0442332896461337
AB,all,all,com,ex,school,all,2021,config_hvac_com_006,0
AB,all,all,com,ex,school,all,2021,config_hvac_com_007,0
AB,all,all,com,ex,school,all,2021,config_hvac_com_008,0
AB,all,all,com,ex,school,all,2021,config_hvac_com_009,0
AB,all,all,com,ex,school,all,2021,config_hvac_com_010,0
AB,all,all,com,ex,university,all,2021,config_hvac_com_001,0.081913499344692
AB,all,all,com,ex,university,all,2021,config_hvac_com_002,0.873853211009175
AB,all,all,com,ex,university,all,2021,config_hvac_com_003,0
AB,all,all,com,ex,university,all,2021,config_hvac_com_004,0
AB,all,all,com,ex,university,all,2021,config_hvac_com_005,0.0442332896461337
AB,all,all,com,ex,university,all,2021,config_hvac_com_006,0
AB,all,all,com,ex,university,all,2021,config_hvac_com_007,0
AB,all,all,com,ex,university,all,2021,config_hvac_com_008,0
AB,all,all,com,ex,university,all,2021,config_hvac_com_009,0
AB,all,all,com,ex,university,all,2021,config_hvac_com_010,0
AB,all,all,com,ex,warehouse,all,2021,config_hvac_com_001,0.0806756586411194
AB,all,all,com,ex,warehouse,all,2021,config_hvac_com_002,0.875078784822892
AB,all,all,com,ex,warehouse,all,2021,config_hvac_com_003,0
AB,all,all,com,ex,warehouse,all,2021,config_hvac_com_004,0
AB,all,all,com,ex,warehouse,all,2021,config_hvac_com_005,0.0442455565359889
AB,all,all,com,ex,warehouse,all,2021,config_hvac_com_006,0
AB,all,all,com,ex,warehouse,all,2021,config_hvac_com_007,0
AB,all,all,com,ex,warehouse,all,2021,config_hvac_com_008,0
AB,all,all,com,ex,warehouse,all,2021,config_hvac_com_009,0
AB,all,all,com,ex,warehouse,all,2021,config_hvac_com_010,0
AB,all,all,com,ex,retail,all,2021,config_hvac_com_001,0.0781979164039048
AB,all,all,com,ex,retail,all,2021,config_hvac_com_002,0.877531972857756
AB,all,all,com,ex,retail,all,2021,config_hvac_com_003,0
AB,all,all,com,ex,retail,all,2021,config_hvac_com_004,0
AB,all,all,com,ex,retail,all,2021,config_hvac_com_005,0.0442701107383397
AB,all,all,com,ex,retail,all,2021,config_hvac_com_006,0
AB,all,all,com,ex,retail,all,2021,config_hvac_com_007,0
AB,all,all,com,ex,retail,all,2021,config_hvac_com_008,0
AB,all,all,com,ex,retail,all,2021,config_hvac_com_009,0
AB,all,all,com,ex,retail,all,2021,config_hvac_com_010,0
AB,all,all,com,ex,hotel,all,2021,config_hvac_com_001,0.0805964134596011
AB,all,all,com,ex,hotel,all,2021,config_hvac_com_002,0.875201491033649
AB,all,all,com,ex,hotel,all,2021,config_hvac_com_003,0
AB,all,all,com,ex,hotel,all,2021,config_hvac_com_004,0
AB,all,all,com,ex,hotel,all,2021,config_hvac_com_005,0.04420209550675
AB,all,all,com,ex,hotel,all,2021,config_hvac_com_006,0
AB,all,all,com,ex,hotel,all,2021,config_hvac_com_007,0
AB,all,all,com,ex,hotel,all,2021,config_hvac_com_008,0
AB,all,all,com,ex,hotel,all,2021,config_hvac_com_009,0
AB,all,all,com,ex,hotel,all,2021,config_hvac_com_010,0
AB,all,all,com,ex,restaurant,all,2021,config_hvac_com_001,0.0805964134596011
AB,all,all,com,ex,restaurant,all,2021,config_hvac_com_002,0.875201491033649
AB,all,all,com,ex,restaurant,all,2021,config_hvac_com_003,0
AB,all,all,com,ex,restaurant,all,2021,config_hvac_com_004,0
AB,all,all,com,ex,restaurant,all,2021,config_hvac_com_005,0.04420209550675
AB,all,all,com,ex,restaurant,all,2021,config_hvac_com_006,0
AB,all,all,com,ex,restaurant,all,2021,config_hvac_com_007,0
AB,all,all,com,ex,restaurant,all,2021,config_hvac_com_008,0
AB,all,all,com,ex,restaurant,all,2021,config_hvac_com_009,0
AB,all,all,com,ex,restaurant,all,2021,config_hvac_com_010,0
AB,all,all,com,ex,other,all,2021,config_hvac_com_001,0.0805964134596011
AB,all,all,com,ex,other,all,2021,config_hvac_com_002,0.875201491033649
AB,all,all,com,ex,other,all,2021,config_hvac_com_003,0
AB,all,all,com,ex,other,all,2021,config_hvac_com_004,0
AB,all,all,com,ex,other,all,2021,config_hvac_com_005,0.04420209550675
AB,all,all,com,ex,other,all,2021,config_hvac_com_006,0
AB,all,all,com,ex,other,all,2021,config_hvac_com_007,0
AB,all,all,com,ex,other,all,2021,config_hvac_com_008,0
AB,all,all,com,ex,other,all,2021,config_hvac_com_009,0
AB,all,all,com,ex,other,all,2021,config_hvac_com_010,0
BC,all,all,com,ex,hospital,all,2021,config_hvac_com_001,0.196270853778214
BC,all,all,com,ex,hospital,all,2021,config_hvac_com_002,0.795117762512267
BC,all,all,com,ex,hospital,all,2021,config_hvac_com_003,0.00191364082433759
BC,all,all,com,ex,hospital,all,2021,config_hvac_com_004,0
BC,all,all,com,ex,hospital,all,2021,config_hvac_com_005,0.00669774288518155
BC,all,all,com,ex,hospital,all,2021,config_hvac_com_006,0
BC,all,all,com,ex,hospital,all,2021,config_hvac_com_007,0
BC,all,all,com,ex,hospital,all,2021,config_hvac_com_008,0
BC,all,all,com,ex,hospital,all,2021,config_hvac_com_009,0
BC,all,all,com,ex,hospital,all,2021,config_hvac_com_010,0
BC,all,all,com,ex,outpatient,all,2021,config_hvac_com_001,0.196270853778214
BC,all,all,com,ex,outpatient,all,2021,config_hvac_com_002,0.795117762512267
BC,all,all,com,ex,outpatient,all,2021,config_hvac_com_003,0.00191364082433759
BC,all,all,com,ex,outpatient,all,2021,config_hvac_com_004,0
BC,all,all,com,ex,outpatient,all,2021,config_hvac_com_005,0.00669774288518155
BC,all,all,com,ex,outpatient,all,2021,config_hvac_com_006,0
BC,all,all,com,ex,outpatient,all,2021,config_hvac_com_007,0
BC,all,all,com,ex,outpatient,all,2021,config_hvac_com_008,0
BC,all,all,com,ex,outpatient,all,2021,config_hvac_com_009,0
BC,all,all,com,ex,outpatient,all,2021,config_hvac_com_010,0
BC,all,all,com,ex,longtermcare,all,2021,config_hvac_com_001,0.196270853778214
BC,all,all,com,ex,longtermcare,all,2021,config_hvac_com_002,0.795117762512267
BC,all,all,com,ex,longtermcare,all,2021,config_hvac_com_003,0.00191364082433759
BC,all,all,com,ex,longtermcare,all,2021,config_hvac_com_004,0
BC,all,all,com,ex,longtermcare,all,2021,config_hvac_com_005,0.00669774288518155
BC,all,all,com,ex,longtermcare,all,2021,config_hvac_com_006,0
BC,all,all,com,ex,longtermcare,all,2021,config_hvac_com_007,0
BC,all,all,com,ex,longtermcare,all,2021,config_hvac_com_008,0
BC,all,all,com,ex,longtermcare,all,2021,config_hvac_com_009,0
BC,all,all,com,ex,longtermcare,all,2021,config_hvac_com_010,0
BC,all,all,com,ex,smalloffice,all,2021,config_hvac_com_001,0.220990427817933
BC,all,all,com,ex,smalloffice,all,2021,config_hvac_com_002,0.749487204532135
BC,all,all,com,ex,smalloffice,all,2021,config_hvac_com_003,0.0238083610080094
BC,all,all,com,ex,smalloffice,all,2021,config_hvac_com_004,0
BC,all,all,com,ex,smalloffice,all,2021,config_hvac_com_005,0.00571400664192225
BC,all,all,com,ex,smalloffice,all,2021,config_hvac_com_006,0
BC,all,all,com,ex,smalloffice,all,2021,config_hvac_com_007,0
BC,all,all,com,ex,smalloffice,all,2021,config_hvac_com_008,0
BC,all,all,com,ex,smalloffice,all,2021,config_hvac_com_009,0
BC,all,all,com,ex,smalloffice,all,2021,config_hvac_com_010,0
BC,all,all,com,ex,mediumoffice,all,2021,config_hvac_com_001,0.220990427817933
BC,all,all,com,ex,mediumoffice,all,2021,config_hvac_com_002,0.749487204532135
BC,all,all,com,ex,mediumoffice,all,2021,config_hvac_com_003,0.0238083610080094
BC,all,all,com,ex,mediumoffice,all,2021,config_hvac_com_004,0
BC,all,all,com,ex,mediumoffice,all,2021,config_hvac_com_005,0.00571400664192225
BC,all,all,com,ex,mediumoffice,all,2021,config_hvac_com_006,0
BC,all,all,com,ex,mediumoffice,all,2021,config_hvac_com_007,0
BC,all,all,com,ex,mediumoffice,all,2021,config_hvac_com_008,0
BC,all,all,com,ex,mediumoffice,all,2021,config_hvac_com_009,0
BC,all,all,com,ex,mediumoffice,all,2021,config_hvac_com_010,0
BC,all,all,com,ex,largeoffice,all,2021,config_hvac_com_001,0.220990427817933
BC,all,all,com,ex,largeoffice,all,2021,config_hvac_com_002,0.749487204532135
BC,all,all,com,ex,largeoffice,all,2021,config_hvac_com_003,0.0238083610080094
BC,all,all,com,ex,largeoffice,all,2021,config_hvac_com_004,0
BC,all,all,com,ex,largeoffice,all,2021,config_hvac_com_005,0.00571400664192225
BC,all,all,com,ex,largeoffice,all,2021,config_hvac_com_006,0
BC,all,all,com,ex,largeoffice,all,2021,config_hvac_com_007,0
BC,all,all,com,ex,largeoffice,all,2021,config_hvac_com_008,0
BC,all,all,com,ex,largeoffice,all,2021,config_hvac_com_009,0
BC,all,all,com,ex,largeoffice,all,2021,config_hvac_com_010,0
BC,all,all,com,ex,school,all,2021,config_hvac_com_001,0.196270853778214
BC,all,all,com,ex,school,all,2021,config_hvac_com_002,0.793204121687929
BC,all,all,com,ex,school,all,2021,config_hvac_com_003,0.00191364082433759
BC,all,all,com,ex,school,all,2021,config_hvac_com_004,0
BC,all,all,com,ex,school,all,2021,config_hvac_com_005,0.00861138370951914
BC,all,all,com,ex,school,all,2021,config_hvac_com_006,0
BC,all,all,com,ex,school,all,2021,config_hvac_com_007,0
BC,all,all,com,ex,school,all,2021,config_hvac_com_008,0
BC,all,all,com,ex,school,all,2021,config_hvac_com_009,0
BC,all,all,com,ex,school,all,2021,config_hvac_com_010,0
BC,all,all,com,ex,university,all,2021,config_hvac_com_001,0.196270853778214
BC,all,all,com,ex,university,all,2021,config_hvac_com_002,0.793204121687929
BC,all,all,com,ex,university,all,2021,config_hvac_com_003,0.00191364082433759
BC,all,all,com,ex,university,all,2021,config_hvac_com_004,0
BC,all,all,com,ex,university,all,2021,config_hvac_com_005,0.00861138370951914
BC,all,all,com,ex,university,all,2021,config_hvac_com_006,0
BC,all,all,com,ex,university,all,2021,config_hvac_com_007,0
BC,all,all,com,ex,university,all,2021,config_hvac_com_008,0
BC,all,all,com,ex,university,all,2021,config_hvac_com_009,0
BC,all,all,com,ex,university,all,2021,config_hvac_com_010,0
BC,all,all,com,ex,warehouse,all,2021,config_hvac_com_001,0.196270853778214
BC,all,all,com,ex,warehouse,all,2021,config_hvac_com_002,0.796074582924436
BC,all,all,com,ex,warehouse,all,2021,config_hvac_com_003,0.000956820412168793
BC,all,all,com,ex,warehouse,all,2021,config_hvac_com_004,0
BC,all,all,com,ex,warehouse,all,2021,config_hvac_com_005,0.00669774288518155
BC,all,all,com,ex,warehouse,all,2021,config_hvac_com_006,0
BC,all,all,com,ex,warehouse,all,2021,config_hvac_com_007,0
BC,all,all,com,ex,warehouse,all,2021,config_hvac_com_008,0
BC,all,all,com,ex,warehouse,all,2021,config_hvac_com_009,0
BC,all,all,com,ex,warehouse,all,2021,config_hvac_com_010,0
BC,all,all,com,ex,retail,all,2021,config_hvac_com_001,0.218457858380727
BC,all,all,com,ex,retail,all,2021,config_hvac_com_002,0.77487856672118
BC,all,all,com,ex,retail,all,2021,config_hvac_com_003,0.000951939271156241
BC,all,all,com,ex,retail,all,2021,config_hvac_com_004,0
BC,all,all,com,ex,retail,all,2021,config_hvac_com_005,0.00571163562693744
BC,all,all,com,ex,retail,all,2021,config_hvac_com_006,0
BC,all,all,com,ex,retail,all,2021,config_hvac_com_007,0
BC,all,all,com,ex,retail,all,2021,config_hvac_com_008,0
BC,all,all,com,ex,retail,all,2021,config_hvac_com_009,0
BC,all,all,com,ex,retail,all,2021,config_hvac_com_010,0
BC,all,all,com,ex,hotel,all,2021,config_hvac_com_001,0.199789179516093
BC,all,all,com,ex,hotel,all,2021,config_hvac_com_002,0.747628269556051
BC,all,all,com,ex,hotel,all,2021,config_hvac_com_003,0.00956046380506459
BC,all,all,com,ex,hotel,all,2021,config_hvac_com_004,0
BC,all,all,com,ex,hotel,all,2021,config_hvac_com_005,0.0430220871227907
BC,all,all,com,ex,hotel,all,2021,config_hvac_com_006,0
BC,all,all,com,ex,hotel,all,2021,config_hvac_com_007,0
BC,all,all,com,ex,hotel,all,2021,config_hvac_com_008,0
BC,all,all,com,ex,hotel,all,2021,config_hvac_com_009,0
BC,all,all,com,ex,hotel,all,2021,config_hvac_com_010,0
BC,all,all,com,ex,restaurant,all,2021,config_hvac_com_001,0.199789179516093
BC,all,all,com,ex,restaurant,all,2021,config_hvac_com_002,0.747628269556051
BC,all,all,com,ex,restaurant,all,2021,config_hvac_com_003,0.00956046380506459
BC,all,all,com,ex,restaurant,all,2021,config_hvac_com_004,0
BC,all,all,com,ex,restaurant,all,2021,config_hvac_com_005,0.0430220871227907
BC,all,all,com,ex,restaurant,all,2021,config_hvac_com_006,0
BC,all,all,com,ex,restaurant,all,2021,config_hvac_com_007,0
BC,all,all,com,ex,restaurant,all,2021,config_hvac_com_008,0
BC,all,all,com,ex,restaurant,all,2021,config_hvac_com_009,0
BC,all,all,com,ex,restaurant,all,2021,config_hvac_com_010,0
BC,all,all,com,ex,other,all,2021,config_hvac_com_001,0.200960690128419
BC,all,all,com,ex,other,all,2021,config_hvac_com_002,0.735001470444074
BC,all,all,com,ex,other,all,2021,config_hvac_com_003,0.015292618370748
BC,all,all,com,ex,other,all,2021,config_hvac_com_004,0
BC,all,all,com,ex,other,all,2021,config_hvac_com_005,0.0487452210567591
BC,all,all,com,ex,other,all,2021,config_hvac_com_006,0
BC,all,all,com,ex,other,all,2021,config_hvac_com_007,0
BC,all,all,com,ex,other,all,2021,config_hvac_com_008,0
BC,all,all,com,ex,other,all,2021,config_hvac_com_009,0
BC,all,all,com,ex,other,all,2021,config_hvac_com_010,0
MB,all,all,com,ex,hospital,all,2021,config_hvac_com_001,0.377371799393384
MB,all,all,com,ex,hospital,all,2021,config_hvac_com_002,0.589616985257812
MB,all,all,com,ex,hospital,all,2021,config_hvac_com_003,0
MB,all,all,com,ex,hospital,all,2021,config_hvac_com_004,0
MB,all,all,com,ex,hospital,all,2021,config_hvac_com_005,0.0330112153488044
MB,all,all,com,ex,hospital,all,2021,config_hvac_com_006,0
MB,all,all,com,ex,hospital,all,2021,config_hvac_com_007,0
MB,all,all,com,ex,hospital,all,2021,config_hvac_com_008,0
MB,all,all,com,ex,hospital,all,2021,config_hvac_com_009,0
MB,all,all,com,ex,hospital,all,2021,config_hvac_com_010,0
MB,all,all,com,ex,outpatient,all,2021,config_hvac_com_001,0.377371799393384
MB,all,all,com,ex,outpatient,all,2021,config_hvac_com_002,0.589616985257812
MB,all,all,com,ex,outpatient,all,2021,config_hvac_com_003,0
MB,all,all,com,ex,outpatient,all,2021,config_hvac_com_004,0
MB,all,all,com,ex,outpatient,all,2021,config_hvac_com_005,0.0330112153488044
MB,all,all,com,ex,outpatient,all,2021,config_hvac_com_006,0
MB,all,all,com,ex,outpatient,all,2021,config_hvac_com_007,0
MB,all,all,com,ex,outpatient,all,2021,config_hvac_com_008,0
MB,all,all,com,ex,outpatient,all,2021,config_hvac_com_009,0
MB,all,all,com,ex,outpatient,all,2021,config_hvac_com_010,0
MB,all,all,com,ex,longtermcare,all,2021,config_hvac_com_001,0.377371799393384
MB,all,all,com,ex,longtermcare,all,2021,config_hvac_com_002,0.589616985257812
MB,all,all,com,ex,longtermcare,all,2021,config_hvac_com_003,0
MB,all,all,com,ex,longtermcare,all,2021,config_hvac_com_004,0
MB,all,all,com,ex,longtermcare,all,2021,config_hvac_com_005,0.0330112153488044
MB,all,all,com,ex,longtermcare,all,2021,config_hvac_com_006,0
MB,all,all,com,ex,longtermcare,all,2021,config_hvac_com_007,0
MB,all,all,com,ex,longtermcare,all,2021,config_hvac_com_008,0
MB,all,all,com,ex,longtermcare,all,2021,config_hvac_com_009,0
MB,all,all,com,ex,longtermcare,all,2021,config_hvac_com_010,0
MB,all,all,com,ex,smalloffice,all,2021,config_hvac_com_001,0.233508464681845
MB,all,all,com,ex,smalloffice,all,2021,config_hvac_com_002,0.722854640980736
MB,all,all,com,ex,smalloffice,all,2021,config_hvac_com_003,0.0170753064798599
MB,all,all,com,ex,smalloffice,all,2021,config_hvac_com_004,0
MB,all,all,com,ex,smalloffice,all,2021,config_hvac_com_005,0.0265615878575598
MB,all,all,com,ex,smalloffice,all,2021,config_hvac_com_006,0
MB,all,all,com,ex,smalloffice,all,2021,config_hvac_com_007,0
MB,all,all,com,ex,smalloffice,all,2021,config_hvac_com_008,0
MB,all,all,com,ex,smalloffice,all,2021,config_hvac_com_009,0
MB,all,all,com,ex,smalloffice,all,2021,config_hvac_com_010,0
MB,all,all,com,ex,mediumoffice,all,2021,config_hvac_com_001,0.233508464681845
MB,all,all,com,ex,mediumoffice,all,2021,config_hvac_com_002,0.722854640980736
MB,all,all,com,ex,mediumoffice,all,2021,config_hvac_com_003,0.0170753064798599
MB,all,all,com,ex,mediumoffice,all,2021,config_hvac_com_004,0
MB,all,all,com,ex,mediumoffice,all,2021,config_hvac_com_005,0.0265615878575598
MB,all,all,com,ex,mediumoffice,all,2021,config_hvac_com_006,0
MB,all,all,com,ex,mediumoffice,all,2021,config_hvac_com_007,0
MB,all,all,com,ex,mediumoffice,all,2021,config_hvac_com_008,0
MB,all,all,com,ex,mediumoffice,all,2021,config_hvac_com_009,0
MB,all,all,com,ex,mediumoffice,all,2021,config_hvac_com_010,0
MB,all,all,com,ex,largeoffice,all,2021,config_hvac_com_001,0.233508464681845
MB,all,all,com,ex,largeoffice,all,2021,config_hvac_com_002,0.722854640980736
MB,all,all,com,ex,largeoffice,all,2021,config_hvac_com_003,0.0170753064798599
MB,all,all,com,ex,largeoffice,all,2021,config_hvac_com_004,0
MB,all,all,com,ex,largeoffice,all,2021,config_hvac_com_005,0.0265615878575598
MB,all,all,com,ex,largeoffice,all,2021,config_hvac_com_006,0
MB,all,all,com,ex,largeoffice,all,2021,config_hvac_com_007,0
MB,all,all,com,ex,largeoffice,all,2021,config_hvac_com_008,0
MB,all,all,com,ex,largeoffice,all,2021,config_hvac_com_009,0
MB,all,all,com,ex,largeoffice,all,2021,config_hvac_com_010,0
MB,all,all,com,ex,school,all,2021,config_hvac_com_001,0.207006369426752
MB,all,all,com,ex,school,all,2021,config_hvac_com_002,0.753821656050955
MB,all,all,com,ex,school,all,2021,config_hvac_com_003,0
MB,all,all,com,ex,school,all,2021,config_hvac_com_004,0
MB,all,all,com,ex,school,all,2021,config_hvac_com_005,0.039171974522293
MB,all,all,com,ex,school,all,2021,config_hvac_com_006,0
MB,all,all,com,ex,school,all,2021,config_hvac_com_007,0
MB,all,all,com,ex,school,all,2021,config_hvac_com_008,0
MB,all,all,com,ex,school,all,2021,config_hvac_com_009,0
MB,all,all,com,ex,school,all,2021,config_hvac_com_010,0
MB,all,all,com,ex,university,all,2021,config_hvac_com_001,0.207006369426752
MB,all,all,com,ex,university,all,2021,config_hvac_com_002,0.753821656050955
MB,all,all,com,ex,university,all,2021,config_hvac_com_003,0
MB,all,all,com,ex,university,all,2021,config_hvac_com_004,0
MB,all,all,com,ex,university,all,2021,config_hvac_com_005,0.039171974522293
MB,all,all,com,ex,university,all,2021,config_hvac_com_006,0
MB,all,all,com,ex,university,all,2021,config_hvac_com_007,0
MB,all,all,com,ex,university,all,2021,config_hvac_com_008,0
MB,all,all,com,ex,university,all,2021,config_hvac_com_009,0
MB,all,all,com,ex,university,all,2021,config_hvac_com_010,0
MB,all,all,com,ex,warehouse,all,2021,config_hvac_com_001,0.206808781419026
MB,all,all,com,ex,warehouse,all,2021,config_hvac_com_002,0.761692650334076
MB,all,all,com,ex,warehouse,all,2021,config_hvac_com_003,0
MB,all,all,com,ex,warehouse,all,2021,config_hvac_com_004,0
MB,all,all,com,ex,warehouse,all,2021,config_hvac_com_005,0.0314985682468979
MB,all,all,com,ex,warehouse,all,2021,config_hvac_com_006,0
MB,all,all,com,ex,warehouse,all,2021,config_hvac_com_007,0
MB,all,all,com,ex,warehouse,all,2021,config_hvac_com_008,0
MB,all,all,com,ex,warehouse,all,2021,config_hvac_com_009,0
MB,all,all,com,ex,warehouse,all,2021,config_hvac_com_010,0
MB,all,all,com,ex,retail,all,2021,config_hvac_com_001,0.225631768953069
MB,all,all,com,ex,retail,all,2021,config_hvac_com_002,0.745828861352327
MB,all,all,com,ex,retail,all,2021,config_hvac_com_003,0
MB,all,all,com,ex,retail,all,2021,config_hvac_com_004,0
MB,all,all,com,ex,retail,all,2021,config_hvac_com_005,0.0285393696946043
MB,all,all,com,ex,retail,all,2021,config_hvac_com_006,0
MB,all,all,com,ex,retail,all,2021,config_hvac_com_007,0
MB,all,all,com,ex,retail,all,2021,config_hvac_com_008,0
MB,all,all,com,ex,retail,all,2021,config_hvac_com_009,0
MB,all,all,com,ex,retail,all,2021,config_hvac_com_010,0
MB,all,all,com,ex,hotel,all,2021,config_hvac_com_001,0.203496212028342
MB,all,all,com,ex,hotel,all,2021,config_hvac_com_002,0.767818177360433
MB,all,all,com,ex,hotel,all,2021,config_hvac_com_003,0
MB,all,all,com,ex,hotel,all,2021,config_hvac_com_004,0
MB,all,all,com,ex,hotel,all,2021,config_hvac_com_005,0.0286856106112242
MB,all,all,com,ex,hotel,all,2021,config_hvac_com_006,0
MB,all,all,com,ex,hotel,all,2021,config_hvac_com_007,0
MB,all,all,com,ex,hotel,all,2021,config_hvac_com_008,0
MB,all,all,com,ex,hotel,all,2021,config_hvac_com_009,0
MB,all,all,com,ex,hotel,all,2021,config_hvac_com_010,0
MB,all,all,com,ex,restaurant,all,2021,config_hvac_com_001,0.203496212028342
MB,all,all,com,ex,restaurant,all,2021,config_hvac_com_002,0.767818177360433
MB,all,all,com,ex,restaurant,all,2021,config_hvac_com_003,0
MB,all,all,com,ex,restaurant,all,2021,config_hvac_com_004,0
MB,all,all,com,ex,restaurant,all,2021,config_hvac_com_005,0.0286856106112242
MB,all,all,com,ex,restaurant,all,2021,config_hvac_com_006,0
MB,all,all,com,ex,restaurant,all,2021,config_hvac_com_007,0
MB,all,all,com,ex,restaurant,all,2021,config_hvac_com_008,0
MB,all,all,com,ex,restaurant,all,2021,config_hvac_com_009,0
MB,all,all,com,ex,restaurant,all,2021,config_hvac_com_010,0
MB,all,all,com,ex,other,all,2021,config_hvac_com_001,0.221729490022173
MB,all,all,com,ex,other,all,2021,config_hvac_com_002,0.664238200823567
MB,all,all,com,ex,other,all,2021,config_hvac_com_003,0.0883750395945518
MB,all,all,com,ex,other,all,2021,config_hvac_com_004,0
MB,all,all,com,ex,other,all,2021,config_hvac_com_005,0.0256572695597086
MB,all,all,com,ex,other,all,2021,config_hvac_com_006,0
MB,all,all,com,ex,other,all,2021,config_hvac_com_007,0
MB,all,all,com,ex,other,all,2021,config_hvac_com_008,0
MB,all,all,com,ex,other,all,2021,config_hvac_com_009,0
MB,all,all,com,ex,other,all,2021,config_hvac_com_010,0
NB,all,all,com,ex,hospital,all,2021,config_hvac_com_001,0.220780171257105
NB,all,all,com,ex,hospital,all,2021,config_hvac_com_002,0.110365690029519
NB,all,all,com,ex,hospital,all,2021,config_hvac_com_003,0.647922714742261
NB,all,all,com,ex,hospital,all,2021,config_hvac_com_004,0
NB,all,all,com,ex,hospital,all,2021,config_hvac_com_005,0.0209314239711156
NB,all,all,com,ex,hospital,all,2021,config_hvac_com_006,0
NB,all,all,com,ex,hospital,all,2021,config_hvac_com_007,0
NB,all,all,com,ex,hospital,all,2021,config_hvac_com_008,0
NB,all,all,com,ex,hospital,all,2021,config_hvac_com_009,0
NB,all,all,com,ex,hospital,all,2021,config_hvac_com_010,0
NB,all,all,com,ex,outpatient,all,2021,config_hvac_com_001,0.220780171257105
NB,all,all,com,ex,outpatient,all,2021,config_hvac_com_002,0.110365690029519
NB,all,all,com,ex,outpatient,all,2021,config_hvac_com_003,0.647922714742261
NB,all,all,com,ex,outpatient,all,2021,config_hvac_com_004,0
NB,all,all,com,ex,outpatient,all,2021,config_hvac_com_005,0.0209314239711156
NB,all,all,com,ex,outpatient,all,2021,config_hvac_com_006,0
NB,all,all,com,ex,outpatient,all,2021,config_hvac_com_007,0
NB,all,all,com,ex,outpatient,all,2021,config_hvac_com_008,0
NB,all,all,com,ex,outpatient,all,2021,config_hvac_com_009,0
NB,all,all,com,ex,outpatient,all,2021,config_hvac_com_010,0
NB,all,all,com,ex,longtermcare,all,2021,config_hvac_com_001,0.220780171257105
NB,all,all,com,ex,longtermcare,all,2021,config_hvac_com_002,0.110365690029519
NB,all,all,com,ex,longtermcare,all,2021,config_hvac_com_003,0.647922714742261
NB,all,all,com,ex,longtermcare,all,2021,config_hvac_com_004,0
NB,all,all,com,ex,longtermcare,all,2021,config_hvac_com_005,0.0209314239711156
NB,all,all,com,ex,longtermcare,all,2021,config_hvac_com_006,0
NB,all,all,com,ex,longtermcare,all,2021,config_hvac_com_007,0
NB,all,all,com,ex,longtermcare,all,2021,config_hvac_com_008,0
NB,all,all,com,ex,longtermcare,all,2021,config_hvac_com_009,0
NB,all,all,com,ex,longtermcare,all,2021,config_hvac_com_010,0
NB,all,all,com,ex,smalloffice,all,2021,config_hvac_com_001,0.133160763620977
NB,all,all,com,ex,smalloffice,all,2021,config_hvac_com_002,0.480498792841676
NB,all,all,com,ex,smalloffice,all,2021,config_hvac_com_003,0.370809169425293
NB,all,all,com,ex,smalloffice,all,2021,config_hvac_com_004,0
NB,all,all,com,ex,smalloffice,all,2021,config_hvac_com_005,0.0155312741120542
NB,all,all,com,ex,smalloffice,all,2021,config_hvac_com_006,0
NB,all,all,com,ex,smalloffice,all,2021,config_hvac_com_007,0
NB,all,all,com,ex,smalloffice,all,2021,config_hvac_com_008,0
NB,all,all,com,ex,smalloffice,all,2021,config_hvac_com_009,0
NB,all,all,com,ex,smalloffice,all,2021,config_hvac_com_010,0
NB,all,all,com,ex,mediumoffice,all,2021,config_hvac_com_001,0.133160763620977
NB,all,all,com,ex,mediumoffice,all,2021,config_hvac_com_002,0.480498792841676
NB,all,all,com,ex,mediumoffice,all,2021,config_hvac_com_003,0.370809169425293
NB,all,all,com,ex,mediumoffice,all,2021,config_hvac_com_004,0
NB,all,all,com,ex,mediumoffice,all,2021,config_hvac_com_005,0.0155312741120542
NB,all,all,com,ex,mediumoffice,all,2021,config_hvac_com_006,0
NB,all,all,com,ex,mediumoffice,all,2021,config_hvac_com_007,0
NB,all,all,com,ex,mediumoffice,all,2021,config_hvac_com_008,0
NB,all,all,com,ex,mediumoffice,all,2021,config_hvac_com_009,0
NB,all,all,com,ex,mediumoffice,all,2021,config_hvac_com_010,0
NB,all,all,com,ex,largeoffice,all,2021,config_hvac_com_001,0.133160763620977
NB,all,all,com,ex,largeoffice,all,2021,config_hvac_com_002,0.480498792841676
NB,all,all,com,ex,largeoffice,all,2021,config_hvac_com_003,0.370809169425293
NB,all,all,com,ex,largeoffice,all,2021,config_hvac_com_004,0
NB,all,all,com,ex,largeoffice,all,2021,config_hvac_com_005,0.0155312741120542
NB,all,all,com,ex,largeoffice,all,2021,config_hvac_com_006,0
NB,all,all,com,ex,largeoffice,all,2021,config_hvac_com_007,0
NB,all,all,com,ex,largeoffice,all,2021,config_hvac_com_008,0
NB,all,all,com,ex,largeoffice,all,2021,config_hvac_com_009,0
NB,all,all,com,ex,largeoffice,all,2021,config_hvac_com_010,0
NB,all,all,com,ex,school,all,2021,config_hvac_com_001,0.362224791750242
NB,all,all,com,ex,school,all,2021,config_hvac_com_002,0.455553720178399
NB,all,all,com,ex,school,all,2021,config_hvac_com_003,0.0625811171154164
NB,all,all,com,ex,school,all,2021,config_hvac_com_004,0
NB,all,all,com,ex,school,all,2021,config_hvac_com_005,0.119640370955943
NB,all,all,com,ex,school,all,2021,config_hvac_com_006,0
NB,all,all,com,ex,school,all,2021,config_hvac_com_007,0
NB,all,all,com,ex,school,all,2021,config_hvac_com_008,0
NB,all,all,com,ex,school,all,2021,config_hvac_com_009,0
NB,all,all,com,ex,school,all,2021,config_hvac_com_010,0
NB,all,all,com,ex,university,all,2021,config_hvac_com_001,0.362224791750242
NB,all,all,com,ex,university,all,2021,config_hvac_com_002,0.455553720178399
NB,all,all,com,ex,university,all,2021,config_hvac_com_003,0.0625811171154164
NB,all,all,com,ex,university,all,2021,config_hvac_com_004,0
NB,all,all,com,ex,university,all,2021,config_hvac_com_005,0.119640370955943
NB,all,all,com,ex,university,all,2021,config_hvac_com_006,0
NB,all,all,com,ex,university,all,2021,config_hvac_com_007,0
NB,all,all,com,ex,university,all,2021,config_hvac_com_008,0
NB,all,all,com,ex,university,all,2021,config_hvac_com_009,0
NB,all,all,com,ex,university,all,2021,config_hvac_com_010,0
NB,all,all,com,ex,warehouse,all,2021,config_hvac_com_001,0.47569803516029
NB,all,all,com,ex,warehouse,all,2021,config_hvac_com_002,0.373733195449845
NB,all,all,com,ex,warehouse,all,2021,config_hvac_com_003,0.0528783178214409
NB,all,all,com,ex,warehouse,all,2021,config_hvac_com_004,0
NB,all,all,com,ex,warehouse,all,2021,config_hvac_com_005,0.0976904515684247
NB,all,all,com,ex,warehouse,all,2021,config_hvac_com_006,0
NB,all,all,com,ex,warehouse,all,2021,config_hvac_com_007,0
NB,all,all,com,ex,warehouse,all,2021,config_hvac_com_008,0
NB,all,all,com,ex,warehouse,all,2021,config_hvac_com_009,0
NB,all,all,com,ex,warehouse,all,2021,config_hvac_com_010,0
NB,all,all,com,ex,retail,all,2021,config_hvac_com_001,0.558841387995592
NB,all,all,com,ex,retail,all,2021,config_hvac_com_002,0.313985652281467
NB,all,all,com,ex,retail,all,2021,config_hvac_com_003,0.0447297996266895
NB,all,all,com,ex,retail,all,2021,config_hvac_com_004,0
NB,all,all,com,ex,retail,all,2021,config_hvac_com_005,0.0824431600962512
NB,all,all,com,ex,retail,all,2021,config_hvac_com_006,0
NB,all,all,com,ex,retail,all,2021,config_hvac_com_007,0
NB,all,all,com,ex,retail,all,2021,config_hvac_com_008,0
NB,all,all,com,ex,retail,all,2021,config_hvac_com_009,0
NB,all,all,com,ex,retail,all,2021,config_hvac_com_010,0
NB,all,all,com,ex,hotel,all,2021,config_hvac_com_001,0.266457680250784
NB,all,all,com,ex,hotel,all,2021,config_hvac_com_002,0.104388714733542
NB,all,all,com,ex,hotel,all,2021,config_hvac_com_003,0.609404388714734
NB,all,all,com,ex,hotel,all,2021,config_hvac_com_004,0
NB,all,all,com,ex,hotel,all,2021,config_hvac_com_005,0.0197492163009404
NB,all,all,com,ex,hotel,all,2021,config_hvac_com_006,0
NB,all,all,com,ex,hotel,all,2021,config_hvac_com_007,0
NB,all,all,com,ex,hotel,all,2021,config_hvac_com_008,0
NB,all,all,com,ex,hotel,all,2021,config_hvac_com_009,0
NB,all,all,com,ex,hotel,all,2021,config_hvac_com_010,0
NB,all,all,com,ex,restaurant,all,2021,config_hvac_com_001,0.266457680250784
NB,all,all,com,ex,restaurant,all,2021,config_hvac_com_002,0.104388714733542
NB,all,all,com,ex,restaurant,all,2021,config_hvac_com_003,0.609404388714734
NB,all,all,com,ex,restaurant,all,2021,config_hvac_com_004,0
NB,all,all,com,ex,restaurant,all,2021,config_hvac_com_005,0.0197492163009404
NB,all,all,com,ex,restaurant,all,2021,config_hvac_com_006,0
NB,all,all,com,ex,restaurant,all,2021,config_hvac_com_007,0
NB,all,all,com,ex,restaurant,all,2021,config_hvac_com_008,0
NB,all,all,com,ex,restaurant,all,2021,config_hvac_com_009,0
NB,all,all,com,ex,restaurant,all,2021,config_hvac_com_010,0
NB,all,all,com,ex,other,all,2021,config_hvac_com_001,0.48347921726777
NB,all,all,com,ex,other,all,2021,config_hvac_com_002,0.36907107831905
NB,all,all,com,ex,other,all,2021,config_hvac_com_003,0.0509371706154622
NB,all,all,com,ex,other,all,2021,config_hvac_com_004,0
NB,all,all,com,ex,other,all,2021,config_hvac_com_005,0.0965125337977178
NB,all,all,com,ex,other,all,2021,config_hvac_com_006,0
NB,all,all,com,ex,other,all,2021,config_hvac_com_007,0
NB,all,all,com,ex,other,all,2021,config_hvac_com_008,0
NB,all,all,com,ex,other,all,2021,config_hvac_com_009,0
NB,all,all,com,ex,other,all,2021,config_hvac_com_010,0
NL,all,all,com,ex,hospital,all,2021,config_hvac_com_001,0.220780171257105
NL,all,all,com,ex,hospital,all,2021,config_hvac_com_002,0.110365690029519
NL,all,all,com,ex,hospital,all,2021,config_hvac_com_003,0.647922714742261
NL,all,all,com,ex,hospital,all,2021,config_hvac_com_004,0
NL,all,all,com,ex,hospital,all,2021,config_hvac_com_005,0.0209314239711156
NL,all,all,com,ex,hospital,all,2021,config_hvac_com_006,0
NL,all,all,com,ex,hospital,all,2021,config_hvac_com_007,0
NL,all,all,com,ex,hospital,all,2021,config_hvac_com_008,0
NL,all,all,com,ex,hospital,all,2021,config_hvac_com_009,0
NL,all,all,com,ex,hospital,all,2021,config_hvac_com_010,0
NL,all,all,com,ex,outpatient,all,2021,config_hvac_com_001,0.220780171257105
NL,all,all,com,ex,outpatient,all,2021,config_hvac_com_002,0.110365690029519
NL,all,all,com,ex,outpatient,all,2021,config_hvac_com_003,0.647922714742261
NL,all,all,com,ex,outpatient,all,2021,config_hvac_com_004,0
NL,all,all,com,ex,outpatient,all,2021,config_hvac_com_005,0.0209314239711156
NL,all,all,com,ex,outpatient,all,2021,config_hvac_com_006,0
NL,all,all,com,ex,outpatient,all,2021,config_hvac_com_007,0
NL,all,all,com,ex,outpatient,all,2021,config_hvac_com_008,0
NL,all,all,com,ex,outpatient,all,2021,config_hvac_com_009,0
NL,all,all,com,ex,outpatient,all,2021,config_hvac_com_010,0
NL,all,all,com,ex,longtermcare,all,2021,config_hvac_com_001,0.220780171257105
NL,all,all,com,ex,longtermcare,all,2021,config_hvac_com_002,0.110365690029519
NL,all,all,com,ex,longtermcare,all,2021,config_hvac_com_003,0.647922714742261
NL,all,all,com,ex,longtermcare,all,2021,config_hvac_com_004,0
NL,all,all,com,ex,longtermcare,all,2021,config_hvac_com_005,0.0209314239711156
NL,all,all,com,ex,longtermcare,all,2021,config_hvac_com_006,0
NL,all,all,com,ex,longtermcare,all,2021,config_hvac_com_007,0
NL,all,all,com,ex,longtermcare,all,2021,config_hvac_com_008,0
NL,all,all,com,ex,longtermcare,all,2021,config_hvac_com_009,0
NL,all,all,com,ex,longtermcare,all,2021,config_hvac_com_010,0
NL,all,all,com,ex,smalloffice,all,2021,config_hvac_com_001,0.133160763620977
NL,all,all,com,ex,smalloffice,all,2021,config_hvac_com_002,0.480498792841676
NL,all,all,com,ex,smalloffice,all,2021,config_hvac_com_003,0.370809169425293
NL,all,all,com,ex,smalloffice,all,2021,config_hvac_com_004,0
NL,all,all,com,ex,smalloffice,all,2021,config_hvac_com_005,0.0155312741120542
NL,all,all,com,ex,smalloffice,all,2021,config_hvac_com_006,0
NL,all,all,com,ex,smalloffice,all,2021,config_hvac_com_007,0
NL,all,all,com,ex,smalloffice,all,2021,config_hvac_com_008,0
NL,all,all,com,ex,smalloffice,all,2021,config_hvac_com_009,0
NL,all,all,com,ex,smalloffice,all,2021,config_hvac_com_010,0
NL,all,all,com,ex,mediumoffice,all,2021,config_hvac_com_001,0.133160763620977
NL,all,all,com,ex,mediumoffice,all,2021,config_hvac_com_002,0.480498792841676
NL,all,all,com,ex,mediumoffice,all,2021,config_hvac_com_003,0.370809169425293
NL,all,all,com,ex,mediumoffice,all,2021,config_hvac_com_004,0
NL,all,all,com,ex,mediumoffice,all,2021,config_hvac_com_005,0.0155312741120542
NL,all,all,com,ex,mediumoffice,all,2021,config_hvac_com_006,0
NL,all,all,com,ex,mediumoffice,all,2021,config_hvac_com_007,0
NL,all,all,com,ex,mediumoffice,all,2021,config_hvac_com_008,0
NL,all,all,com,ex,mediumoffice,all,2021,config_hvac_com_009,0
NL,all,all,com,ex,mediumoffice,all,2021,config_hvac_com_010,0
NL,all,all,com,ex,largeoffice,all,2021,config_hvac_com_001,0.133160763620977
NL,all,all,com,ex,largeoffice,all,2021,config_hvac_com_002,0.480498792841676
NL,all,all,com,ex,largeoffice,all,2021,config_hvac_com_003,0.370809169425293
NL,all,all,com,ex,largeoffice,all,2021,config_hvac_com_004,0
NL,all,all,com,ex,largeoffice,all,2021,config_hvac_com_005,0.0155312741120542
NL,all,all,com,ex,largeoffice,all,2021,config_hvac_com_006,0
NL,all,all,com,ex,largeoffice,all,2021,config_hvac_com_007,0
NL,all,all,com,ex,largeoffice,all,2021,config_hvac_com_008,0
NL,all,all,com,ex,largeoffice,all,2021,config_hvac_com_009,0
NL,all,all,com,ex,largeoffice,all,2021,config_hvac_com_010,0
NL,all,all,com,ex,school,all,2021,config_hvac_com_001,0.362224791750242
NL,all,all,com,ex,school,all,2021,config_hvac_com_002,0.455553720178399
NL,all,all,com,ex,school,all,2021,config_hvac_com_003,0.0625811171154164
NL,all,all,com,ex,school,all,2021,config_hvac_com_004,0
NL,all,all,com,ex,school,all,2021,config_hvac_com_005,0.119640370955943
NL,all,all,com,ex,school,all,2021,config_hvac_com_006,0
NL,all,all,com,ex,school,all,2021,config_hvac_com_007,0
NL,all,all,com,ex,school,all,2021,config_hvac_com_008,0
NL,all,all,com,ex,school,all,2021,config_hvac_com_009,0
NL,all,all,com,ex,school,all,2021,config_hvac_com_010,0
NL,all,all,com,ex,university,all,2021,config_hvac_com_001,0.362224791750242
NL,all,all,com,ex,university,all,2021,config_hvac_com_002,0.455553720178399
NL,all,all,com,ex,university,all,2021,config_hvac_com_003,0.0625811171154164
NL,all,all,com,ex,university,all,2021,config_hvac_com_004,0
NL,all,all,com,ex,university,all,2021,config_hvac_com_005,0.119640370955943
NL,all,all,com,ex,university,all,2021,config_hvac_com_006,0
NL,all,all,com,ex,university,all,2021,config_hvac_com_007,0
NL,all,all,com,ex,university,all,2021,config_hvac_com_008,0
NL,all,all,com,ex,university,all,2021,config_hvac_com_009,0
NL,all,all,com,ex,university,all,2021,config_hvac_com_010,0
NL,all,all,com,ex,warehouse,all,2021,config_hvac_com_001,0.47569803516029
NL,all,all,com,ex,warehouse,all,2021,config_hvac_com_002,0.373733195449845
NL,all,all,com,ex,warehouse,all,2021,config_hvac_com_003,0.0528783178214409
NL,all,all,com,ex,warehouse,all,2021,config_hvac_com_004,0
NL,all,all,com,ex,warehouse,all,2021,config_hvac_com_005,0.0976904515684247
NL,all,all,com,ex,warehouse,all,2021,config_hvac_com_006,0
NL,all,all,com,ex,warehouse,all,2021,config_hvac_com_007,0
NL,all,all,com,ex,warehouse,all,2021,config_hvac_com_008,0
NL,all,all,com,ex,warehouse,all,2021,config_hvac_com_009,0
NL,all,all,com,ex,warehouse,all,2021,config_hvac_com_010,0
NL,all,all,com,ex,retail,all,2021,config_hvac_com_001,0.558841387995592
NL,all,all,com,ex,retail,all,2021,config_hvac_com_002,0.313985652281467
NL,all,all,com,ex,retail,all,2021,config_hvac_com_003,0.0447297996266895
NL,all,all,com,ex,retail,all,2021,config_hvac_com_004,0
NL,all,all,com,ex,retail,all,2021,config_hvac_com_005,0.0824431600962512
NL,all,all,com,ex,retail,all,2021,config_hvac_com_006,0
NL,all,all,com,ex,retail,all,2021,config_hvac_com_007,0
NL,all,all,com,ex,retail,all,2021,config_hvac_com_008,0
NL,all,all,com,ex,retail,all,2021,config_hvac_com_009,0
NL,all,all,com,ex,retail,all,2021,config_hvac_com_010,0
NL,all,all,com,ex,hotel,all,2021,config_hvac_com_001,0.266457680250784
NL,all,all,com,ex,hotel,all,2021,config_hvac_com_002,0.104388714733542
NL,all,all,com,ex,hotel,all,2021,config_hvac_com_003,0.609404388714734
NL,all,all,com,ex,hotel,all,2021,config_hvac_com_004,0
NL,all,all,com,ex,hotel,all,2021,config_hvac_com_005,0.0197492163009404
NL,all,all,com,ex,hotel,all,2021,config_hvac_com_006,0
NL,all,all,com,ex,hotel,all,2021,config_hvac_com_007,0
NL,all,all,com,ex,hotel,all,2021,config_hvac_com_008,0
NL,all,all,com,ex,hotel,all,2021,config_hvac_com_009,0
NL,all,all,com,ex,hotel,all,2021,config_hvac_com_010,0
NL,all,all,com,ex,restaurant,all,2021,config_hvac_com_001,0.266457680250784
NL,all,all,com,ex,restaurant,all,2021,config_hvac_com_002,0.104388714733542
NL,all,all,com,ex,restaurant,all,2021,config_hvac_com_003,0.609404388714734
NL,all,all,com,ex,restaurant,all,2021,config_hvac_com_004,0
NL,all,all,com,ex,restaurant,all,2021,config_hvac_com_005,0.0197492163009404
NL,all,all,com,ex,restaurant,all,2021,config_hvac_com_006,0
NL,all,all,com,ex,restaurant,all,2021,config_hvac_com_007,0
NL,all,all,com,ex,restaurant,all,2021,config_hvac_com_008,0
NL,all,all,com,ex,restaurant,all,2021,config_hvac_com_009,0
NL,all,all,com,ex,restaurant,all,2021,config_hvac_com_010,0
NL,all,all,com,ex,other,all,2021,config_hvac_com_001,0.48347921726777
NL,all,all,com,ex,other,all,2021,config_hvac_com_002,0.36907107831905
NL,all,all,com,ex,other,all,2021,config_hvac_com_003,0.0509371706154622
NL,all,all,com,ex,other,all,2021,config_hvac_com_004,0
NL,all,all,com,ex,other,all,2021,config_hvac_com_005,0.0965125337977178
NL,all,all,com,ex,other,all,2021,config_hvac_com_006,0
NL,all,all,com,ex,other,all,2021,config_hvac_com_007,0
NL,all,all,com,ex,other,all,2021,config_hvac_com_008,0
NL,all,all,com,ex,other,all,2021,config_hvac_com_009,0
NL,all,all,com,ex,other,all,2021,config_hvac_com_010,0
NS,all,all,com,ex,hospital,all,2021,config_hvac_com_001,0.220780171257105
NS,all,all,com,ex,hospital,all,2021,config_hvac_com_002,0.110365690029519
NS,all,all,com,ex,hospital,all,2021,config_hvac_com_003,0.647922714742261
NS,all,all,com,ex,hospital,all,2021,config_hvac_com_004,0
NS,all,all,com,ex,hospital,all,2021,config_hvac_com_005,0.0209314239711156
NS,all,all,com,ex,hospital,all,2021,config_hvac_com_006,0
NS,all,all,com,ex,hospital,all,2021,config_hvac_com_007,0
NS,all,all,com,ex,hospital,all,2021,config_hvac_com_008,0
NS,all,all,com,ex,hospital,all,2021,config_hvac_com_009,0
NS,all,all,com,ex,hospital,all,2021,config_hvac_com_010,0
NS,all,all,com,ex,outpatient,all,2021,config_hvac_com_001,0.220780171257105
NS,all,all,com,ex,outpatient,all,2021,config_hvac_com_002,0.110365690029519
NS,all,all,com,ex,outpatient,all,2021,config_hvac_com_003,0.647922714742261
NS,all,all,com,ex,outpatient,all,2021,config_hvac_com_004,0
NS,all,all,com,ex,outpatient,all,2021,config_hvac_com_005,0.0209314239711156
NS,all,all,com,ex,outpatient,all,2021,config_hvac_com_006,0
NS,all,all,com,ex,outpatient,all,2021,config_hvac_com_007,0
NS,all,all,com,ex,outpatient,all,2021,config_hvac_com_008,0
NS,all,all,com,ex,outpatient,all,2021,config_hvac_com_009,0
NS,all,all,com,ex,outpatient,all,2021,config_hvac_com_010,0
NS,all,all,com,ex,longtermcare,all,2021,config_hvac_com_001,0.220780171257105
NS,all,all,com,ex,longtermcare,all,2021,config_hvac_com_002,0.110365690029519
NS,all,all,com,ex,longtermcare,all,2021,config_hvac_com_003,0.647922714742261
NS,all,all,com,ex,longtermcare,all,2021,config_hvac_com_004,0
NS,all,all,com,ex,longtermcare,all,2021,config_hvac_com_005,0.0209314239711156
NS,all,all,com,ex,longtermcare,all,2021,config_hvac_com_006,0
NS,all,all,com,ex,longtermcare,all,2021,config_hvac_com_007,0
NS,all,all,com,ex,longtermcare,all,2021,config_hvac_com_008,0
NS,all,all,com,ex,longtermcare,all,2021,config_hvac_com_009,0
NS,all,all,com,ex,longtermcare,all,2021,config_hvac_com_010,0
NS,all,all,com,ex,smalloffice,all,2021,config_hvac_com_001,0.133160763620977
NS,all,all,com,ex,smalloffice,all,2021,config_hvac_com_002,0.480498792841676
NS,all,all,com,ex,smalloffice,all,2021,config_hvac_com_003,0.370809169425293
NS,all,all,com,ex,smalloffice,all,2021,config_hvac_com_004,0
NS,all,all,com,ex,smalloffice,all,2021,config_hvac_com_005,0.0155312741120542
NS,all,all,com,ex,smalloffice,all,2021,config_hvac_com_006,0
NS,all,all,com,ex,smalloffice,all,2021,config_hvac_com_007,0
NS,all,all,com,ex,smalloffice,all,2021,config_hvac_com_008,0
NS,all,all,com,ex,smalloffice,all,2021,config_hvac_com_009,0
NS,all,all,com,ex,smalloffice,all,2021,config_hvac_com_010,0
NS,all,all,com,ex,mediumoffice,all,2021,config_hvac_com_001,0.133160763620977
NS,all,all,com,ex,mediumoffice,all,2021,config_hvac_com_002,0.480498792841676
NS,all,all,com,ex,mediumoffice,all,2021,config_hvac_com_003,0.370809169425293
NS,all,all,com,ex,mediumoffice,all,2021,config_hvac_com_004,0
NS,all,all,com,ex,mediumoffice,all,2021,config_hvac_com_005,0.0155312741120542
NS,all,all,com,ex,mediumoffice,all,2021,config_hvac_com_006,0
NS,all,all,com,ex,mediumoffice,all,2021,config_hvac_com_007,0
NS,all,all,com,ex,mediumoffice,all,2021,config_hvac_com_008,0
NS,all,all,com,ex,mediumoffice,all,2021,config_hvac_com_009,0
NS,all,all,com,ex,mediumoffice,all,2021,config_hvac_com_010,0
NS,all,all,com,ex,largeoffice,all,2021,config_hvac_com_001,0.133160763620977
NS,all,all,com,ex,largeoffice,all,2021,config_hvac_com_002,0.480498792841676
NS,all,all,com,ex,largeoffice,all,2021,config_hvac_com_003,0.370809169425293
NS,all,all,com,ex,largeoffice,all,2021,config_hvac_com_004,0
NS,all,all,com,ex,largeoffice,all,2021,config_hvac_com_005,0.0155312741120542
NS,all,all,com,ex,largeoffice,all,2021,config_hvac_com_006,0
NS,all,all,com,ex,largeoffice,all,2021,config_hvac_com_007,0
NS,all,all,com,ex,largeoffice,all,2021,config_hvac_com_008,0
NS,all,all,com,ex,largeoffice,all,2021,config_hvac_com_009,0
NS,all,all,com,ex,largeoffice,all,2021,config_hvac_com_010,0
NS,all,all,com,ex,school,all,2021,config_hvac_com_001,0.362224791750242
NS,all,all,com,ex,school,all,2021,config_hvac_com_002,0.455553720178399
NS,all,all,com,ex,school,all,2021,config_hvac_com_003,0.0625811171154164
NS,all,all,com,ex,school,all,2021,config_hvac_com_004,0
NS,all,all,com,ex,school,all,2021,config_hvac_com_005,0.119640370955943
NS,all,all,com,ex,school,all,2021,config_hvac_com_006,0
NS,all,all,com,ex,school,all,2021,config_hvac_com_007,0
NS,all,all,com,ex,school,all,2021,config_hvac_com_008,0
NS,all,all,com,ex,school,all,2021,config_hvac_com_009,0
NS,all,all,com,ex,school,all,2021,config_hvac_com_010,0
NS,all,all,com,ex,university,all,2021,config_hvac_com_001,0.362224791750242
NS,all,all,com,ex,university,all,2021,config_hvac_com_002,0.455553720178399
NS,all,all,com,ex,university,all,2021,config_hvac_com_003,0.0625811171154164
NS,all,all,com,ex,university,all,2021,config_hvac_com_004,0
NS,all,all,com,ex,university,all,2021,config_hvac_com_005,0.119640370955943
NS,all,all,com,ex,university,all,2021,config_hvac_com_006,0
NS,all,all,com,ex,university,all,2021,config_hvac_com_007,0
NS,all,all,com,ex,university,all,2021,config_hvac_com_008,0
NS,all,all,com,ex,university,all,2021,config_hvac_com_009,0
NS,all,all,com,ex,university,all,2021,config_hvac_com_010,0
NS,all,all,com,ex,warehouse,all,2021,config_hvac_com_001,0.47569803516029
NS,all,all,com,ex,warehouse,all,2021,config_hvac_com_002,0.373733195449845
NS,all,all,com,ex,warehouse,all,2021,config_hvac_com_003,0.0528783178214409
NS,all,all,com,ex,warehouse,all,2021,config_hvac_com_004,0
NS,all,all,com,ex,warehouse,all,2021,config_hvac_com_005,0.0976904515684247
NS,all,all,com,ex,warehouse,all,2021,config_hvac_com_006,0
NS,all,all,com,ex,warehouse,all,2021,config_hvac_com_007,0
NS,all,all,com,ex,warehouse,all,2021,config_hvac_com_008,0
NS,all,all,com,ex,warehouse,all,2021,config_hvac_com_009,0
NS,all,all,com,ex,warehouse,all,2021,config_hvac_com_010,0
NS,all,all,com,ex,retail,all,2021,config_hvac_com_001,0.558841387995592
NS,all,all,com,ex,retail,all,2021,config_hvac_com_002,0.313985652281467
NS,all,all,com,ex,retail,all,2021,config_hvac_com_003,0.0447297996266895
NS,all,all,com,ex,retail,all,2021,config_hvac_com_004,0
NS,all,all,com,ex,retail,all,2021,config_hvac_com_005,0.0824431600962512
NS,all,all,com,ex,retail,all,2021,config_hvac_com_006,0
NS,all,all,com,ex,retail,all,2021,config_hvac_com_007,0
NS,all,all,com,ex,retail,all,2021,config_hvac_com_008,0
NS,all,all,com,ex,retail,all,2021,config_hvac_com_009,0
NS,all,all,com,ex,retail,all,2021,config_hvac_com_010,0
NS,all,all,com,ex,hotel,all,2021,config_hvac_com_001,0.266457680250784
NS,all,all,com,ex,hotel,all,2021,config_hvac_com_002,0.104388714733542
NS,all,all,com,ex,hotel,all,2021,config_hvac_com_003,0.609404388714734
NS,all,all,com,ex,hotel,all,2021,config_hvac_com_004,0
NS,all,all,com,ex,hotel,all,2021,config_hvac_com_005,0.0197492163009404
NS,all,all,com,ex,hotel,all,2021,config_hvac_com_006,0
NS,all,all,com,ex,hotel,all,2021,config_hvac_com_007,0
NS,all,all,com,ex,hotel,all,2021,config_hvac_com_008,0
NS,all,all,com,ex,hotel,all,2021,config_hvac_com_009,0
NS,all,all,com,ex,hotel,all,2021,config_hvac_com_010,0
NS,all,all,com,ex,restaurant,all,2021,config_hvac_com_001,0.266457680250784
NS,all,all,com,ex,restaurant,all,2021,config_hvac_com_002,0.104388714733542
NS,all,all,com,ex,restaurant,all,2021,config_hvac_com_003,0.609404388714734
NS,all,all,com,ex,restaurant,all,2021,config_hvac_com_004,0
NS,all,all,com,ex,restaurant,all,2021,config_hvac_com_005,0.0197492163009404
NS,all,all,com,ex,restaurant,all,2021,config_hvac_com_006,0
NS,all,all,com,ex,restaurant,all,2021,config_hvac_com_007,0
NS,all,all,com,ex,restaurant,all,2021,config_hvac_com_008,0
NS,all,all,com,ex,restaurant,all,2021,config_hvac_com_009,0
NS,all,all,com,ex,restaurant,all,2021,config_hvac_com_010,0
NS,all,all,com,ex,other,all,2021,config_hvac_com_001,0.48347921726777
NS,all,all,com,ex,other,all,2021,config_hvac_com_002,0.36907107831905
NS,all,all,com,ex,other,all,2021,config_hvac_com_003,0.0509371706154622
NS,all,all,com,ex,other,all,2021,config_hvac_com_004,0
NS,all,all,com,ex,other,all,2021,config_hvac_com_005,0.0965125337977178
NS,all,all,com,ex,other,all,2021,config_hvac_com_006,0
NS,all,all,com,ex,other,all,2021,config_hvac_com_007,0
NS,all,all,com,ex,other,all,2021,config_hvac_com_008,0
NS,all,all,com,ex,other,all,2021,config_hvac_com_009,0
NS,all,all,com,ex,other,all,2021,config_hvac_com_010,0
ON,all,all,com,ex,hospital,all,2021,config_hvac_com_001,0.14053328027062
ON,all,all,com,ex,hospital,all,2021,config_hvac_com_002,0.811934135906875
ON,all,all,com,ex,hospital,all,2021,config_hvac_com_003,0.00194010546214307
ON,all,all,com,ex,hospital,all,2021,config_hvac_com_004,0
ON,all,all,com,ex,hospital,all,2021,config_hvac_com_005,0.0455924783603622
ON,all,all,com,ex,hospital,all,2021,config_hvac_com_006,0
ON,all,all,com,ex,hospital,all,2021,config_hvac_com_007,0
ON,all,all,com,ex,hospital,all,2021,config_hvac_com_008,0
ON,all,all,com,ex,hospital,all,2021,config_hvac_com_009,0
ON,all,all,com,ex,hospital,all,2021,config_hvac_com_010,0
ON,all,all,com,ex,outpatient,all,2021,config_hvac_com_001,0.14053328027062
ON,all,all,com,ex,outpatient,all,2021,config_hvac_com_002,0.811934135906875
ON,all,all,com,ex,outpatient,all,2021,config_hvac_com_003,0.00194010546214307
ON,all,all,com,ex,outpatient,all,2021,config_hvac_com_004,0
ON,all,all,com,ex,outpatient,all,2021,config_hvac_com_005,0.0455924783603622
ON,all,all,com,ex,outpatient,all,2021,config_hvac_com_006,0
ON,all,all,com,ex,outpatient,all,2021,config_hvac_com_007,0
ON,all,all,com,ex,outpatient,all,2021,config_hvac_com_008,0
ON,all,all,com,ex,outpatient,all,2021,config_hvac_com_009,0
ON,all,all,com,ex,outpatient,all,2021,config_hvac_com_010,0
ON,all,all,com,ex,longtermcare,all,2021,config_hvac_com_001,0.14053328027062
ON,all,all,com,ex,longtermcare,all,2021,config_hvac_com_002,0.811934135906875
ON,all,all,com,ex,longtermcare,all,2021,config_hvac_com_003,0.00194010546214307
ON,all,all,com,ex,longtermcare,all,2021,config_hvac_com_004,0
ON,all,all,com,ex,longtermcare,all,2021,config_hvac_com_005,0.0455924783603622
ON,all,all,com,ex,longtermcare,all,2021,config_hvac_com_006,0
ON,all,all,com,ex,longtermcare,all,2021,config_hvac_com_007,0
ON,all,all,com,ex,longtermcare,all,2021,config_hvac_com_008,0
ON,all,all,com,ex,longtermcare,all,2021,config_hvac_com_009,0
ON,all,all,com,ex,longtermcare,all,2021,config_hvac_com_010,0
ON,all,all,com,ex,smalloffice,all,2021,config_hvac_com_001,0.14053328027062
ON,all,all,com,ex,smalloffice,all,2021,config_hvac_com_002,0.811934135906875
ON,all,all,com,ex,smalloffice,all,2021,config_hvac_com_003,0.00194010546214307
ON,all,all,com,ex,smalloffice,all,2021,config_hvac_com_004,0
ON,all,all,com,ex,smalloffice,all,2021,config_hvac_com_005,0.0455924783603622
ON,all,all,com,ex,smalloffice,all,2021,config_hvac_com_006,0
ON,all,all,com,ex,smalloffice,all,2021,config_hvac_com_007,0
ON,all,all,com,ex,smalloffice,all,2021,config_hvac_com_008,0
ON,all,all,com,ex,smalloffice,all,2021,config_hvac_com_009,0
ON,all,all,com,ex,smalloffice,all,2021,config_hvac_com_010,0
ON,all,all,com,ex,mediumoffice,all,2021,config_hvac_com_001,0.14053328027062
ON,all,all,com,ex,mediumoffice,all,2021,config_hvac_com_002,0.811934135906875
ON,all,all,com,ex,mediumoffice,all,2021,config_hvac_com_003,0.00194010546214307
ON,all,all,com,ex,mediumoffice,all,2021,config_hvac_com_004,0
ON,all,all,com,ex,mediumoffice,all,2021,config_hvac_com_005,0.0455924783603622
ON,all,all,com,ex,mediumoffice,all,2021,config_hvac_com_006,0
ON,all,all,com,ex,mediumoffice,all,2021,config_hvac_com_007,0
ON,all,all,com,ex,mediumoffice,all,2021,config_hvac_com_008,0
ON,all,all,com,ex,mediumoffice,all,2021,config_hvac_com_009,0
ON,all,all,com,ex,mediumoffice,all,2021,config_hvac_com_010,0
ON,all,all,com,ex,largeoffice,all,2021,config_hvac_com_001,0.14053328027062
ON,all,all,com,ex,largeoffice,all,2021,config_hvac_com_002,0.811934135906875
ON,all,all,com,ex,largeoffice,all,2021,config_hvac_com_003,0.00194010546214307
ON,all,all,com,ex,largeoffice,all,2021,config_hvac_com_004,0
ON,all,all,com,ex,largeoffice,all,2021,config_hvac_com_005,0.0455924783603622
ON,all,all,com,ex,largeoffice,all,2021,config_hvac_com_006,0
ON,all,all,com,ex,largeoffice,all,2021,config_hvac_com_007,0
ON,all,all,com,ex,largeoffice,all,2021,config_hvac_com_008,0
ON,all,all,com,ex,largeoffice,all,2021,config_hvac_com_009,0
ON,all,all,com,ex,largeoffice,all,2021,config_hvac_com_010,0
ON,all,all,com,ex,school,all,2021,config_hvac_com_001,0.140397087692269
ON,all,all,com,ex,school,all,2021,config_hvac_com_002,0.808239942350222
ON,all,all,com,ex,school,all,2021,config_hvac_com_003,0.0019382252814154
ON,all,all,com,ex,school,all,2021,config_hvac_com_004,0.0038764505628308
ON,all,all,com,ex,school,all,2021,config_hvac_com_005,0.0455482941132619
ON,all,all,com,ex,school,all,2021,config_hvac_com_006,0
ON,all,all,com,ex,school,all,2021,config_hvac_com_007,0
ON,all,all,com,ex,school,all,2021,config_hvac_com_008,0
ON,all,all,com,ex,school,all,2021,config_hvac_com_009,0
ON,all,all,com,ex,school,all,2021,config_hvac_com_010,0
ON,all,all,com,ex,university,all,2021,config_hvac_com_001,0.140397087692269
ON,all,all,com,ex,university,all,2021,config_hvac_com_002,0.808239942350222
ON,all,all,com,ex,university,all,2021,config_hvac_com_003,0.0019382252814154
ON,all,all,com,ex,university,all,2021,config_hvac_com_004,0.0038764505628308
ON,all,all,com,ex,university,all,2021,config_hvac_com_005,0.0455482941132619
ON,all,all,com,ex,university,all,2021,config_hvac_com_006,0
ON,all,all,com,ex,university,all,2021,config_hvac_com_007,0
ON,all,all,com,ex,university,all,2021,config_hvac_com_008,0
ON,all,all,com,ex,university,all,2021,config_hvac_com_009,0
ON,all,all,com,ex,university,all,2021,config_hvac_com_010,0
ON,all,all,com,ex,warehouse,all,2021,config_hvac_com_001,0.140397087692269
ON,all,all,com,ex,warehouse,all,2021,config_hvac_com_002,0.814054618194469
ON,all,all,com,ex,warehouse,all,2021,config_hvac_com_003,0
ON,all,all,com,ex,warehouse,all,2021,config_hvac_com_004,0
ON,all,all,com,ex,warehouse,all,2021,config_hvac_com_005,0.0455482941132619
ON,all,all,com,ex,warehouse,all,2021,config_hvac_com_006,0
ON,all,all,com,ex,warehouse,all,2021,config_hvac_com_007,0
ON,all,all,com,ex,warehouse,all,2021,config_hvac_com_008,0
ON,all,all,com,ex,warehouse,all,2021,config_hvac_com_009,0
ON,all,all,com,ex,warehouse,all,2021,config_hvac_com_010,0
ON,all,all,com,ex,retail,all,2021,config_hvac_com_001,0.14053328027062
ON,all,all,com,ex,retail,all,2021,config_hvac_com_002,0.811934135906875
ON,all,all,com,ex,retail,all,2021,config_hvac_com_003,0.00194010546214307
ON,all,all,com,ex,retail,all,2021,config_hvac_com_004,0
ON,all,all,com,ex,retail,all,2021,config_hvac_com_005,0.0455924783603622
ON,all,all,com,ex,retail,all,2021,config_hvac_com_006,0
ON,all,all,com,ex,retail,all,2021,config_hvac_com_007,0
ON,all,all,com,ex,retail,all,2021,config_hvac_com_008,0
ON,all,all,com,ex,retail,all,2021,config_hvac_com_009,0
ON,all,all,com,ex,retail,all,2021,config_hvac_com_010,0
ON,all,all,com,ex,hotel,all,2021,config_hvac_com_001,0.14053328027062
ON,all,all,com,ex,hotel,all,2021,config_hvac_com_002,0.811934135906875
ON,all,all,com,ex,hotel,all,2021,config_hvac_com_003,0.00194010546214307
ON,all,all,com,ex,hotel,all,2021,config_hvac_com_004,0
ON,all,all,com,ex,hotel,all,2021,config_hvac_com_005,0.0455924783603622
ON,all,all,com,ex,hotel,all,2021,config_hvac_com_006,0
ON,all,all,com,ex,hotel,all,2021,config_hvac_com_007,0
ON,all,all,com,ex,hotel,all,2021,config_hvac_com_008,0
ON,all,all,com,ex,hotel,all,2021,config_hvac_com_009,0
ON,all,all,com,ex,hotel,all,2021,config_hvac_com_010,0
ON,all,all,com,ex,restaurant,all,2021,config_hvac_com_001,0.14053328027062
ON,all,all,com,ex,restaurant,all,2021,config_hvac_com_002,0.811934135906875
ON,all,all,com,ex,restaurant,all,2021,config_hvac_com_003,0.00194010546214307
ON,all,all,com,ex,restaurant,all,2021,config_hvac_com_004,0
ON,all,all,com,ex,restaurant,all,2021,config_hvac_com_005,0.0455924783603622
ON,all,all,com,ex,restaurant,all,2021,config_hvac_com_006,0
ON,all,all,com,ex,restaurant,all,2021,config_hvac_com_007,0
ON,all,all,com,ex,restaurant,all,2021,config_hvac_com_008,0
ON,all,all,com,ex,restaurant,all,2021,config_hvac_com_009,0
ON,all,all,com,ex,restaurant,all,2021,config_hvac_com_010,0
ON,all,all,com,ex,other,all,2021,config_hvac_com_001,0.14053328027062
ON,all,all,com,ex,other,all,2021,config_hvac_com_002,0.811934135906875
ON,all,all,com,ex,other,all,2021,config_hvac_com_003,0.00194010546214307
ON,all,all,com,ex,other,all,2021,config_hvac_com_004,0
ON,all,all,com,ex,other,all,2021,config_hvac_com_005,0.0455924783603622
ON,all,all,com,ex,other,all,2021,config_hvac_com_006,0
ON,all,all,com,ex,other,all,2021,config_hvac_com_007,0
ON,all,all,com,ex,other,all,2021,config_hvac_com_008,0
ON,all,all,com,ex,other,all,2021,config_hvac_com_009,0
ON,all,all,com,ex,other,all,2021,config_hvac_com_010,0
PE,all,all,com,ex,hospital,all,2021,config_hvac_com_001,0.220780171257105
PE,all,all,com,ex,hospital,all,2021,config_hvac_com_002,0.110365690029519
PE,all,all,com,ex,hospital,all,2021,config_hvac_com_003,0.647922714742261
PE,all,all,com,ex,hospital,all,2021,config_hvac_com_004,0
PE,all,all,com,ex,hospital,all,2021,config_hvac_com_005,0.0209314239711156
PE,all,all,com,ex,hospital,all,2021,config_hvac_com_006,0
PE,all,all,com,ex,hospital,all,2021,config_hvac_com_007,0
PE,all,all,com,ex,hospital,all,2021,config_hvac_com_008,0
PE,all,all,com,ex,hospital,all,2021,config_hvac_com_009,0
PE,all,all,com,ex,hospital,all,2021,config_hvac_com_010,0
PE,all,all,com,ex,outpatient,all,2021,config_hvac_com_001,0.220780171257105
PE,all,all,com,ex,outpatient,all,2021,config_hvac_com_002,0.110365690029519
PE,all,all,com,ex,outpatient,all,2021,config_hvac_com_003,0.647922714742261
PE,all,all,com,ex,outpatient,all,2021,config_hvac_com_004,0
PE,all,all,com,ex,outpatient,all,2021,config_hvac_com_005,0.0209314239711156
PE,all,all,com,ex,outpatient,all,2021,config_hvac_com_006,0
PE,all,all,com,ex,outpatient,all,2021,config_hvac_com_007,0
PE,all,all,com,ex,outpatient,all,2021,config_hvac_com_008,0
PE,all,all,com,ex,outpatient,all,2021,config_hvac_com_009,0
PE,all,all,com,ex,outpatient,all,2021,config_hvac_com_010,0
PE,all,all,com,ex,longtermcare,all,2021,config_hvac_com_001,0.220780171257105
PE,all,all,com,ex,longtermcare,all,2021,config_hvac_com_002,0.110365690029519
PE,all,all,com,ex,longtermcare,all,2021,config_hvac_com_003,0.647922714742261
PE,all,all,com,ex,longtermcare,all,2021,config_hvac_com_004,0
PE,all,all,com,ex,longtermcare,all,2021,config_hvac_com_005,0.0209314239711156
PE,all,all,com,ex,longtermcare,all,2021,config_hvac_com_006,0
PE,all,all,com,ex,longtermcare,all,2021,config_hvac_com_007,0
PE,all,all,com,ex,longtermcare,all,2021,config_hvac_com_008,0
PE,all,all,com,ex,longtermcare,all,2021,config_hvac_com_009,0
PE,all,all,com,ex,longtermcare,all,2021,config_hvac_com_010,0
PE,all,all,com,ex,smalloffice,all,2021,config_hvac_com_001,0.133160763620977
PE,all,all,com,ex,smalloffice,all,2021,config_hvac_com_002,0.480498792841676
PE,all,all,com,ex,smalloffice,all,2021,config_hvac_com_003,0.370809169425293
PE,all,all,com,ex,smalloffice,all,2021,config_hvac_com_004,0
PE,all,all,com,ex,smalloffice,all,2021,config_hvac_com_005,0.0155312741120542
PE,all,all,com,ex,smalloffice,all,2021,config_hvac_com_006,0
PE,all,all,com,ex,smalloffice,all,2021,config_hvac_com_007,0
PE,all,all,com,ex,smalloffice,all,2021,config_hvac_com_008,0
PE,all,all,com,ex,smalloffice,all,2021,config_hvac_com_009,0
PE,all,all,com,ex,smalloffice,all,2021,config_hvac_com_010,0
PE,all,all,com,ex,mediumoffice,all,2021,config_hvac_com_001,0.133160763620977
PE,all,all,com,ex,mediumoffice,all,2021,config_hvac_com_002,0.480498792841676
PE,all,all,com,ex,mediumoffice,all,2021,config_hvac_com_003,0.370809169425293
PE,all,all,com,ex,mediumoffice,all,2021,config_hvac_com_004,0
PE,all,all,com,ex,mediumoffice,all,2021,config_hvac_com_005,0.0155312741120542
PE,all,all,com,ex,mediumoffice,all,2021,config_hvac_com_006,0
PE,all,all,com,ex,mediumoffice,all,2021,config_hvac_com_007,0
PE,all,all,com,ex,mediumoffice,all,2021,config_hvac_com_008,0
PE,all,all,com,ex,mediumoffice,all,2021,config_hvac_com_009,0
PE,all,all,com,ex,mediumoffice,all,2021,config_hvac_com_010,0
PE,all,all,com,ex,largeoffice,all,2021,config_hvac_com_001,0.133160763620977
PE,all,all,com,ex,largeoffice,all,2021,config_hvac_com_002,0.480498792841676
PE,all,all,com,ex,largeoffice,all,2021,config_hvac_com_003,0.370809169425293
PE,all,all,com,ex,largeoffice,all,2021,config_hvac_com_004,0
PE,all,all,com,ex,largeoffice,all,2021,config_hvac_com_005,0.0155312741120542
PE,all,all,com,ex,largeoffice,all,2021,config_hvac_com_006,0
PE,all,all,com,ex,largeoffice,all,2021,config_hvac_com_007,0
PE,all,all,com,ex,largeoffice,all,2021,config_hvac_com_008,0
PE,all,all,com,ex,largeoffice,all,2021,config_hvac_com_009,0
PE,all,all,com,ex,largeoffice,all,2021,config_hvac_com_010,0
PE,all,all,com,ex,school,all,2021,config_hvac_com_001,0.362224791750242
PE,all,all,com,ex,school,all,2021,config_hvac_com_002,0.455553720178399
PE,all,all,com,ex,school,all,2021,config_hvac_com_003,0.0625811171154164
PE,all,all,com,ex,school,all,2021,config_hvac_com_004,0
PE,all,all,com,ex,school,all,2021,config_hvac_com_005,0.119640370955943
PE,all,all,com,ex,school,all,2021,config_hvac_com_006,0
PE,all,all,com,ex,school,all,2021,config_hvac_com_007,0
PE,all,all,com,ex,school,all,2021,config_hvac_com_008,0
PE,all,all,com,ex,school,all,2021,config_hvac_com_009,0
PE,all,all,com,ex,school,all,2021,config_hvac_com_010,0
PE,all,all,com,ex,university,all,2021,config_hvac_com_001,0.362224791750242
PE,all,all,com,ex,university,all,2021,config_hvac_com_002,0.455553720178399
PE,all,all,com,ex,university,all,2021,config_hvac_com_003,0.0625811171154164
PE,all,all,com,ex,university,all,2021,config_hvac_com_004,0
PE,all,all,com,ex,university,all,2021,config_hvac_com_005,0.119640370955943
PE,all,all,com,ex,university,all,2021,config_hvac_com_006,0
PE,all,all,com,ex,university,all,2021,config_hvac_com_007,0
PE,all,all,com,ex,university,all,2021,config_hvac_com_008,0
PE,all,all,com,ex,university,all,2021,config_hvac_com_009,0
PE,all,all,com,ex,university,all,2021,config_hvac_com_010,0
PE,all,all,com,ex,warehouse,all,2021,config_hvac_com_001,0.47569803516029
PE,all,all,com,ex,warehouse,all,2021,config_hvac_com_002,0.373733195449845
PE,all,all,com,ex,warehouse,all,2021,config_hvac_com_003,0.0528783178214409
PE,all,all,com,ex,warehouse,all,2021,config_hvac_com_004,0
PE,all,all,com,ex,warehouse,all,2021,config_hvac_com_005,0.0976904515684247
PE,all,all,com,ex,warehouse,all,2021,config_hvac_com_006,0
PE,all,all,com,ex,warehouse,all,2021,config_hvac_com_007,0
PE,all,all,com,ex,warehouse,all,2021,config_hvac_com_008,0
PE,all,all,com,ex,warehouse,all,2021,config_hvac_com_009,0
PE,all,all,com,ex,warehouse,all,2021,config_hvac_com_010,0
PE,all,all,com,ex,retail,all,2021,config_hvac_com_001,0.558841387995592
PE,all,all,com,ex,retail,all,2021,config_hvac_com_002,0.313985652281467
PE,all,all,com,ex,retail,all,2021,config_hvac_com_003,0.0447297996266895
PE,all,all,com,ex,retail,all,2021,config_hvac_com_004,0
PE,all,all,com,ex,retail,all,2021,config_hvac_com_005,0.0824431600962512
PE,all,all,com,ex,retail,all,2021,config_hvac_com_006,0
PE,all,all,com,ex,retail,all,2021,config_hvac_com_007,0
PE,all,all,com,ex,retail,all,2021,config_hvac_com_008,0
PE,all,all,com,ex,retail,all,2021,config_hvac_com_009,0
PE,all,all,com,ex,retail,all,2021,config_hvac_com_010,0
PE,all,all,com,ex,hotel,all,2021,config_hvac_com_001,0.266457680250784
PE,all,all,com,ex,hotel,all,2021,config_hvac_com_002,0.104388714733542
PE,all,all,com,ex,hotel,all,2021,config_hvac_com_003,0.609404388714734
PE,all,all,com,ex,hotel,all,2021,config_hvac_com_004,0
PE,all,all,com,ex,hotel,all,2021,config_hvac_com_005,0.0197492163009404
PE,all,all,com,ex,hotel,all,2021,config_hvac_com_006,0
PE,all,all,com,ex,hotel,all,2021,config_hvac_com_007,0
PE,all,all,com,ex,hotel,all,2021,config_hvac_com_008,0
PE,all,all,com,ex,hotel,all,2021,config_hvac_com_009,0
PE,all,all,com,ex,hotel,all,2021,config_hvac_com_010,0
PE,all,all,com,ex,restaurant,all,2021,config_hvac_com_001,0.266457680250784
PE,all,all,com,ex,restaurant,all,2021,config_hvac_com_002,0.104388714733542
PE,all,all,com,ex,restaurant,all,2021,config_hvac_com_003,0.609404388714734
PE,all,all,com,ex,restaurant,all,2021,config_hvac_com_004,0
PE,all,all,com,ex,restaurant,all,2021,config_hvac_com_005,0.0197492163009404
PE,all,all,com,ex,restaurant,all,2021,config_hvac_com_006,0
PE,all,all,com,ex,restaurant,all,2021,config_hvac_com_007,0
PE,all,all,com,ex,restaurant,all,2021,config_hvac_com_008,0
PE,all,all,com,ex,restaurant,all,2021,config_hvac_com_009,0
PE,all,all,com,ex,restaurant,all,2021,config_hvac_com_010,0
PE,all,all,com,ex,other,all,2021,config_hvac_com_001,0.48347921726777
PE,all,all,com,ex,other,all,2021,config_hvac_com_002,0.36907107831905
PE,all,all,com,ex,other,all,2021,config_hvac_com_003,0.0509371706154622
PE,all,all,com,ex,other,all,2021,config_hvac_com_004,0
PE,all,all,com,ex,other,all,2021,config_hvac_com_005,0.0965125337977178
PE,all,all,com,ex,other,all,2021,config_hvac_com_006,0
PE,all,all,com,ex,other,all,2021,config_hvac_com_007,0
PE,all,all,com,ex,other,all,2021,config_hvac_com_008,0
PE,all,all,com,ex,other,all,2021,config_hvac_com_009,0
PE,all,all,com,ex,other,all,2021,config_hvac_com_010,0
QC,all,all,com,ex,hospital,all,2021,config_hvac_com_001,0.272381044207684
QC,all,all,com,ex,hospital,all,2021,config_hvac_com_002,0.650532709829822
QC,all,all,com,ex,hospital,all,2021,config_hvac_com_003,0.0498240370245384
QC,all,all,com,ex,hospital,all,2021,config_hvac_com_004,0
QC,all,all,com,ex,hospital,all,2021,config_hvac_com_005,0.027262208937955
QC,all,all,com,ex,hospital,all,2021,config_hvac_com_006,0
QC,all,all,com,ex,hospital,all,2021,config_hvac_com_007,0
QC,all,all,com,ex,hospital,all,2021,config_hvac_com_008,0
QC,all,all,com,ex,hospital,all,2021,config_hvac_com_009,0
QC,all,all,com,ex,hospital,all,2021,config_hvac_com_010,0
QC,all,all,com,ex,outpatient,all,2021,config_hvac_com_001,0.272381044207684
QC,all,all,com,ex,outpatient,all,2021,config_hvac_com_002,0.650532709829822
QC,all,all,com,ex,outpatient,all,2021,config_hvac_com_003,0.0498240370245384
QC,all,all,com,ex,outpatient,all,2021,config_hvac_com_004,0
QC,all,all,com,ex,outpatient,all,2021,config_hvac_com_005,0.027262208937955
QC,all,all,com,ex,outpatient,all,2021,config_hvac_com_006,0
QC,all,all,com,ex,outpatient,all,2021,config_hvac_com_007,0
QC,all,all,com,ex,outpatient,all,2021,config_hvac_com_008,0
QC,all,all,com,ex,outpatient,all,2021,config_hvac_com_009,0
QC,all,all,com,ex,outpatient,all,2021,config_hvac_com_010,0
QC,all,all,com,ex,longtermcare,all,2021,config_hvac_com_001,0.272381044207684
QC,all,all,com,ex,longtermcare,all,2021,config_hvac_com_002,0.650532709829822
QC,all,all,com,ex,longtermcare,all,2021,config_hvac_com_003,0.0498240370245384
QC,all,all,com,ex,longtermcare,all,2021,config_hvac_com_004,0
QC,all,all,com,ex,longtermcare,all,2021,config_hvac_com_005,0.027262208937955
QC,all,all,com,ex,longtermcare,all,2021,config_hvac_com_006,0
QC,all,all,com,ex,longtermcare,all,2021,config_hvac_com_007,0
QC,all,all,com,ex,longtermcare,all,2021,config_hvac_com_008,0
QC,all,all,com,ex,longtermcare,all,2021,config_hvac_com_009,0
QC,all,all,com,ex,longtermcare,all,2021,config_hvac_com_010,0
QC,all,all,com,ex,smalloffice,all,2021,config_hvac_com_001,0.570142031453022
QC,all,all,com,ex,smalloffice,all,2021,config_hvac_com_002,0.370446704601461
QC,all,all,com,ex,smalloffice,all,2021,config_hvac_com_003,0.0393162776110041
QC,all,all,com,ex,smalloffice,all,2021,config_hvac_com_004,0
QC,all,all,com,ex,smalloffice,all,2021,config_hvac_com_005,0.0200949863345132
QC,all,all,com,ex,smalloffice,all,2021,config_hvac_com_006,0
QC,all,all,com,ex,smalloffice,all,2021,config_hvac_com_007,0
QC,all,all,com,ex,smalloffice,all,2021,config_hvac_com_008,0
QC,all,all,com,ex,smalloffice,all,2021,config_hvac_com_009,0
QC,all,all,com,ex,smalloffice,all,2021,config_hvac_com_010,0
QC,all,all,com,ex,mediumoffice,all,2021,config_hvac_com_001,0.570142031453022
QC,all,all,com,ex,mediumoffice,all,2021,config_hvac_com_002,0.370446704601461
QC,all,all,com,ex,mediumoffice,all,2021,config_hvac_com_003,0.0393162776110041
QC,all,all,com,ex,mediumoffice,all,2021,config_hvac_com_004,0
QC,all,all,com,ex,mediumoffice,all,2021,config_hvac_com_005,0.0200949863345132
QC,all,all,com,ex,mediumoffice,all,2021,config_hvac_com_006,0
QC,all,all,com,ex,mediumoffice,all,2021,config_hvac_com_007,0
QC,all,all,com,ex,mediumoffice,all,2021,config_hvac_com_008,0
QC,all,all,com,ex,mediumoffice,all,2021,config_hvac_com_009,0
QC,all,all,com,ex,mediumoffice,all,2021,config_hvac_com_010,0
QC,all,all,com,ex,largeoffice,all,2021,config_hvac_com_001,0.570142031453022
QC,all,all,com,ex,largeoffice,all,2021,config_hvac_com_002,0.370446704601461
QC,all,all,com,ex,largeoffice,all,2021,config_hvac_com_003,0.0393162776110041
QC,all,all,com,ex,largeoffice,all,2021,config_hvac_com_004,0
QC,all,all,com,ex,largeoffice,all,2021,config_hvac_com_005,0.0200949863345132
QC,all,all,com,ex,largeoffice,all,2021,config_hvac_com_006,0
QC,all,all,com,ex,largeoffice,all,2021,config_hvac_com_007,0
QC,all,all,com,ex,largeoffice,all,2021,config_hvac_com_008,0
QC,all,all,com,ex,largeoffice,all,2021,config_hvac_com_009,0
QC,all,all,com,ex,largeoffice,all,2021,config_hvac_com_010,0
QC,all,all,com,ex,school,all,2021,config_hvac_com_001,0.258985840493767
QC,all,all,com,ex,school,all,2021,config_hvac_com_002,0.652281253781919
QC,all,all,com,ex,school,all,2021,config_hvac_com_003,0.0575819920125862
QC,all,all,com,ex,school,all,2021,config_hvac_com_004,0
QC,all,all,com,ex,school,all,2021,config_hvac_com_005,0.031150913711727
QC,all,all,com,ex,school,all,2021,config_hvac_com_006,0
QC,all,all,com,ex,school,all,2021,config_hvac_com_007,0
QC,all,all,com,ex,school,all,2021,config_hvac_com_008,0
QC,all,all,com,ex,school,all,2021,config_hvac_com_009,0
QC,all,all,com,ex,school,all,2021,config_hvac_com_010,0
QC,all,all,com,ex,university,all,2021,config_hvac_com_001,0.258985840493767
QC,all,all,com,ex,university,all,2021,config_hvac_com_002,0.652281253781919
QC,all,all,com,ex,university,all,2021,config_hvac_com_003,0.0575819920125862
QC,all,all,com,ex,university,all,2021,config_hvac_com_004,0
QC,all,all,com,ex,university,all,2021,config_hvac_com_005,0.031150913711727
QC,all,all,com,ex,university,all,2021,config_hvac_com_006,0
QC,all,all,com,ex,university,all,2021,config_hvac_com_007,0
QC,all,all,com,ex,university,all,2021,config_hvac_com_008,0
QC,all,all,com,ex,university,all,2021,config_hvac_com_009,0
QC,all,all,com,ex,university,all,2021,config_hvac_com_010,0
QC,all,all,com,ex,warehouse,all,2021,config_hvac_com_001,0.255318119116188
QC,all,all,com,ex,warehouse,all,2021,config_hvac_com_002,0.655961859587135
QC,all,all,com,ex,warehouse,all,2021,config_hvac_com_003,0.0575736308414608
QC,all,all,com,ex,warehouse,all,2021,config_hvac_com_004,0
QC,all,all,com,ex,warehouse,all,2021,config_hvac_com_005,0.0311463904552165
QC,all,all,com,ex,warehouse,all,2021,config_hvac_com_006,0
QC,all,all,com,ex,warehouse,all,2021,config_hvac_com_007,0
QC,all,all,com,ex,warehouse,all,2021,config_hvac_com_008,0
QC,all,all,com,ex,warehouse,all,2021,config_hvac_com_009,0
QC,all,all,com,ex,warehouse,all,2021,config_hvac_com_010,0
QC,all,all,com,ex,retail,all,2021,config_hvac_com_001,0.313894922779462
QC,all,all,com,ex,retail,all,2021,config_hvac_com_002,0.604182082925549
QC,all,all,com,ex,retail,all,2021,config_hvac_com_003,0.0530637576683456
QC,all,all,com,ex,retail,all,2021,config_hvac_com_004,0
QC,all,all,com,ex,retail,all,2021,config_hvac_com_005,0.0288592366266441
QC,all,all,com,ex,retail,all,2021,config_hvac_com_006,0
QC,all,all,com,ex,retail,all,2021,config_hvac_com_007,0
QC,all,all,com,ex,retail,all,2021,config_hvac_com_008,0
QC,all,all,com,ex,retail,all,2021,config_hvac_com_009,0
QC,all,all,com,ex,retail,all,2021,config_hvac_com_010,0
QC,all,all,com,ex,hotel,all,2021,config_hvac_com_001,0.258985840493767
QC,all,all,com,ex,hotel,all,2021,config_hvac_com_002,0.652281253781919
QC,all,all,com,ex,hotel,all,2021,config_hvac_com_003,0.0575819920125862
QC,all,all,com,ex,hotel,all,2021,config_hvac_com_004,0
QC,all,all,com,ex,hotel,all,2021,config_hvac_com_005,0.031150913711727
QC,all,all,com,ex,hotel,all,2021,config_hvac_com_006,0
QC,all,all,com,ex,hotel,all,2021,config_hvac_com_007,0
QC,all,all,com,ex,hotel,all,2021,config_hvac_com_008,0
QC,all,all,com,ex,hotel,all,2021,config_hvac_com_009,0
QC,all,all,com,ex,hotel,all,2021,config_hvac_com_010,0
QC,all,all,com,ex,restaurant,all,2021,config_hvac_com_001,0.258985840493767
QC,all,all,com,ex,restaurant,all,2021,config_hvac_com_002,0.652281253781919
QC,all,all,com,ex,restaurant,all,2021,config_hvac_com_003,0.0575819920125862
QC,all,all,com,ex,restaurant,all,2021,config_hvac_com_004,0
QC,all,all,com,ex,restaurant,all,2021,config_hvac_com_005,0.031150913711727
QC,all,all,com,ex,restaurant,all,2021,config_hvac_com_006,0
QC,all,all,com,ex,restaurant,all,2021,config_hvac_com_007,0
QC,all,all,com,ex,restaurant,all,2021,config_hvac_com_008,0
QC,all,all,com,ex,restaurant,all,2021,config_hvac_com_009,0
QC,all,all,com,ex,restaurant,all,2021,config_hvac_com_010,0
QC,all,all,com,ex,other,all,2021,config_hvac_com_001,0.258985840493767
QC,all,all,com,ex,other,all,2021,config_hvac_com_002,0.652281253781919
QC,all,all,com,ex,other,all,2021,config_hvac_com_003,0.0575819920125862
QC,all,all,com,ex,other,all,2021,config_hvac_com_004,0
QC,all,all,com,ex,other,all,2021,config_hvac_com_005,0.031150913711727
QC,all,all,com,ex,other,all,2021,config_hvac_com_006,0
QC,all,all,com,ex,other,all,2021,config_hvac_com_007,0
QC,all,all,com,ex,other,all,2021,config_hvac_com_008,0
QC,all,all,com,ex,other,all,2021,config_hvac_com_009,0
QC,all,all,com,ex,other,all,2021,config_hvac_com_010,0
SK,all,all,com,ex,hospital,all,2021,config_hvac_com_001,0.158384478321125
SK,all,all,com,ex,hospital,all,2021,config_hvac_com_002,0.840650366264106
SK,all,all,com,ex,hospital,all,2021,config_hvac_com_003,0.000965155414769353
SK,all,all,com,ex,hospital,all,2021,config_hvac_com_004,0
SK,all,all,com,ex,hospital,all,2021,config_hvac_com_005,0
SK,all,all,com,ex,hospital,all,2021,config_hvac_com_006,0
SK,all,all,com,ex,hospital,all,2021,config_hvac_com_007,0
SK,all,all,com,ex,hospital,all,2021,config_hvac_com_008,0
SK,all,all,com,ex,hospital,all,2021,config_hvac_com_009,0
SK,all,all,com,ex,hospital,all,2021,config_hvac_com_010,0
SK,all,all,com,ex,outpatient,all,2021,config_hvac_com_001,0.158384478321125
SK,all,all,com,ex,outpatient,all,2021,config_hvac_com_002,0.840650366264106
SK,all,all,com,ex,outpatient,all,2021,config_hvac_com_003,0.000965155414769353
SK,all,all,com,ex,outpatient,all,2021,config_hvac_com_004,0
SK,all,all,com,ex,outpatient,all,2021,config_hvac_com_005,0
SK,all,all,com,ex,outpatient,all,2021,config_hvac_com_006,0
SK,all,all,com,ex,outpatient,all,2021,config_hvac_com_007,0
SK,all,all,com,ex,outpatient,all,2021,config_hvac_com_008,0
SK,all,all,com,ex,outpatient,all,2021,config_hvac_com_009,0
SK,all,all,com,ex,outpatient,all,2021,config_hvac_com_010,0
SK,all,all,com,ex,longtermcare,all,2021,config_hvac_com_001,0.158384478321125
SK,all,all,com,ex,longtermcare,all,2021,config_hvac_com_002,0.840650366264106
SK,all,all,com,ex,longtermcare,all,2021,config_hvac_com_003,0.000965155414769353
SK,all,all,com,ex,longtermcare,all,2021,config_hvac_com_004,0
SK,all,all,com,ex,longtermcare,all,2021,config_hvac_com_005,0
SK,all,all,com,ex,longtermcare,all,2021,config_hvac_com_006,0
SK,all,all,com,ex,longtermcare,all,2021,config_hvac_com_007,0
SK,all,all,com,ex,longtermcare,all,2021,config_hvac_com_008,0
SK,all,all,com,ex,longtermcare,all,2021,config_hvac_com_009,0
SK,all,all,com,ex,longtermcare,all,2021,config_hvac_com_010,0
SK,all,all,com,ex,smalloffice,all,2021,config_hvac_com_001,0.158384478321125
SK,all,all,com,ex,smalloffice,all,2021,config_hvac_com_002,0.840650366264106
SK,all,all,com,ex,smalloffice,all,2021,config_hvac_com_003,0.000965155414769353
SK,all,all,com,ex,smalloffice,all,2021,config_hvac_com_004,0
SK,all,all,com,ex,smalloffice,all,2021,config_hvac_com_005,0
SK,all,all,com,ex,smalloffice,all,2021,config_hvac_com_006,0
SK,all,all,com,ex,smalloffice,all,2021,config_hvac_com_007,0
SK,all,all,com,ex,smalloffice,all,2021,config_hvac_com_008,0
SK,all,all,com,ex,smalloffice,all,2021,config_hvac_com_009,0
SK,all,all,com,ex,smalloffice,all,2021,config_hvac_com_010,0
SK,all,all,com,ex,mediumoffice,all,2021,config_hvac_com_001,0.158384478321125
SK,all,all,com,ex,mediumoffice,all,2021,config_hvac_com_002,0.840650366264106
SK,all,all,com,ex,mediumoffice,all,2021,config_hvac_com_003,0.000965155414769353
SK,all,all,com,ex,mediumoffice,all,2021,config_hvac_com_004,0
SK,all,all,com,ex,mediumoffice,all,2021,config_hvac_com_005,0
SK,all,all,com,ex,mediumoffice,all,2021,config_hvac_com_006,0
SK,all,all,com,ex,mediumoffice,all,2021,config_hvac_com_007,0
SK,all,all,com,ex,mediumoffice,all,2021,config_hvac_com_008,0
SK,all,all,com,ex,mediumoffice,all,2021,config_hvac_com_009,0
SK,all,all,com,ex,mediumoffice,all,2021,config_hvac_com_010,0
SK,all,all,com,ex,largeoffice,all,2021,config_hvac_com_001,0.158384478321125
SK,all,all,com,ex,largeoffice,all,2021,config_hvac_com_002,0.840650366264106
SK,all,all,com,ex,largeoffice,all,2021,config_hvac_com_003,0.000965155414769353
SK,all,all,com,ex,largeoffice,all,2021,config_hvac_com_004,0
SK,all,all,com,ex,largeoffice,all,2021,config_hvac_com_005,0
SK,all,all,com,ex,largeoffice,all,2021,config_hvac_com_006,0
SK,all,all,com,ex,largeoffice,all,2021,config_hvac_com_007,0
SK,all,all,com,ex,largeoffice,all,2021,config_hvac_com_008,0
SK,all,all,com,ex,largeoffice,all,2021,config_hvac_com_009,0
SK,all,all,com,ex,largeoffice,all,2021,config_hvac_com_010,0
SK,all,all,com,ex,school,all,2021,config_hvac_com_001,0.158384478321125
SK,all,all,com,ex,school,all,2021,config_hvac_com_002,0.840650366264106
SK,all,all,com,ex,school,all,2021,config_hvac_com_003,0.000965155414769353
SK,all,all,com,ex,school,all,2021,config_hvac_com_004,0
SK,all,all,com,ex,school,all,2021,config_hvac_com_005,0
SK,all,all,com,ex,school,all,2021,config_hvac_com_006,0
SK,all,all,com,ex,school,all,2021,config_hvac_com_007,0
SK,all,all,com,ex,school,all,2021,config_hvac_com_008,0
SK,all,all,com,ex,school,all,2021,config_hvac_com_009,0
SK,all,all,com,ex,school,all,2021,config_hvac_com_010,0
SK,all,all,com,ex,university,all,2021,config_hvac_com_001,0.158384478321125
SK,all,all,com,ex,university,all,2021,config_hvac_com_002,0.840650366264106
SK,all,all,com,ex,university,all,2021,config_hvac_com_003,0.000965155414769353
SK,all,all,com,ex,university,all,2021,config_hvac_com_004,0
SK,all,all,com,ex,university,all,2021,config_hvac_com_005,0
SK,all,all,com,ex,university,all,2021,config_hvac_com_006,0
SK,all,all,com,ex,university,all,2021,config_hvac_com_007,0
SK,all,all,com,ex,university,all,2021,config_hvac_com_008,0
SK,all,all,com,ex,university,all,2021,config_hvac_com_009,0
SK,all,all,com,ex,university,all,2021,config_hvac_com_010,0
SK,all,all,com,ex,warehouse,all,2021,config_hvac_com_001,0.158384478321125
SK,all,all,com,ex,warehouse,all,2021,config_hvac_com_002,0.840650366264106
SK,all,all,com,ex,warehouse,all,2021,config_hvac_com_003,0.000965155414769353
SK,all,all,com,ex,warehouse,all,2021,config_hvac_com_004,0
SK,all,all,com,ex,warehouse,all,2021,config_hvac_com_005,0
SK,all,all,com,ex,warehouse,all,2021,config_hvac_com_006,0
SK,all,all,com,ex,warehouse,all,2021,config_hvac_com_007,0
SK,all,all,com,ex,warehouse,all,2021,config_hvac_com_008,0
SK,all,all,com,ex,warehouse,all,2021,config_hvac_com_009,0
SK,all,all,com,ex,warehouse,all,2021,config_hvac_com_010,0
SK,all,all,com,ex,retail,all,2021,config_hvac_com_001,0.158384478321125
SK,all,all,com,ex,retail,all,2021,config_hvac_com_002,0.840650366264106
SK,all,all,com,ex,retail,all,2021,config_hvac_com_003,0.000965155414769353
SK,all,all,com,ex,retail,all,2021,config_hvac_com_004,0
SK,all,all,com,ex,retail,all,2021,config_hvac_com_005,0
SK,all,all,com,ex,retail,all,2021,config_hvac_com_006,0
SK,all,all,com,ex,retail,all,2021,config_hvac_com_007,0
SK,all,all,com,ex,retail,all,2021,config_hvac_com_008,0
SK,all,all,com,ex,retail,all,2021,config_hvac_com_009,0
SK,all,all,com,ex,retail,all,2021,config_hvac_com_010,0
SK,all,all,com,ex,hotel,all,2021,config_hvac_com_001,0.158384478321125
SK,all,all,com,ex,hotel,all,2021,config_hvac_com_002,0.840650366264106
SK,all,all,com,ex,hotel,all,2021,config_hvac_com_003,0.000965155414769353
SK,all,all,com,ex,hotel,all,2021,config_hvac_com_004,0
SK,all,all,com,ex,hotel,all,2021,config_hvac_com_005,0
SK,all,all,com,ex,hotel,all,2021,config_hvac_com_006,0
SK,all,all,com,ex,hotel,all,2021,config_hvac_com_007,0
SK,all,all,com,ex,hotel,all,2021,config_hvac_com_008,0
SK,all,all,com,ex,hotel,all,2021,config_hvac_com_009,0
SK,all,all,com,ex,hotel,all,2021,config_hvac_com_010,0
SK,all,all,com,ex,restaurant,all,2021,config_hvac_com_001,0.158384478321125
SK,all,all,com,ex,restaurant,all,2021,config_hvac_com_002,0.840650366264106
SK,all,all,com,ex,restaurant,all,2021,config_hvac_com_003,0.000965155414769353
SK,all,all,com,ex,restaurant,all,2021,config_hvac_com_004,0
SK,all,all,com,ex,restaurant,all,2021,config_hvac_com_005,0
SK,all,all,com,ex,restaurant,all,2021,config_hvac_com_006,0
SK,all,all,com,ex,restaurant,all,2021,config_hvac_com_007,0
SK,all,all,com,ex,restaurant,all,2021,config_hvac_com_008,0
SK,all,all,com,ex,restaurant,all,2021,config_hvac_com_009,0
SK,all,all,com,ex,restaurant,all,2021,config_hvac_com_010,0
SK,all,all,com,ex,other,all,2021,config_hvac_com_001,0.158384478321125
SK,all,all,com,ex,other,all,2021,config_hvac_com_002,0.840650366264106
SK,all,all,com,ex,other,all,2021,config_hvac_com_003,0.000965155414769353
SK,all,all,com,ex,other,all,2021,config_hvac_com_004,0
SK,all,all,com,ex,other,all,2021,config_hvac_com_005,0
SK,all,all,com,ex,other,all,2021,config_hvac_com_006,0
SK,all,all,com,ex,other,all,2021,config_hvac_com_007,0
SK,all,all,com,ex,other,all,2021,config_hvac_com_008,0
SK,all,all,com,ex,other,all,2021,config_hvac_com_009,0
SK,all,all,com,ex,other,all,2021,config_hvac_com_010,0
TR,all,all,com,ex,hospital,all,2021,config_hvac_com_001,0.196270853778214
TR,all,all,com,ex,hospital,all,2021,config_hvac_com_002,0.795117762512267
TR,all,all,com,ex,hospital,all,2021,config_hvac_com_003,0.00191364082433759
TR,all,all,com,ex,hospital,all,2021,config_hvac_com_004,0
TR,all,all,com,ex,hospital,all,2021,config_hvac_com_005,0.00669774288518155
TR,all,all,com,ex,hospital,all,2021,config_hvac_com_006,0
TR,all,all,com,ex,hospital,all,2021,config_hvac_com_007,0
TR,all,all,com,ex,hospital,all,2021,config_hvac_com_008,0
TR,all,all,com,ex,hospital,all,2021,config_hvac_com_009,0
TR,all,all,com,ex,hospital,all,2021,config_hvac_com_010,0
TR,all,all,com,ex,outpatient,all,2021,config_hvac_com_001,0.196270853778214
TR,all,all,com,ex,outpatient,all,2021,config_hvac_com_002,0.795117762512267
TR,all,all,com,ex,outpatient,all,2021,config_hvac_com_003,0.00191364082433759
TR,all,all,com,ex,outpatient,all,2021,config_hvac_com_004,0
TR,all,all,com,ex,outpatient,all,2021,config_hvac_com_005,0.00669774288518155
TR,all,all,com,ex,outpatient,all,2021,config_hvac_com_006,0
TR,all,all,com,ex,outpatient,all,2021,config_hvac_com_007,0
TR,all,all,com,ex,outpatient,all,2021,config_hvac_com_008,0
TR,all,all,com,ex,outpatient,all,2021,config_hvac_com_009,0
TR,all,all,com,ex,outpatient,all,2021,config_hvac_com_010,0
TR,all,all,com,ex,longtermcare,all,2021,config_hvac_com_001,0.196270853778214
TR,all,all,com,ex,longtermcare,all,2021,config_hvac_com_002,0.795117762512267
TR,all,all,com,ex,longtermcare,all,2021,config_hvac_com_003,0.00191364082433759
TR,all,all,com,ex,longtermcare,all,2021,config_hvac_com_004,0
TR,all,all,com,ex,longtermcare,all,2021,config_hvac_com_005,0.00669774288518155
TR,all,all,com,ex,longtermcare,all,2021,config_hvac_com_006,0
TR,all,all,com,ex,longtermcare,all,2021,config_hvac_com_007,0
TR,all,all,com,ex,longtermcare,all,2021,config_hvac_com_008,0
TR,all,all,com,ex,longtermcare,all,2021,config_hvac_com_009,0
TR,all,all,com,ex,longtermcare,all,2021,config_hvac_com_010,0
TR,all,all,com,ex,smalloffice,all,2021,config_hvac_com_001,0.220990427817933
TR,all,all,com,ex,smalloffice,all,2021,config_hvac_com_002,0.749487204532135
TR,all,all,com,ex,smalloffice,all,2021,config_hvac_com_003,0.0238083610080094
TR,all,all,com,ex,smalloffice,all,2021,config_hvac_com_004,0
TR,all,all,com,ex,smalloffice,all,2021,config_hvac_com_005,0.00571400664192225
TR,all,all,com,ex,smalloffice,all,2021,config_hvac_com_006,0
TR,all,all,com,ex,smalloffice,all,2021,config_hvac_com_007,0
TR,all,all,com,ex,smalloffice,all,2021,config_hvac_com_008,0
TR,all,all,com,ex,smalloffice,all,2021,config_hvac_com_009,0
TR,all,all,com,ex,smalloffice,all,2021,config_hvac_com_010,0
TR,all,all,com,ex,mediumoffice,all,2021,config_hvac_com_001,0.220990427817933
TR,all,all,com,ex,mediumoffice,all,2021,config_hvac_com_002,0.749487204532135
TR,all,all,com,ex,mediumoffice,all,2021,config_hvac_com_003,0.0238083610080094
TR,all,all,com,ex,mediumoffice,all,2021,config_hvac_com_004,0
TR,all,all,com,ex,mediumoffice,all,2021,config_hvac_com_005,0.00571400664192225
TR,all,all,com,ex,mediumoffice,all,2021,config_hvac_com_006,0
TR,all,all,com,ex,mediumoffice,all,2021,config_hvac_com_007,0
TR,all,all,com,ex,mediumoffice,all,2021,config_hvac_com_008,0
TR,all,all,com,ex,mediumoffice,all,2021,config_hvac_com_009,0
TR,all,all,com,ex,mediumoffice,all,2021,config_hvac_com_010,0
TR,all,all,com,ex,largeoffice,all,2021,config_hvac_com_001,0.220990427817933
TR,all,all,com,ex,largeoffice,all,2021,config_hvac_com_002,0.749487204532135
TR,all,all,com,ex,largeoffice,all,2021,config_hvac_com_003,0.0238083610080094
TR,all,all,com,ex,largeoffice,all,2021,config_hvac_com_004,0
TR,all,all,com,ex,largeoffice,all,2021,config_hvac_com_005,0.00571400664192225
TR,all,all,com,ex,largeoffice,all,2021,config_hvac_com_006,0
TR,all,all,com,ex,largeoffice,all,2021,config_hvac_com_007,0
TR,all,all,com,ex,largeoffice,all,2021,config_hvac_com_008,0
TR,all,all,com,ex,largeoffice,all,2021,config_hvac_com_009,0
TR,all,all,com,ex,largeoffice,all,2021,config_hvac_com_010,0
TR,all,all,com,ex,school,all,2021,config_hvac_com_001,0.196270853778214
TR,all,all,com,ex,school,all,2021,config_hvac_com_002,0.793204121687929
TR,all,all,com,ex,school,all,2021,config_hvac_com_003,0.00191364082433759
TR,all,all,com,ex,school,all,2021,config_hvac_com_004,0
TR,all,all,com,ex,school,all,2021,config_hvac_com_005,0.00861138370951914
TR,all,all,com,ex,school,all,2021,config_hvac_com_006,0
TR,all,all,com,ex,school,all,2021,config_hvac_com_007,0
TR,all,all,com,ex,school,all,2021,config_hvac_com_008,0
TR,all,all,com,ex,school,all,2021,config_hvac_com_009,0
TR,all,all,com,ex,school,all,2021,config_hvac_com_010,0
TR,all,all,com,ex,university,all,2021,config_hvac_com_001,0.196270853778214
TR,all,all,com,ex,university,all,2021,config_hvac_com_002,0.793204121687929
TR,all,all,com,ex,university,all,2021,config_hvac_com_003,0.00191364082433759
TR,all,all,com,ex,university,all,2021,config_hvac_com_004,0
TR,all,all,com,ex,university,all,2021,config_hvac_com_005,0.00861138370951914
TR,all,all,com,ex,university,all,2021,config_hvac_com_006,0
TR,all,all,com,ex,university,all,2021,config_hvac_com_007,0
TR,all,all,com,ex,university,all,2021,config_hvac_com_008,0
TR,all,all,com,ex,university,all,2021,config_hvac_com_009,0
TR,all,all,com,ex,university,all,2021,config_hvac_com_010,0
TR,all,all,com,ex,warehouse,all,2021,config_hvac_com_001,0.196270853778214
TR,all,all,com,ex,warehouse,all,2021,config_hvac_com_002,0.796074582924436
TR,all,all,com,ex,warehouse,all,2021,config_hvac_com_003,0.000956820412168793
TR,all,all,com,ex,warehouse,all,2021,config_hvac_com_004,0
TR,all,all,com,ex,warehouse,all,2021,config_hvac_com_005,0.00669774288518155
TR,all,all,com,ex,warehouse,all,2021,config_hvac_com_006,0
TR,all,all,com,ex,warehouse,all,2021,config_hvac_com_007,0
TR,all,all,com,ex,warehouse,all,2021,config_hvac_com_008,0
TR,all,all,com,ex,warehouse,all,2021,config_hvac_com_009,0
TR,all,all,com,ex,warehouse,all,2021,config_hvac_com_010,0
TR,all,all,com,ex,retail,all,2021,config_hvac_com_001,0.218457858380727
TR,all,all,com,ex,retail,all,2021,config_hvac_com_002,0.77487856672118
TR,all,all,com,ex,retail,all,2021,config_hvac_com_003,0.000951939271156241
TR,all,all,com,ex,retail,all,2021,config_hvac_com_004,0
TR,all,all,com,ex,retail,all,2021,config_hvac_com_005,0.00571163562693744
TR,all,all,com,ex,retail,all,2021,config_hvac_com_006,0
TR,all,all,com,ex,retail,all,2021,config_hvac_com_007,0
TR,all,all,com,ex,retail,all,2021,config_hvac_com_008,0
TR,all,all,com,ex,retail,all,2021,config_hvac_com_009,0
TR,all,all,com,ex,retail,all,2021,config_hvac_com_010,0
TR,all,all,com,ex,hotel,all,2021,config_hvac_com_001,0.199789179516093
TR,all,all,com,ex,hotel,all,2021,config_hvac_com_002,0.747628269556051
TR,all,all,com,ex,hotel,all,2021,config_hvac_com_003,0.00956046380506459
TR,all,all,com,ex,hotel,all,2021,config_hvac_com_004,0
TR,all,all,com,ex,hotel,all,2021,config_hvac_com_005,0.0430220871227907
TR,all,all,com,ex,hotel,all,2021,config_hvac_com_006,0
TR,all,all,com,ex,hotel,all,2021,config_hvac_com_007,0
TR,all,all,com,ex,hotel,all,2021,config_hvac_com_008,0
TR,all,all,com,ex,hotel,all,2021,config_hvac_com_009,0
TR,all,all,com,ex,hotel,all,2021,config_hvac_com_010,0
TR,all,all,com,ex,restaurant,all,2021,config_hvac_com_001,0.199789179516093
TR,all,all,com,ex,restaurant,all,2021,config_hvac_com_002,0.747628269556051
TR,all,all,com,ex,restaurant,all,2021,config_hvac_com_003,0.00956046380506459
TR,all,all,com,ex,restaurant,all,2021,config_hvac_com_004,0
TR,all,all,com,ex,restaurant,all,2021,config_hvac_com_005,0.0430220871227907
TR,all,all,com,ex,restaurant,all,2021,config_hvac_com_006,0
TR,all,all,com,ex,restaurant,all,2021,config_hvac_com_007,0
TR,all,all,com,ex,restaurant,all,2021,config_hvac_com_008,0
TR,all,all,com,ex,restaurant,all,2021,config_hvac_com_009,0
TR,all,all,com,ex,restaurant,all,2021,config_hvac_com_010,0
TR,all,all,com,ex,other,all,2021,config_hvac_com_001,0.200960690128419
TR,all,all,com,ex,other,all,2021,config_hvac_com_002,0.735001470444074
TR,all,all,com,ex,other,all,2021,config_hvac_com_003,0.015292618370748
TR,all,all,com,ex,other,all,2021,config_hvac_com_004,0
TR,all,all,com,ex,other,all,2021,config_hvac_com_005,0.0487452210567591
TR,all,all,com,ex,other,all,2021,config_hvac_com_006,0
TR,all,all,com,ex,other,all,2021,config_hvac_com_007,0
TR,all,all,com,ex,other,all,2021,config_hvac_com_008,0
TR,all,all,com,ex,other,all,2021,config_hvac_com_009,0
TR,all,all,com,ex,other,all,2021,config_hvac_com_010,0
AB,all,all,com,ex,hospital,all,2021,config_dhw_com_001,0.019168839135102
AB,all,all,com,ex,hospital,all,2021,config_dhw_com_002,0.970863364514645
AB,all,all,com,ex,hospital,all,2021,config_dhw_com_003,0
AB,all,all,com,ex,hospital,all,2021,config_dhw_com_004,0
AB,all,all,com,ex,hospital,all,2021,config_dhw_com_005,0.00996779635025303
AB,all,all,com,ex,outpatient,all,2021,config_dhw_com_001,0.019168839135102
AB,all,all,com,ex,outpatient,all,2021,config_dhw_com_002,0.970863364514645
AB,all,all,com,ex,outpatient,all,2021,config_dhw_com_003,0
AB,all,all,com,ex,outpatient,all,2021,config_dhw_com_004,0
AB,all,all,com,ex,outpatient,all,2021,config_dhw_com_005,0.00996779635025303
AB,all,all,com,ex,longtermcare,all,2021,config_dhw_com_001,0.019168839135102
AB,all,all,com,ex,longtermcare,all,2021,config_dhw_com_002,0.970863364514645
AB,all,all,com,ex,longtermcare,all,2021,config_dhw_com_003,0
AB,all,all,com,ex,longtermcare,all,2021,config_dhw_com_004,0
AB,all,all,com,ex,longtermcare,all,2021,config_dhw_com_005,0.00996779635025303
AB,all,all,com,ex,smalloffice,all,2021,config_dhw_com_001,0.0318268618714195
AB,all,all,com,ex,smalloffice,all,2021,config_dhw_com_002,0.958243157224698
AB,all,all,com,ex,smalloffice,all,2021,config_dhw_com_003,0
AB,all,all,com,ex,smalloffice,all,2021,config_dhw_com_004,0
AB,all,all,com,ex,smalloffice,all,2021,config_dhw_com_005,0.00992998090388288
AB,all,all,com,ex,mediumoffice,all,2021,config_dhw_com_001,0.0318268618714195
AB,all,all,com,ex,mediumoffice,all,2021,config_dhw_com_002,0.958243157224698
AB,all,all,com,ex,mediumoffice,all,2021,config_dhw_com_003,0
AB,all,all,com,ex,mediumoffice,all,2021,config_dhw_com_004,0
AB,all,all,com,ex,mediumoffice,all,2021,config_dhw_com_005,0.00992998090388288
AB,all,all,com,ex,largeoffice,all,2021,config_dhw_com_001,0.0318268618714195
AB,all,all,com,ex,largeoffice,all,2021,config_dhw_com_002,0.958243157224698
AB,all,all,com,ex,largeoffice,all,2021,config_dhw_com_003,0
AB,all,all,com,ex,largeoffice,all,2021,config_dhw_com_004,0
AB,all,all,com,ex,largeoffice,all,2021,config_dhw_com_005,0.00992998090388288
AB,all,all,com,ex,school,all,2021,config_dhw_com_001,0.0318268618714195
AB,all,all,com,ex,school,all,2021,config_dhw_com_002,0.958243157224698
AB,all,all,com,ex,school,all,2021,config_dhw_com_003,0
AB,all,all,com,ex,school,all,2021,config_dhw_com_004,0
AB,all,all,com,ex,school,all,2021,config_dhw_com_005,0.00992998090388288
AB,all,all,com,ex,university,all,2021,config_dhw_com_001,0.0318268618714195
AB,all,all,com,ex,university,all,2021,config_dhw_com_002,0.958243157224698
AB,all,all,com,ex,university,all,2021,config_dhw_com_003,0
AB,all,all,com,ex,university,all,2021,config_dhw_com_004,0
AB,all,all,com,ex,university,all,2021,config_dhw_com_005,0.00992998090388288
AB,all,all,com,ex,warehouse,all,2021,config_dhw_com_001,0.0318268618714195
AB,all,all,com,ex,warehouse,all,2021,config_dhw_com_002,0.958243157224698
AB,all,all,com,ex,warehouse,all,2021,config_dhw_com_003,0
AB,all,all,com,ex,warehouse,all,2021,config_dhw_com_004,0
AB,all,all,com,ex,warehouse,all,2021,config_dhw_com_005,0.00992998090388288
AB,all,all,com,ex,retail,all,2021,config_dhw_com_001,0.0318268618714195
AB,all,all,com,ex,retail,all,2021,config_dhw_com_002,0.958243157224698
AB,all,all,com,ex,retail,all,2021,config_dhw_com_003,0
AB,all,all,com,ex,retail,all,2021,config_dhw_com_004,0
AB,all,all,com,ex,retail,all,2021,config_dhw_com_005,0.00992998090388288
AB,all,all,com,ex,hotel,all,2021,config_dhw_com_001,0.0318268618714195
AB,all,all,com,ex,hotel,all,2021,config_dhw_com_002,0.958243157224698
AB,all,all,com,ex,hotel,all,2021,config_dhw_com_003,0
AB,all,all,com,ex,hotel,all,2021,config_dhw_com_004,0
AB,all,all,com,ex,hotel,all,2021,config_dhw_com_005,0.00992998090388288
AB,all,all,com,ex,restaurant,all,2021,config_dhw_com_001,0.0318268618714195
AB,all,all,com,ex,restaurant,all,2021,config_dhw_com_002,0.958243157224698
AB,all,all,com,ex,restaurant,all,2021,config_dhw_com_003,0
AB,all,all,com,ex,restaurant,all,2021,config_dhw_com_004,0
AB,all,all,com,ex,restaurant,all,2021,config_dhw_com_005,0.00992998090388288
AB,all,all,com,ex,other,all,2021,config_dhw_com_001,0.0318268618714195
AB,all,all,com,ex,other,all,2021,config_dhw_com_002,0.958243157224698
AB,all,all,com,ex,other,all,2021,config_dhw_com_003,0
AB,all,all,com,ex,other,all,2021,config_dhw_com_004,0
AB,all,all,com,ex,other,all,2021,config_dhw_com_005,0.00992998090388288
BC,all,all,com,ex,hospital,all,2021,config_dhw_com_001,0.0127844541038098
BC,all,all,com,ex,hospital,all,2021,config_dhw_com_002,0.961288672973664
BC,all,all,com,ex,hospital,all,2021,config_dhw_com_003,0.0079774993607773
BC,all,all,com,ex,hospital,all,2021,config_dhw_com_004,0
BC,all,all,com,ex,hospital,all,2021,config_dhw_com_005,0.0179493735617489
BC,all,all,com,ex,outpatient,all,2021,config_dhw_com_001,0.0127844541038098
BC,all,all,com,ex,outpatient,all,2021,config_dhw_com_002,0.961288672973664
BC,all,all,com,ex,outpatient,all,2021,config_dhw_com_003,0.0079774993607773
BC,all,all,com,ex,outpatient,all,2021,config_dhw_com_004,0
BC,all,all,com,ex,outpatient,all,2021,config_dhw_com_005,0.0179493735617489
BC,all,all,com,ex,longtermcare,all,2021,config_dhw_com_001,0.0127844541038098
BC,all,all,com,ex,longtermcare,all,2021,config_dhw_com_002,0.961288672973664
BC,all,all,com,ex,longtermcare,all,2021,config_dhw_com_003,0.0079774993607773
BC,all,all,com,ex,longtermcare,all,2021,config_dhw_com_004,0
BC,all,all,com,ex,longtermcare,all,2021,config_dhw_com_005,0.0179493735617489
BC,all,all,com,ex,smalloffice,all,2021,config_dhw_com_001,0.0127844541038098
BC,all,all,com,ex,smalloffice,all,2021,config_dhw_com_002,0.968268984914344
BC,all,all,com,ex,smalloffice,all,2021,config_dhw_com_003,0.00299156226029149
BC,all,all,com,ex,smalloffice,all,2021,config_dhw_com_004,0
BC,all,all,com,ex,smalloffice,all,2021,config_dhw_com_005,0.0159549987215546
BC,all,all,com,ex,mediumoffice,all,2021,config_dhw_com_001,0.0127844541038098
BC,all,all,com,ex,mediumoffice,all,2021,config_dhw_com_002,0.968268984914344
BC,all,all,com,ex,mediumoffice,all,2021,config_dhw_com_003,0.00299156226029149
BC,all,all,com,ex,mediumoffice,all,2021,config_dhw_com_004,0
BC,all,all,com,ex,mediumoffice,all,2021,config_dhw_com_005,0.0159549987215546
BC,all,all,com,ex,largeoffice,all,2021,config_dhw_com_001,0.0127844541038098
BC,all,all,com,ex,largeoffice,all,2021,config_dhw_com_002,0.968268984914344
BC,all,all,com,ex,largeoffice,all,2021,config_dhw_com_003,0.00299156226029149
BC,all,all,com,ex,largeoffice,all,2021,config_dhw_com_004,0
BC,all,all,com,ex,largeoffice,all,2021,config_dhw_com_005,0.0159549987215546
BC,all,all,com,ex,school,all,2021,config_dhw_com_001,0.0127844541038098
BC,all,all,com,ex,school,all,2021,config_dhw_com_002,0.955305548453081
BC,all,all,com,ex,school,all,2021,config_dhw_com_003,0.00897468678087446
BC,all,all,com,ex,school,all,2021,config_dhw_com_004,0
BC,all,all,com,ex,school,all,2021,config_dhw_com_005,0.0229353106622347
BC,all,all,com,ex,university,all,2021,config_dhw_com_001,0.0127844541038098
BC,all,all,com,ex,university,all,2021,config_dhw_com_002,0.955305548453081
BC,all,all,com,ex,university,all,2021,config_dhw_com_003,0.00897468678087446
BC,all,all,com,ex,university,all,2021,config_dhw_com_004,0
BC,all,all,com,ex,university,all,2021,config_dhw_com_005,0.0229353106622347
BC,all,all,com,ex,warehouse,all,2021,config_dhw_com_001,0.0127844541038098
BC,all,all,com,ex,warehouse,all,2021,config_dhw_com_002,0.963283047813859
BC,all,all,com,ex,warehouse,all,2021,config_dhw_com_003,0.00598312452058297
BC,all,all,com,ex,warehouse,all,2021,config_dhw_com_004,0
BC,all,all,com,ex,warehouse,all,2021,config_dhw_com_005,0.0179493735617489
BC,all,all,com,ex,retail,all,2021,config_dhw_com_001,0.0127844541038098
BC,all,all,com,ex,retail,all,2021,config_dhw_com_002,0.968268984914344
BC,all,all,com,ex,retail,all,2021,config_dhw_com_003,0.00299156226029149
BC,all,all,com,ex,retail,all,2021,config_dhw_com_004,0
BC,all,all,com,ex,retail,all,2021,config_dhw_com_005,0.0159549987215546
BC,all,all,com,ex,hotel,all,2021,config_dhw_com_001,0.0127844541038098
BC,all,all,com,ex,hotel,all,2021,config_dhw_com_002,0.847609307082588
BC,all,all,com,ex,hotel,all,2021,config_dhw_com_003,0.0378931219636921
BC,all,all,com,ex,hotel,all,2021,config_dhw_com_004,0
BC,all,all,com,ex,hotel,all,2021,config_dhw_com_005,0.101713116849911
BC,all,all,com,ex,restaurant,all,2021,config_dhw_com_001,0.0127844541038098
BC,all,all,com,ex,restaurant,all,2021,config_dhw_com_002,0.847609307082588
BC,all,all,com,ex,restaurant,all,2021,config_dhw_com_003,0.0378931219636921
BC,all,all,com,ex,restaurant,all,2021,config_dhw_com_004,0
BC,all,all,com,ex,restaurant,all,2021,config_dhw_com_005,0.101713116849911
BC,all,all,com,ex,other,all,2021,config_dhw_com_001,0.0127844541038098
BC,all,all,com,ex,other,all,2021,config_dhw_com_002,0.821682434160061
BC,all,all,com,ex,other,all,2021,config_dhw_com_003,0.0548453081053439
BC,all,all,com,ex,other,all,2021,config_dhw_com_004,0
BC,all,all,com,ex,other,all,2021,config_dhw_com_005,0.110687803630785
MB,all,all,com,ex,hospital,all,2021,config_dhw_com_001,0.242948422049999
MB,all,all,com,ex,hospital,all,2021,config_dhw_com_002,0.703044143728286
MB,all,all,com,ex,hospital,all,2021,config_dhw_com_003,0
MB,all,all,com,ex,hospital,all,2021,config_dhw_com_004,0
MB,all,all,com,ex,hospital,all,2021,config_dhw_com_005,0.0540074342217147
MB,all,all,com,ex,outpatient,all,2021,config_dhw_com_001,0.242948422049999
MB,all,all,com,ex,outpatient,all,2021,config_dhw_com_002,0.703044143728286
MB,all,all,com,ex,outpatient,all,2021,config_dhw_com_003,0
MB,all,all,com,ex,outpatient,all,2021,config_dhw_com_004,0
MB,all,all,com,ex,outpatient,all,2021,config_dhw_com_005,0.0540074342217147
MB,all,all,com,ex,longtermcare,all,2021,config_dhw_com_001,0.242948422049999
MB,all,all,com,ex,longtermcare,all,2021,config_dhw_com_002,0.703044143728286
MB,all,all,com,ex,longtermcare,all,2021,config_dhw_com_003,0
MB,all,all,com,ex,longtermcare,all,2021,config_dhw_com_004,0
MB,all,all,com,ex,longtermcare,all,2021,config_dhw_com_005,0.0540074342217147
MB,all,all,com,ex,smalloffice,all,2021,config_dhw_com_001,0.124688279301746
MB,all,all,com,ex,smalloffice,all,2021,config_dhw_com_002,0.832518703241895
MB,all,all,com,ex,smalloffice,all,2021,config_dhw_com_003,0
MB,all,all,com,ex,smalloffice,all,2021,config_dhw_com_004,0
MB,all,all,com,ex,smalloffice,all,2021,config_dhw_com_005,0.0427930174563591
MB,all,all,com,ex,mediumoffice,all,2021,config_dhw_com_001,0.124688279301746
MB,all,all,com,ex,mediumoffice,all,2021,config_dhw_com_002,0.832518703241895
MB,all,all,com,ex,mediumoffice,all,2021,config_dhw_com_003,0
MB,all,all,com,ex,mediumoffice,all,2021,config_dhw_com_004,0
MB,all,all,com,ex,mediumoffice,all,2021,config_dhw_com_005,0.0427930174563591
MB,all,all,com,ex,largeoffice,all,2021,config_dhw_com_001,0.124688279301746
MB,all,all,com,ex,largeoffice,all,2021,config_dhw_com_002,0.832518703241895
MB,all,all,com,ex,largeoffice,all,2021,config_dhw_com_003,0
MB,all,all,com,ex,largeoffice,all,2021,config_dhw_com_004,0
MB,all,all,com,ex,largeoffice,all,2021,config_dhw_com_005,0.0427930174563591
MB,all,all,com,ex,school,all,2021,config_dhw_com_001,0.124688279301746
MB,all,all,com,ex,school,all,2021,config_dhw_com_002,0.816957605985037
MB,all,all,com,ex,school,all,2021,config_dhw_com_003,0
MB,all,all,com,ex,school,all,2021,config_dhw_com_004,0
MB,all,all,com,ex,school,all,2021,config_dhw_com_005,0.0583541147132169
MB,all,all,com,ex,university,all,2021,config_dhw_com_001,0.124688279301746
MB,all,all,com,ex,university,all,2021,config_dhw_com_002,0.816957605985037
MB,all,all,com,ex,university,all,2021,config_dhw_com_003,0
MB,all,all,com,ex,university,all,2021,config_dhw_com_004,0
MB,all,all,com,ex,university,all,2021,config_dhw_com_005,0.0583541147132169
MB,all,all,com,ex,warehouse,all,2021,config_dhw_com_001,0.124688279301746
MB,all,all,com,ex,warehouse,all,2021,config_dhw_com_002,0.828628428927681
MB,all,all,com,ex,warehouse,all,2021,config_dhw_com_003,0
MB,all,all,com,ex,warehouse,all,2021,config_dhw_com_004,0
MB,all,all,com,ex,warehouse,all,2021,config_dhw_com_005,0.0466832917705736
MB,all,all,com,ex,retail,all,2021,config_dhw_com_001,0.124688279301746
MB,all,all,com,ex,retail,all,2021,config_dhw_com_002,0.830573566084788
MB,all,all,com,ex,retail,all,2021,config_dhw_com_003,0
MB,all,all,com,ex,retail,all,2021,config_dhw_com_004,0
MB,all,all,com,ex,retail,all,2021,config_dhw_com_005,0.0447381546134663
MB,all,all,com,ex,hotel,all,2021,config_dhw_com_001,0.124688279301746
MB,all,all,com,ex,hotel,all,2021,config_dhw_com_002,0.831546134663342
MB,all,all,com,ex,hotel,all,2021,config_dhw_com_003,0
MB,all,all,com,ex,hotel,all,2021,config_dhw_com_004,0
MB,all,all,com,ex,hotel,all,2021,config_dhw_com_005,0.0437655860349127
MB,all,all,com,ex,restaurant,all,2021,config_dhw_com_001,0.124688279301746
MB,all,all,com,ex,restaurant,all,2021,config_dhw_com_002,0.831546134663342
MB,all,all,com,ex,restaurant,all,2021,config_dhw_com_003,0
MB,all,all,com,ex,restaurant,all,2021,config_dhw_com_004,0
MB,all,all,com,ex,restaurant,all,2021,config_dhw_com_005,0.0437655860349127
MB,all,all,com,ex,other,all,2021,config_dhw_com_001,0.124688279301746
MB,all,all,com,ex,other,all,2021,config_dhw_com_002,0.831546134663342
MB,all,all,com,ex,other,all,2021,config_dhw_com_003,0
MB,all,all,com,ex,other,all,2021,config_dhw_com_004,0
MB,all,all,com,ex,other,all,2021,config_dhw_com_005,0.0437655860349127
NB,all,all,com,ex,hospital,all,2021,config_dhw_com_001,0.0632111251580278
NB,all,all,com,ex,hospital,all,2021,config_dhw_com_002,0.765208596713022
NB,all,all,com,ex,hospital,all,2021,config_dhw_com_003,0.0177496839443742
NB,all,all,com,ex,hospital,all,2021,config_dhw_com_004,0
NB,all,all,com,ex,hospital,all,2021,config_dhw_com_005,0.153830594184576
NB,all,all,com,ex,outpatient,all,2021,config_dhw_com_001,0.0632111251580278
NB,all,all,com,ex,outpatient,all,2021,config_dhw_com_002,0.765208596713022
NB,all,all,com,ex,outpatient,all,2021,config_dhw_com_003,0.0177496839443742
NB,all,all,com,ex,outpatient,all,2021,config_dhw_com_004,0
NB,all,all,com,ex,outpatient,all,2021,config_dhw_com_005,0.153830594184576
NB,all,all,com,ex,longtermcare,all,2021,config_dhw_com_001,0.0632111251580278
NB,all,all,com,ex,longtermcare,all,2021,config_dhw_com_002,0.765208596713022
NB,all,all,com,ex,longtermcare,all,2021,config_dhw_com_003,0.0177496839443742
NB,all,all,com,ex,longtermcare,all,2021,config_dhw_com_004,0
NB,all,all,com,ex,longtermcare,all,2021,config_dhw_com_005,0.153830594184576
NB,all,all,com,ex,smalloffice,all,2021,config_dhw_com_001,0.0619641366751815
NB,all,all,com,ex,smalloffice,all,2021,config_dhw_com_002,0.799944358734414
NB,all,all,com,ex,smalloffice,all,2021,config_dhw_com_003,0.00887731100938314
NB,all,all,com,ex,smalloffice,all,2021,config_dhw_com_004,0
NB,all,all,com,ex,smalloffice,all,2021,config_dhw_com_005,0.129214193581021
NB,all,all,com,ex,mediumoffice,all,2021,config_dhw_com_001,0.0619641366751815
NB,all,all,com,ex,mediumoffice,all,2021,config_dhw_com_002,0.799944358734414
NB,all,all,com,ex,mediumoffice,all,2021,config_dhw_com_003,0.00887731100938314
NB,all,all,com,ex,mediumoffice,all,2021,config_dhw_com_004,0
NB,all,all,com,ex,mediumoffice,all,2021,config_dhw_com_005,0.129214193581021
NB,all,all,com,ex,largeoffice,all,2021,config_dhw_com_001,0.0619641366751815
NB,all,all,com,ex,largeoffice,all,2021,config_dhw_com_002,0.799944358734414
NB,all,all,com,ex,largeoffice,all,2021,config_dhw_com_003,0.00887731100938314
NB,all,all,com,ex,largeoffice,all,2021,config_dhw_com_004,0
NB,all,all,com,ex,largeoffice,all,2021,config_dhw_com_005,0.129214193581021
NB,all,all,com,ex,school,all,2021,config_dhw_com_001,0.0632111251580278
NB,all,all,com,ex,school,all,2021,config_dhw_com_002,0.765208596713022
NB,all,all,com,ex,school,all,2021,config_dhw_com_003,0.0177496839443742
NB,all,all,com,ex,school,all,2021,config_dhw_com_004,0
NB,all,all,com,ex,school,all,2021,config_dhw_com_005,0.153830594184576
NB,all,all,com,ex,university,all,2021,config_dhw_com_001,0.0632111251580278
NB,all,all,com,ex,university,all,2021,config_dhw_com_002,0.765208596713022
NB,all,all,com,ex,university,all,2021,config_dhw_com_003,0.0177496839443742
NB,all,all,com,ex,university,all,2021,config_dhw_com_004,0
NB,all,all,com,ex,university,all,2021,config_dhw_com_005,0.153830594184576
NB,all,all,com,ex,warehouse,all,2021,config_dhw_com_001,0.0632111251580278
NB,all,all,com,ex,warehouse,all,2021,config_dhw_com_002,0.765208596713022
NB,all,all,com,ex,warehouse,all,2021,config_dhw_com_003,0.0177496839443742
NB,all,all,com,ex,warehouse,all,2021,config_dhw_com_004,0
NB,all,all,com,ex,warehouse,all,2021,config_dhw_com_005,0.153830594184576
NB,all,all,com,ex,retail,all,2021,config_dhw_com_001,0.0632111251580278
NB,all,all,com,ex,retail,all,2021,config_dhw_com_002,0.765208596713022
NB,all,all,com,ex,retail,all,2021,config_dhw_com_003,0.0177496839443742
NB,all,all,com,ex,retail,all,2021,config_dhw_com_004,0
NB,all,all,com,ex,retail,all,2021,config_dhw_com_005,0.153830594184576
NB,all,all,com,ex,hotel,all,2021,config_dhw_com_001,0.0632111251580278
NB,all,all,com,ex,hotel,all,2021,config_dhw_com_002,0.647863463969659
NB,all,all,com,ex,hotel,all,2021,config_dhw_com_003,0.0147914032869785
NB,all,all,com,ex,hotel,all,2021,config_dhw_com_004,0
NB,all,all,com,ex,hotel,all,2021,config_dhw_com_005,0.274134007585335
NB,all,all,com,ex,restaurant,all,2021,config_dhw_com_001,0.0632111251580278
NB,all,all,com,ex,restaurant,all,2021,config_dhw_com_002,0.647863463969659
NB,all,all,com,ex,restaurant,all,2021,config_dhw_com_003,0.0147914032869785
NB,all,all,com,ex,restaurant,all,2021,config_dhw_com_004,0
NB,all,all,com,ex,restaurant,all,2021,config_dhw_com_005,0.274134007585335
NB,all,all,com,ex,other,all,2021,config_dhw_com_001,0.0632111251580278
NB,all,all,com,ex,other,all,2021,config_dhw_com_002,0.645891276864728
NB,all,all,com,ex,other,all,2021,config_dhw_com_003,0.0177496839443742
NB,all,all,com,ex,other,all,2021,config_dhw_com_004,0
NB,all,all,com,ex,other,all,2021,config_dhw_com_005,0.27314791403287
NL,all,all,com,ex,hospital,all,2021,config_dhw_com_001,0.0632111251580278
NL,all,all,com,ex,hospital,all,2021,config_dhw_com_002,0.765208596713022
NL,all,all,com,ex,hospital,all,2021,config_dhw_com_003,0.0177496839443742
NL,all,all,com,ex,hospital,all,2021,config_dhw_com_004,0
NL,all,all,com,ex,hospital,all,2021,config_dhw_com_005,0.153830594184576
NL,all,all,com,ex,outpatient,all,2021,config_dhw_com_001,0.0632111251580278
NL,all,all,com,ex,outpatient,all,2021,config_dhw_com_002,0.765208596713022
NL,all,all,com,ex,outpatient,all,2021,config_dhw_com_003,0.0177496839443742
NL,all,all,com,ex,outpatient,all,2021,config_dhw_com_004,0
NL,all,all,com,ex,outpatient,all,2021,config_dhw_com_005,0.153830594184576
NL,all,all,com,ex,longtermcare,all,2021,config_dhw_com_001,0.0632111251580278
NL,all,all,com,ex,longtermcare,all,2021,config_dhw_com_002,0.765208596713022
NL,all,all,com,ex,longtermcare,all,2021,config_dhw_com_003,0.0177496839443742
NL,all,all,com,ex,longtermcare,all,2021,config_dhw_com_004,0
NL,all,all,com,ex,longtermcare,all,2021,config_dhw_com_005,0.153830594184576
NL,all,all,com,ex,smalloffice,all,2021,config_dhw_com_001,0.0619641366751815
NL,all,all,com,ex,smalloffice,all,2021,config_dhw_com_002,0.799944358734414
NL,all,all,com,ex,smalloffice,all,2021,config_dhw_com_003,0.00887731100938314
NL,all,all,com,ex,smalloffice,all,2021,config_dhw_com_004,0
NL,all,all,com,ex,smalloffice,all,2021,config_dhw_com_005,0.129214193581021
NL,all,all,com,ex,mediumoffice,all,2021,config_dhw_com_001,0.0619641366751815
NL,all,all,com,ex,mediumoffice,all,2021,config_dhw_com_002,0.799944358734414
NL,all,all,com,ex,mediumoffice,all,2021,config_dhw_com_003,0.00887731100938314
NL,all,all,com,ex,mediumoffice,all,2021,config_dhw_com_004,0
NL,all,all,com,ex,mediumoffice,all,2021,config_dhw_com_005,0.129214193581021
NL,all,all,com,ex,largeoffice,all,2021,config_dhw_com_001,0.0619641366751815
NL,all,all,com,ex,largeoffice,all,2021,config_dhw_com_002,0.799944358734414
NL,all,all,com,ex,largeoffice,all,2021,config_dhw_com_003,0.00887731100938314
NL,all,all,com,ex,largeoffice,all,2021,config_dhw_com_004,0
NL,all,all,com,ex,largeoffice,all,2021,config_dhw_com_005,0.129214193581021
NL,all,all,com,ex,school,all,2021,config_dhw_com_001,0.0632111251580278
NL,all,all,com,ex,school,all,2021,config_dhw_com_002,0.765208596713022
NL,all,all,com,ex,school,all,2021,config_dhw_com_003,0.0177496839443742
NL,all,all,com,ex,school,all,2021,config_dhw_com_004,0
NL,all,all,com,ex,school,all,2021,config_dhw_com_005,0.153830594184576
NL,all,all,com,ex,university,all,2021,config_dhw_com_001,0.0632111251580278
NL,all,all,com,ex,university,all,2021,config_dhw_com_002,0.765208596713022
NL,all,all,com,ex,university,all,2021,config_dhw_com_003,0.0177496839443742
NL,all,all,com,ex,university,all,2021,config_dhw_com_004,0
NL,all,all,com,ex,university,all,2021,config_dhw_com_005,0.153830594184576
NL,all,all,com,ex,warehouse,all,2021,config_dhw_com_001,0.0632111251580278
NL,all,all,com,ex,warehouse,all,2021,config_dhw_com_002,0.765208596713022
NL,all,all,com,ex,warehouse,all,2021,config_dhw_com_003,0.0177496839443742
NL,all,all,com,ex,warehouse,all,2021,config_dhw_com_004,0
NL,all,all,com,ex,warehouse,all,2021,config_dhw_com_005,0.153830594184576
NL,all,all,com,ex,retail,all,2021,config_dhw_com_001,0.0632111251580278
NL,all,all,com,ex,retail,all,2021,config_dhw_com_002,0.765208596713022
NL,all,all,com,ex,retail,all,2021,config_dhw_com_003,0.0177496839443742
NL,all,all,com,ex,retail,all,2021,config_dhw_com_004,0
NL,all,all,com,ex,retail,all,2021,config_dhw_com_005,0.153830594184576
NL,all,all,com,ex,hotel,all,2021,config_dhw_com_001,0.0632111251580278
NL,all,all,com,ex,hotel,all,2021,config_dhw_com_002,0.647863463969659
NL,all,all,com,ex,hotel,all,2021,config_dhw_com_003,0.0147914032869785
NL,all,all,com,ex,hotel,all,2021,config_dhw_com_004,0
NL,all,all,com,ex,hotel,all,2021,config_dhw_com_005,0.274134007585335
NL,all,all,com,ex,restaurant,all,2021,config_dhw_com_001,0.0632111251580278
NL,all,all,com,ex,restaurant,all,2021,config_dhw_com_002,0.647863463969659
NL,all,all,com,ex,restaurant,all,2021,config_dhw_com_003,0.0147914032869785
NL,all,all,com,ex,restaurant,all,2021,config_dhw_com_004,0
NL,all,all,com,ex,restaurant,all,2021,config_dhw_com_005,0.274134007585335
NL,all,all,com,ex,other,all,2021,config_dhw_com_001,0.0632111251580278
NL,all,all,com,ex,other,all,2021,config_dhw_com_002,0.645891276864728
NL,all,all,com,ex,other,all,2021,config_dhw_com_003,0.0177496839443742
NL,all,all,com,ex,other,all,2021,config_dhw_com_004,0
NL,all,all,com,ex,other,all,2021,config_dhw_com_005,0.27314791403287
NS,all,all,com,ex,hospital,all,2021,config_dhw_com_001,0.0632111251580278
NS,all,all,com,ex,hospital,all,2021,config_dhw_com_002,0.765208596713022
NS,all,all,com,ex,hospital,all,2021,config_dhw_com_003,0.0177496839443742
NS,all,all,com,ex,hospital,all,2021,config_dhw_com_004,0
NS,all,all,com,ex,hospital,all,2021,config_dhw_com_005,0.153830594184576
NS,all,all,com,ex,outpatient,all,2021,config_dhw_com_001,0.0632111251580278
NS,all,all,com,ex,outpatient,all,2021,config_dhw_com_002,0.765208596713022
NS,all,all,com,ex,outpatient,all,2021,config_dhw_com_003,0.0177496839443742
NS,all,all,com,ex,outpatient,all,2021,config_dhw_com_004,0
NS,all,all,com,ex,outpatient,all,2021,config_dhw_com_005,0.153830594184576
NS,all,all,com,ex,longtermcare,all,2021,config_dhw_com_001,0.0632111251580278
NS,all,all,com,ex,longtermcare,all,2021,config_dhw_com_002,0.765208596713022
NS,all,all,com,ex,longtermcare,all,2021,config_dhw_com_003,0.0177496839443742
NS,all,all,com,ex,longtermcare,all,2021,config_dhw_com_004,0
NS,all,all,com,ex,longtermcare,all,2021,config_dhw_com_005,0.153830594184576
NS,all,all,com,ex,smalloffice,all,2021,config_dhw_com_001,0.0619641366751815
NS,all,all,com,ex,smalloffice,all,2021,config_dhw_com_002,0.799944358734414
NS,all,all,com,ex,smalloffice,all,2021,config_dhw_com_003,0.00887731100938314
NS,all,all,com,ex,smalloffice,all,2021,config_dhw_com_004,0
NS,all,all,com,ex,smalloffice,all,2021,config_dhw_com_005,0.129214193581021
NS,all,all,com,ex,mediumoffice,all,2021,config_dhw_com_001,0.0619641366751815
NS,all,all,com,ex,mediumoffice,all,2021,config_dhw_com_002,0.799944358734414
NS,all,all,com,ex,mediumoffice,all,2021,config_dhw_com_003,0.00887731100938314
NS,all,all,com,ex,mediumoffice,all,2021,config_dhw_com_004,0
NS,all,all,com,ex,mediumoffice,all,2021,config_dhw_com_005,0.129214193581021
NS,all,all,com,ex,largeoffice,all,2021,config_dhw_com_001,0.0619641366751815
NS,all,all,com,ex,largeoffice,all,2021,config_dhw_com_002,0.799944358734414
NS,all,all,com,ex,largeoffice,all,2021,config_dhw_com_003,0.00887731100938314
NS,all,all,com,ex,largeoffice,all,2021,config_dhw_com_004,0
NS,all,all,com,ex,largeoffice,all,2021,config_dhw_com_005,0.129214193581021
NS,all,all,com,ex,school,all,2021,config_dhw_com_001,0.0632111251580278
NS,all,all,com,ex,school,all,2021,config_dhw_com_002,0.765208596713022
NS,all,all,com,ex,school,all,2021,config_dhw_com_003,0.0177496839443742
NS,all,all,com,ex,school,all,2021,config_dhw_com_004,0
NS,all,all,com,ex,school,all,2021,config_dhw_com_005,0.153830594184576
NS,all,all,com,ex,university,all,2021,config_dhw_com_001,0.0632111251580278
NS,all,all,com,ex,university,all,2021,config_dhw_com_002,0.765208596713022
NS,all,all,com,ex,university,all,2021,config_dhw_com_003,0.0177496839443742
NS,all,all,com,ex,university,all,2021,config_dhw_com_004,0
NS,all,all,com,ex,university,all,2021,config_dhw_com_005,0.153830594184576
NS,all,all,com,ex,warehouse,all,2021,config_dhw_com_001,0.0632111251580278
NS,all,all,com,ex,warehouse,all,2021,config_dhw_com_002,0.765208596713022
NS,all,all,com,ex,warehouse,all,2021,config_dhw_com_003,0.0177496839443742
NS,all,all,com,ex,warehouse,all,2021,config_dhw_com_004,0
NS,all,all,com,ex,warehouse,all,2021,config_dhw_com_005,0.153830594184576
NS,all,all,com,ex,retail,all,2021,config_dhw_com_001,0.0632111251580278
NS,all,all,com,ex,retail,all,2021,config_dhw_com_002,0.765208596713022
NS,all,all,com,ex,retail,all,2021,config_dhw_com_003,0.0177496839443742
NS,all,all,com,ex,retail,all,2021,config_dhw_com_004,0
NS,all,all,com,ex,retail,all,2021,config_dhw_com_005,0.153830594184576
NS,all,all,com,ex,hotel,all,2021,config_dhw_com_001,0.0632111251580278
NS,all,all,com,ex,hotel,all,2021,config_dhw_com_002,0.647863463969659
NS,all,all,com,ex,hotel,all,2021,config_dhw_com_003,0.0147914032869785
NS,all,all,com,ex,hotel,all,2021,config_dhw_com_004,0
NS,all,all,com,ex,hotel,all,2021,config_dhw_com_005,0.274134007585335
NS,all,all,com,ex,restaurant,all,2021,config_dhw_com_001,0.0632111251580278
NS,all,all,com,ex,restaurant,all,2021,config_dhw_com_002,0.647863463969659
NS,all,all,com,ex,restaurant,all,2021,config_dhw_com_003,0.0147914032869785
NS,all,all,com,ex,restaurant,all,2021,config_dhw_com_004,0
NS,all,all,com,ex,restaurant,all,2021,config_dhw_com_005,0.274134007585335
NS,all,all,com,ex,other,all,2021,config_dhw_com_001,0.0632111251580278
NS,all,all,com,ex,other,all,2021,config_dhw_com_002,0.645891276864728
NS,all,all,com,ex,other,all,2021,config_dhw_com_003,0.0177496839443742
NS,all,all,com,ex,other,all,2021,config_dhw_com_004,0
NS,all,all,com,ex,other,all,2021,config_dhw_com_005,0.27314791403287
ON,all,all,com,ex,hospital,all,2021,config_dhw_com_001,0.050709939148073
ON,all,all,com,ex,hospital,all,2021,config_dhw_com_002,0.803930020283976
ON,all,all,com,ex,hospital,all,2021,config_dhw_com_003,0.135471602434077
ON,all,all,com,ex,hospital,all,2021,config_dhw_com_004,0
ON,all,all,com,ex,hospital,all,2021,config_dhw_com_005,0.00988843813387424
ON,all,all,com,ex,outpatient,all,2021,config_dhw_com_001,0.050709939148073
ON,all,all,com,ex,outpatient,all,2021,config_dhw_com_002,0.803930020283976
ON,all,all,com,ex,outpatient,all,2021,config_dhw_com_003,0.135471602434077
ON,all,all,com,ex,outpatient,all,2021,config_dhw_com_004,0
ON,all,all,com,ex,outpatient,all,2021,config_dhw_com_005,0.00988843813387424
ON,all,all,com,ex,longtermcare,all,2021,config_dhw_com_001,0.050709939148073
ON,all,all,com,ex,longtermcare,all,2021,config_dhw_com_002,0.803930020283976
ON,all,all,com,ex,longtermcare,all,2021,config_dhw_com_003,0.135471602434077
ON,all,all,com,ex,longtermcare,all,2021,config_dhw_com_004,0
ON,all,all,com,ex,longtermcare,all,2021,config_dhw_com_005,0.00988843813387424
ON,all,all,com,ex,smalloffice,all,2021,config_dhw_com_001,0.050709939148073
ON,all,all,com,ex,smalloffice,all,2021,config_dhw_com_002,0.842494929006085
ON,all,all,com,ex,smalloffice,all,2021,config_dhw_com_003,0.0969066937119676
ON,all,all,com,ex,smalloffice,all,2021,config_dhw_com_004,0
ON,all,all,com,ex,smalloffice,all,2021,config_dhw_com_005,0.00988843813387424
ON,all,all,com,ex,mediumoffice,all,2021,config_dhw_com_001,0.050709939148073
ON,all,all,com,ex,mediumoffice,all,2021,config_dhw_com_002,0.842494929006085
ON,all,all,com,ex,mediumoffice,all,2021,config_dhw_com_003,0.0969066937119676
ON,all,all,com,ex,mediumoffice,all,2021,config_dhw_com_004,0
ON,all,all,com,ex,mediumoffice,all,2021,config_dhw_com_005,0.00988843813387424
ON,all,all,com,ex,largeoffice,all,2021,config_dhw_com_001,0.050709939148073
ON,all,all,com,ex,largeoffice,all,2021,config_dhw_com_002,0.842494929006085
ON,all,all,com,ex,largeoffice,all,2021,config_dhw_com_003,0.0969066937119676
ON,all,all,com,ex,largeoffice,all,2021,config_dhw_com_004,0
ON,all,all,com,ex,largeoffice,all,2021,config_dhw_com_005,0.00988843813387424
ON,all,all,com,ex,school,all,2021,config_dhw_com_001,0.050709939148073
ON,all,all,com,ex,school,all,2021,config_dhw_com_002,0.84842799188641
ON,all,all,com,ex,school,all,2021,config_dhw_com_003,0.090973630831643
ON,all,all,com,ex,school,all,2021,config_dhw_com_004,0
ON,all,all,com,ex,school,all,2021,config_dhw_com_005,0.00988843813387424
ON,all,all,com,ex,university,all,2021,config_dhw_com_001,0.050709939148073
ON,all,all,com,ex,university,all,2021,config_dhw_com_002,0.84842799188641
ON,all,all,com,ex,university,all,2021,config_dhw_com_003,0.090973630831643
ON,all,all,com,ex,university,all,2021,config_dhw_com_004,0
ON,all,all,com,ex,university,all,2021,config_dhw_com_005,0.00988843813387424
ON,all,all,com,ex,warehouse,all,2021,config_dhw_com_001,0.050709939148073
ON,all,all,com,ex,warehouse,all,2021,config_dhw_com_002,0.833595334685598
ON,all,all,com,ex,warehouse,all,2021,config_dhw_com_003,0.105806288032454
ON,all,all,com,ex,warehouse,all,2021,config_dhw_com_004,0
ON,all,all,com,ex,warehouse,all,2021,config_dhw_com_005,0.00988843813387424
ON,all,all,com,ex,retail,all,2021,config_dhw_com_001,0.0507601329915484
ON,all,all,com,ex,retail,all,2021,config_dhw_com_002,0.906677495495038
ON,all,all,com,ex,retail,all,2021,config_dhw_com_003,0.0326641455800614
ON,all,all,com,ex,retail,all,2021,config_dhw_com_004,0
ON,all,all,com,ex,retail,all,2021,config_dhw_com_005,0.00989822593335195
ON,all,all,com,ex,hotel,all,2021,config_dhw_com_001,0.050709939148073
ON,all,all,com,ex,hotel,all,2021,config_dhw_com_002,0.870182555780933
ON,all,all,com,ex,hotel,all,2021,config_dhw_com_003,0.0692190669371197
ON,all,all,com,ex,hotel,all,2021,config_dhw_com_004,0
ON,all,all,com,ex,hotel,all,2021,config_dhw_com_005,0.00988843813387424
ON,all,all,com,ex,restaurant,all,2021,config_dhw_com_001,0.050709939148073
ON,all,all,com,ex,restaurant,all,2021,config_dhw_com_002,0.870182555780933
ON,all,all,com,ex,restaurant,all,2021,config_dhw_com_003,0.0692190669371197
ON,all,all,com,ex,restaurant,all,2021,config_dhw_com_004,0
ON,all,all,com,ex,restaurant,all,2021,config_dhw_com_005,0.00988843813387424
ON,all,all,com,ex,other,all,2021,config_dhw_com_001,0.050709939148073
ON,all,all,com,ex,other,all,2021,config_dhw_com_002,0.755476673427992
ON,all,all,com,ex,other,all,2021,config_dhw_com_003,0.183924949290061
ON,all,all,com,ex,other,all,2021,config_dhw_com_004,0
ON,all,all,com,ex,other,all,2021,config_dhw_com_005,0.00988843813387424
PE,all,all,com,ex,hospital,all,2021,config_dhw_com_001,0.0632111251580278
PE,all,all,com,ex,hospital,all,2021,config_dhw_com_002,0.765208596713022
PE,all,all,com,ex,hospital,all,2021,config_dhw_com_003,0.0177496839443742
PE,all,all,com,ex,hospital,all,2021,config_dhw_com_004,0
PE,all,all,com,ex,hospital,all,2021,config_dhw_com_005,0.153830594184576
PE,all,all,com,ex,outpatient,all,2021,config_dhw_com_001,0.0632111251580278
PE,all,all,com,ex,outpatient,all,2021,config_dhw_com_002,0.765208596713022
PE,all,all,com,ex,outpatient,all,2021,config_dhw_com_003,0.0177496839443742
PE,all,all,com,ex,outpatient,all,2021,config_dhw_com_004,0
PE,all,all,com,ex,outpatient,all,2021,config_dhw_com_005,0.153830594184576
PE,all,all,com,ex,longtermcare,all,2021,config_dhw_com_001,0.0632111251580278
PE,all,all,com,ex,longtermcare,all,2021,config_dhw_com_002,0.765208596713022
PE,all,all,com,ex,longtermcare,all,2021,config_dhw_com_003,0.0177496839443742
PE,all,all,com,ex,longtermcare,all,2021,config_dhw_com_004,0
PE,all,all,com,ex,longtermcare,all,2021,config_dhw_com_005,0.153830594184576
PE,all,all,com,ex,smalloffice,all,2021,config_dhw_com_001,0.0619641366751815
PE,all,all,com,ex,smalloffice,all,2021,config_dhw_com_002,0.799944358734414
PE,all,all,com,ex,smalloffice,all,2021,config_dhw_com_003,0.00887731100938314
PE,all,all,com,ex,smalloffice,all,2021,config_dhw_com_004,0
PE,all,all,com,ex,smalloffice,all,2021,config_dhw_com_005,0.129214193581021
PE,all,all,com,ex,mediumoffice,all,2021,config_dhw_com_001,0.0619641366751815
PE,all,all,com,ex,mediumoffice,all,2021,config_dhw_com_002,0.799944358734414
PE,all,all,com,ex,mediumoffice,all,2021,config_dhw_com_003,0.00887731100938314
PE,all,all,com,ex,mediumoffice,all,2021,config_dhw_com_004,0
PE,all,all,com,ex,mediumoffice,all,2021,config_dhw_com_005,0.129214193581021
PE,all,all,com,ex,largeoffice,all,2021,config_dhw_com_001,0.0619641366751815
PE,all,all,com,ex,largeoffice,all,2021,config_dhw_com_002,0.799944358734414
PE,all,all,com,ex,largeoffice,all,2021,config_dhw_com_003,0.00887731100938314
PE,all,all,com,ex,largeoffice,all,2021,config_dhw_com_004,0
PE,all,all,com,ex,largeoffice,all,2021,config_dhw_com_005,0.129214193581021
PE,all,all,com,ex,school,all,2021,config_dhw_com_001,0.0632111251580278
PE,all,all,com,ex,school,all,2021,config_dhw_com_002,0.765208596713022
PE,all,all,com,ex,school,all,2021,config_dhw_com_003,0.0177496839443742
PE,all,all,com,ex,school,all,2021,config_dhw_com_004,0
PE,all,all,com,ex,school,all,2021,config_dhw_com_005,0.153830594184576
PE,all,all,com,ex,university,all,2021,config_dhw_com_001,0.0632111251580278
PE,all,all,com,ex,university,all,2021,config_dhw_com_002,0.765208596713022
PE,all,all,com,ex,university,all,2021,config_dhw_com_003,0.0177496839443742
PE,all,all,com,ex,university,all,2021,config_dhw_com_004,0
PE,all,all,com,ex,university,all,2021,config_dhw_com_005,0.153830594184576
PE,all,all,com,ex,warehouse,all,2021,config_dhw_com_001,0.0632111251580278
PE,all,all,com,ex,warehouse,all,2021,config_dhw_com_002,0.765208596713022
PE,all,all,com,ex,warehouse,all,2021,config_dhw_com_003,0.0177496839443742
PE,all,all,com,ex,warehouse,all,2021,config_dhw_com_004,0
PE,all,all,com,ex,warehouse,all,2021,config_dhw_com_005,0.153830594184576
PE,all,all,com,ex,retail,all,2021,config_dhw_com_001,0.0632111251580278
PE,all,all,com,ex,retail,all,2021,config_dhw_com_002,0.765208596713022
PE,all,all,com,ex,retail,all,2021,config_dhw_com_003,0.0177496839443742
PE,all,all,com,ex,retail,all,2021,config_dhw_com_004,0
PE,all,all,com,ex,retail,all,2021,config_dhw_com_005,0.153830594184576
PE,all,all,com,ex,hotel,all,2021,config_dhw_com_001,0.0632111251580278
PE,all,all,com,ex,hotel,all,2021,config_dhw_com_002,0.647863463969659
PE,all,all,com,ex,hotel,all,2021,config_dhw_com_003,0.0147914032869785
PE,all,all,com,ex,hotel,all,2021,config_dhw_com_004,0
PE,all,all,com,ex,hotel,all,2021,config_dhw_com_005,0.274134007585335
PE,all,all,com,ex,restaurant,all,2021,config_dhw_com_001,0.0632111251580278
PE,all,all,com,ex,restaurant,all,2021,config_dhw_com_002,0.647863463969659
PE,all,all,com,ex,restaurant,all,2021,config_dhw_com_003,0.0147914032869785
PE,all,all,com,ex,restaurant,all,2021,config_dhw_com_004,0
PE,all,all,com,ex,restaurant,all,2021,config_dhw_com_005,0.274134007585335
PE,all,all,com,ex,other,all,2021,config_dhw_com_001,0.0632111251580278
PE,all,all,com,ex,other,all,2021,config_dhw_com_002,0.645891276864728
PE,all,all,com,ex,other,all,2021,config_dhw_com_003,0.0177496839443742
PE,all,all,com,ex,other,all,2021,config_dhw_com_004,0
PE,all,all,com,ex,other,all,2021,config_dhw_com_005,0.27314791403287
QC,all,all,com,ex,hospital,all,2021,config_dhw_com_001,0.125900625763506
QC,all,all,com,ex,hospital,all,2021,config_dhw_com_002,0.500735459100995
QC,all,all,com,ex,hospital,all,2021,config_dhw_com_003,0.311136595946249
QC,all,all,com,ex,hospital,all,2021,config_dhw_com_004,0
QC,all,all,com,ex,hospital,all,2021,config_dhw_com_005,0.0622273191892498
QC,all,all,com,ex,outpatient,all,2021,config_dhw_com_001,0.125900625763506
QC,all,all,com,ex,outpatient,all,2021,config_dhw_com_002,0.500735459100995
QC,all,all,com,ex,outpatient,all,2021,config_dhw_com_003,0.311136595946249
QC,all,all,com,ex,outpatient,all,2021,config_dhw_com_004,0
QC,all,all,com,ex,outpatient,all,2021,config_dhw_com_005,0.0622273191892498
QC,all,all,com,ex,longtermcare,all,2021,config_dhw_com_001,0.125900625763506
QC,all,all,com,ex,longtermcare,all,2021,config_dhw_com_002,0.500735459100995
QC,all,all,com,ex,longtermcare,all,2021,config_dhw_com_003,0.311136595946249
QC,all,all,com,ex,longtermcare,all,2021,config_dhw_com_004,0
QC,all,all,com,ex,longtermcare,all,2021,config_dhw_com_005,0.0622273191892498
QC,all,all,com,ex,smalloffice,all,2021,config_dhw_com_001,0.321658327376698
QC,all,all,com,ex,smalloffice,all,2021,config_dhw_com_002,0.311293781272337
QC,all,all,com,ex,smalloffice,all,2021,config_dhw_com_003,0.306647605432452
QC,all,all,com,ex,smalloffice,all,2021,config_dhw_com_004,0
QC,all,all,com,ex,smalloffice,all,2021,config_dhw_com_005,0.0604002859185132
QC,all,all,com,ex,mediumoffice,all,2021,config_dhw_com_001,0.321658327376698
QC,all,all,com,ex,mediumoffice,all,2021,config_dhw_com_002,0.311293781272337
QC,all,all,com,ex,mediumoffice,all,2021,config_dhw_com_003,0.306647605432452
QC,all,all,com,ex,mediumoffice,all,2021,config_dhw_com_004,0
QC,all,all,com,ex,mediumoffice,all,2021,config_dhw_com_005,0.0604002859185132
QC,all,all,com,ex,largeoffice,all,2021,config_dhw_com_001,0.321658327376698
QC,all,all,com,ex,largeoffice,all,2021,config_dhw_com_002,0.311293781272337
QC,all,all,com,ex,largeoffice,all,2021,config_dhw_com_003,0.306647605432452
QC,all,all,com,ex,largeoffice,all,2021,config_dhw_com_004,0
QC,all,all,com,ex,largeoffice,all,2021,config_dhw_com_005,0.0604002859185132
QC,all,all,com,ex,school,all,2021,config_dhw_com_001,0.125900625763506
QC,all,all,com,ex,school,all,2021,config_dhw_com_002,0.500735459100995
QC,all,all,com,ex,school,all,2021,config_dhw_com_003,0.311136595946249
QC,all,all,com,ex,school,all,2021,config_dhw_com_004,0
QC,all,all,com,ex,school,all,2021,config_dhw_com_005,0.0622273191892498
QC,all,all,com,ex,university,all,2021,config_dhw_com_001,0.125900625763506
QC,all,all,com,ex,university,all,2021,config_dhw_com_002,0.500735459100995
QC,all,all,com,ex,university,all,2021,config_dhw_com_003,0.311136595946249
QC,all,all,com,ex,university,all,2021,config_dhw_com_004,0
QC,all,all,com,ex,university,all,2021,config_dhw_com_005,0.0622273191892498
QC,all,all,com,ex,warehouse,all,2021,config_dhw_com_001,0.125900625763506
QC,all,all,com,ex,warehouse,all,2021,config_dhw_com_002,0.500735459100995
QC,all,all,com,ex,warehouse,all,2021,config_dhw_com_003,0.311136595946249
QC,all,all,com,ex,warehouse,all,2021,config_dhw_com_004,0
QC,all,all,com,ex,warehouse,all,2021,config_dhw_com_005,0.0622273191892498
QC,all,all,com,ex,retail,all,2021,config_dhw_com_001,0.125900625763506
QC,all,all,com,ex,retail,all,2021,config_dhw_com_002,0.500735459100995
QC,all,all,com,ex,retail,all,2021,config_dhw_com_003,0.311136595946249
QC,all,all,com,ex,retail,all,2021,config_dhw_com_004,0
QC,all,all,com,ex,retail,all,2021,config_dhw_com_005,0.0622273191892498
QC,all,all,com,ex,hotel,all,2021,config_dhw_com_001,0.125900625763506
QC,all,all,com,ex,hotel,all,2021,config_dhw_com_002,0.500735459100995
QC,all,all,com,ex,hotel,all,2021,config_dhw_com_003,0.311136595946249
QC,all,all,com,ex,hotel,all,2021,config_dhw_com_004,0
QC,all,all,com,ex,hotel,all,2021,config_dhw_com_005,0.0622273191892498
QC,all,all,com,ex,restaurant,all,2021,config_dhw_com_001,0.125900625763506
QC,all,all,com,ex,restaurant,all,2021,config_dhw_com_002,0.500735459100995
QC,all,all,com,ex,restaurant,all,2021,config_dhw_com_003,0.311136595946249
QC,all,all,com,ex,restaurant,all,2021,config_dhw_com_004,0
QC,all,all,com,ex,restaurant,all,2021,config_dhw_com_005,0.0622273191892498
QC,all,all,com,ex,other,all,2021,config_dhw_com_001,0.125900625763506
QC,all,all,com,ex,other,all,2021,config_dhw_com_002,0.500735459100995
QC,all,all,com,ex,other,all,2021,config_dhw_com_003,0.311136595946249
QC,all,all,com,ex,other,all,2021,config_dhw_com_004,0
QC,all,all,com,ex,other,all,2021,config_dhw_com_005,0.0622273191892498
SK,all,all,com,ex,hospital,all,2021,config_dhw_com_001,0.050709939148073
SK,all,all,com,ex,hospital,all,2021,config_dhw_com_002,0.949290060851927
SK,all,all,com,ex,hospital,all,2021,config_dhw_com_003,0
SK,all,all,com,ex,hospital,all,2021,config_dhw_com_004,0
SK,all,all,com,ex,hospital,all,2021,config_dhw_com_005,0
SK,all,all,com,ex,outpatient,all,2021,config_dhw_com_001,0.050709939148073
SK,all,all,com,ex,outpatient,all,2021,config_dhw_com_002,0.949290060851927
SK,all,all,com,ex,outpatient,all,2021,config_dhw_com_003,0
SK,all,all,com,ex,outpatient,all,2021,config_dhw_com_004,0
SK,all,all,com,ex,outpatient,all,2021,config_dhw_com_005,0
SK,all,all,com,ex,longtermcare,all,2021,config_dhw_com_001,0.050709939148073
SK,all,all,com,ex,longtermcare,all,2021,config_dhw_com_002,0.949290060851927
SK,all,all,com,ex,longtermcare,all,2021,config_dhw_com_003,0
SK,all,all,com,ex,longtermcare,all,2021,config_dhw_com_004,0
SK,all,all,com,ex,longtermcare,all,2021,config_dhw_com_005,0
SK,all,all,com,ex,smalloffice,all,2021,config_dhw_com_001,0.050709939148073
SK,all,all,com,ex,smalloffice,all,2021,config_dhw_com_002,0.949290060851927
SK,all,all,com,ex,smalloffice,all,2021,config_dhw_com_003,0
SK,all,all,com,ex,smalloffice,all,2021,config_dhw_com_004,0
SK,all,all,com,ex,smalloffice,all,2021,config_dhw_com_005,0
SK,all,all,com,ex,mediumoffice,all,2021,config_dhw_com_001,0.050709939148073
SK,all,all,com,ex,mediumoffice,all,2021,config_dhw_com_002,0.949290060851927
SK,all,all,com,ex,mediumoffice,all,2021,config_dhw_com_003,0
SK,all,all,com,ex,mediumoffice,all,2021,config_dhw_com_004,0
SK,all,all,com,ex,mediumoffice,all,2021,config_dhw_com_005,0
SK,all,all,com,ex,largeoffice,all,2021,config_dhw_com_001,0.050709939148073
SK,all,all,com,ex,largeoffice,all,2021,config_dhw_com_002,0.949290060851927
SK,all,all,com,ex,largeoffice,all,2021,config_dhw_com_003,0
SK,all,all,com,ex,largeoffice,all,2021,config_dhw_com_004,0
SK,all,all,com,ex,largeoffice,all,2021,config_dhw_com_005,0
SK,all,all,com,ex,school,all,2021,config_dhw_com_001,0.050709939148073
SK,all,all,com,ex,school,all,2021,config_dhw_com_002,0.94830121703854
SK,all,all,com,ex,school,all,2021,config_dhw_com_003,0.000988843813387424
SK,all,all,com,ex,school,all,2021,config_dhw_com_004,0
SK,all,all,com,ex,school,all,2021,config_dhw_com_005,0
SK,all,all,com,ex,university,all,2021,config_dhw_com_001,0.050709939148073
SK,all,all,com,ex,university,all,2021,config_dhw_com_002,0.94830121703854
SK,all,all,com,ex,university,all,2021,config_dhw_com_003,0.000988843813387424
SK,all,all,com,ex,university,all,2021,config_dhw_com_004,0
SK,all,all,com,ex,university,all,2021,config_dhw_com_005,0
SK,all,all,com,ex,warehouse,all,2021,config_dhw_com_001,0.050709939148073
SK,all,all,com,ex,warehouse,all,2021,config_dhw_com_002,0.949290060851927
SK,all,all,com,ex,warehouse,all,2021,config_dhw_com_003,0
SK,all,all,com,ex,warehouse,all,2021,config_dhw_com_004,0
SK,all,all,com,ex,warehouse,all,2021,config_dhw_com_005,0
SK,all,all,com,ex,retail,all,2021,config_dhw_com_001,0.0507601329915484
SK,all,all,com,ex,retail,all,2021,config_dhw_com_002,0.949239867008452
SK,all,all,com,ex,retail,all,2021,config_dhw_com_003,0
SK,all,all,com,ex,retail,all,2021,config_dhw_com_004,0
SK,all,all,com,ex,retail,all,2021,config_dhw_com_005,0
SK,all,all,com,ex,hotel,all,2021,config_dhw_com_001,0.0818330605564648
SK,all,all,com,ex,hotel,all,2021,config_dhw_com_002,0.918166939443535
SK,all,all,com,ex,hotel,all,2021,config_dhw_com_003,0
SK,all,all,com,ex,hotel,all,2021,config_dhw_com_004,0
SK,all,all,com,ex,hotel,all,2021,config_dhw_com_005,0
SK,all,all,com,ex,restaurant,all,2021,config_dhw_com_001,0.0818330605564648
SK,all,all,com,ex,restaurant,all,2021,config_dhw_com_002,0.918166939443535
SK,all,all,com,ex,restaurant,all,2021,config_dhw_com_003,0
SK,all,all,com,ex,restaurant,all,2021,config_dhw_com_004,0
SK,all,all,com,ex,restaurant,all,2021,config_dhw_com_005,0
SK,all,all,com,ex,other,all,2021,config_dhw_com_001,0.050709939148073
SK,all,all,com,ex,other,all,2021,config_dhw_com_002,0.94830121703854
SK,all,all,com,ex,other,all,2021,config_dhw_com_003,0.000988843813387424
SK,all,all,com,ex,other,all,2021,config_dhw_com_004,0
SK,all,all,com,ex,other,all,2021,config_dhw_com_005,0
TR,all,all,com,ex,hospital,all,2021,config_dhw_com_001,0.0127844541038098
TR,all,all,com,ex,hospital,all,2021,config_dhw_com_002,0.961288672973664
TR,all,all,com,ex,hospital,all,2021,config_dhw_com_003,0.0079774993607773
TR,all,all,com,ex,hospital,all,2021,config_dhw_com_004,0
TR,all,all,com,ex,hospital,all,2021,config_dhw_com_005,0.0179493735617489
TR,all,all,com,ex,outpatient,all,2021,config_dhw_com_001,0.0127844541038098
TR,all,all,com,ex,outpatient,all,2021,config_dhw_com_002,0.961288672973664
TR,all,all,com,ex,outpatient,all,2021,config_dhw_com_003,0.0079774993607773
TR,all,all,com,ex,outpatient,all,2021,config_dhw_com_004,0
TR,all,all,com,ex,outpatient,all,2021,config_dhw_com_005,0.0179493735617489
TR,all,all,com,ex,longtermcare,all,2021,config_dhw_com_001,0.0127844541038098
TR,all,all,com,ex,longtermcare,all,2021,config_dhw_com_002,0.961288672973664
TR,all,all,com,ex,longtermcare,all,2021,config_dhw_com_003,0.0079774993607773
TR,all,all,com,ex,longtermcare,all,2021,config_dhw_com_004,0
TR,all,all,com,ex,longtermcare,all,2021,config_dhw_com_005,0.0179493735617489
TR,all,all,com,ex,smalloffice,all,2021,config_dhw_com_001,0.0127844541038098
TR,all,all,com,ex,smalloffice,all,2021,config_dhw_com_002,0.968268984914344
TR,all,all,com,ex,smalloffice,all,2021,config_dhw_com_003,0.00299156226029149
TR,all,all,com,ex,smalloffice,all,2021,config_dhw_com_004,0
TR,all,all,com,ex,smalloffice,all,2021,config_dhw_com_005,0.0159549987215546
TR,all,all,com,ex,mediumoffice,all,2021,config_dhw_com_001,0.0127844541038098
TR,all,all,com,ex,mediumoffice,all,2021,config_dhw_com_002,0.968268984914344
TR,all,all,com,ex,mediumoffice,all,2021,config_dhw_com_003,0.00299156226029149
TR,all,all,com,ex,mediumoffice,all,2021,config_dhw_com_004,0
TR,all,all,com,ex,mediumoffice,all,2021,config_dhw_com_005,0.0159549987215546
TR,all,all,com,ex,largeoffice,all,2021,config_dhw_com_001,0.0127844541038098
TR,all,all,com,ex,largeoffice,all,2021,config_dhw_com_002,0.968268984914344
TR,all,all,com,ex,largeoffice,all,2021,config_dhw_com_003,0.00299156226029149
TR,all,all,com,ex,largeoffice,all,2021,config_dhw_com_004,0
TR,all,all,com,ex,largeoffice,all,2021,config_dhw_com_005,0.0159549987215546
TR,all,all,com,ex,school,all,2021,config_dhw_com_001,0.0127844541038098
TR,all,all,com,ex,school,all,2021,config_dhw_com_002,0.955305548453081
TR,all,all,com,ex,school,all,2021,config_dhw_com_003,0.00897468678087446
TR,all,all,com,ex,school,all,2021,config_dhw_com_004,0
TR,all,all,com,ex,school,all,2021,config_dhw_com_005,0.0229353106622347
TR,all,all,com,ex,university,all,2021,config_dhw_com_001,0.0127844541038098
TR,all,all,com,ex,university,all,2021,config_dhw_com_002,0.955305548453081
TR,all,all,com,ex,university,all,2021,config_dhw_com_003,0.00897468678087446
TR,all,all,com,ex,university,all,2021,config_dhw_com_004,0
TR,all,all,com,ex,university,all,2021,config_dhw_com_005,0.0229353106622347
TR,all,all,com,ex,warehouse,all,2021,config_dhw_com_001,0.0127844541038098
TR,all,all,com,ex,warehouse,all,2021,config_dhw_com_002,0.963283047813859
TR,all,all,com,ex,warehouse,all,2021,config_dhw_com_003,0.00598312452058297
TR,all,all,com,ex,warehouse,all,2021,config_dhw_com_004,0
TR,all,all,com,ex,warehouse,all,2021,config_dhw_com_005,0.0179493735617489
TR,all,all,com,ex,retail,all,2021,config_dhw_com_001,0.0127844541038098
TR,all,all,com,ex,retail,all,2021,config_dhw_com_002,0.968268984914344
TR,all,all,com,ex,retail,all,2021,config_dhw_com_003,0.00299156226029149
TR,all,all,com,ex,retail,all,2021,config_dhw_com_004,0
TR,all,all,com,ex,retail,all,2021,config_dhw_com_005,0.0159549987215546
TR,all,all,com,ex,hotel,all,2021,config_dhw_com_001,0.0127844541038098
TR,all,all,com,ex,hotel,all,2021,config_dhw_com_002,0.847609307082588
TR,all,all,com,ex,hotel,all,2021,config_dhw_com_003,0.0378931219636921
TR,all,all,com,ex,hotel,all,2021,config_dhw_com_004,0
TR,all,all,com,ex,hotel,all,2021,config_dhw_com_005,0.101713116849911
TR,all,all,com,ex,restaurant,all,2021,config_dhw_com_001,0.0127844541038098
TR,all,all,com,ex,restaurant,all,2021,config_dhw_com_002,0.847609307082588
TR,all,all,com,ex,restaurant,all,2021,config_dhw_com_003,0.0378931219636921
TR,all,all,com,ex,restaurant,all,2021,config_dhw_com_004,0
TR,all,all,com,ex,restaurant,all,2021,config_dhw_com_005,0.101713116849911
TR,all,all,com,ex,other,all,2021,config_dhw_com_001,0.0127844541038098
TR,all,all,com,ex,other,all,2021,config_dhw_com_002,0.821682434160061
TR,all,all,com,ex,other,all,2021,config_dhw_com_003,0.0548453081053439
TR,all,all,com,ex,other,all,2021,config_dhw_com_004,0
TR,all,all,com,ex,other,all,2021,config_dhw_com_005,0.110687803630785
AB,all,all,com,ex,hospital,all,2021,config_lighting_com_001,1
AB,all,all,com,ex,hospital,all,2021,config_lighting_com_002,0
AB,all,all,com,ex,hospital,all,2021,config_lighting_com_003,0
AB,all,all,com,ex,hospital,all,2021,config_motors_com_001,1
AB,all,all,com,ex,hospital,all,2021,config_motors_com_002,0
AB,all,all,com,ex,hospital,all,2021,config_motors_com_003,0
AB,all,all,com,ex,hospital,all,2021,config_process_com_001,0.828943778724476
AB,all,all,com,ex,hospital,all,2021,config_process_com_002,0.077752827852511
AB,all,all,com,ex,hospital,all,2021,config_process_com_003,0.0933033934230132
AB,all,all,com,ex,outpatient,all,2021,config_lighting_com_001,1
AB,all,all,com,ex,outpatient,all,2021,config_lighting_com_002,0
AB,all,all,com,ex,outpatient,all,2021,config_lighting_com_003,0
AB,all,all,com,ex,outpatient,all,2021,config_motors_com_001,1
AB,all,all,com,ex,outpatient,all,2021,config_motors_com_002,0
AB,all,all,com,ex,outpatient,all,2021,config_motors_com_003,0
AB,all,all,com,ex,outpatient,all,2021,config_process_com_001,0.828943778724476
AB,all,all,com,ex,outpatient,all,2021,config_process_com_002,0.077752827852511
AB,all,all,com,ex,outpatient,all,2021,config_process_com_003,0.0933033934230132
AB,all,all,com,ex,longtermcare,all,2021,config_lighting_com_001,1
AB,all,all,com,ex,longtermcare,all,2021,config_lighting_com_002,0
AB,all,all,com,ex,longtermcare,all,2021,config_lighting_com_003,0
AB,all,all,com,ex,longtermcare,all,2021,config_motors_com_001,1
AB,all,all,com,ex,longtermcare,all,2021,config_motors_com_002,0
AB,all,all,com,ex,longtermcare,all,2021,config_motors_com_003,0
AB,all,all,com,ex,longtermcare,all,2021,config_process_com_001,0.828943778724476
AB,all,all,com,ex,longtermcare,all,2021,config_process_com_002,0.077752827852511
AB,all,all,com,ex,longtermcare,all,2021,config_process_com_003,0.0933033934230132
AB,all,all,com,ex,smalloffice,all,2021,config_lighting_com_001,1
AB,all,all,com,ex,smalloffice,all,2021,config_lighting_com_002,0
AB,all,all,com,ex,smalloffice,all,2021,config_lighting_com_003,0
AB,all,all,com,ex,smalloffice,all,2021,config_motors_com_001,1
AB,all,all,com,ex,smalloffice,all,2021,config_motors_com_002,0
AB,all,all,com,ex,smalloffice,all,2021,config_motors_com_003,0
AB,all,all,com,ex,smalloffice,all,2021,config_process_com_001,0.942994031426367
AB,all,all,com,ex,smalloffice,all,2021,config_process_com_002,0.0300864834138617
AB,all,all,com,ex,smalloffice,all,2021,config_process_com_003,0.026919485159771
AB,all,all,com,ex,mediumoffice,all,2021,config_lighting_com_001,1
AB,all,all,com,ex,mediumoffice,all,2021,config_lighting_com_002,0
AB,all,all,com,ex,mediumoffice,all,2021,config_lighting_com_003,0
AB,all,all,com,ex,mediumoffice,all,2021,config_motors_com_001,1
AB,all,all,com,ex,mediumoffice,all,2021,config_motors_com_002,0
AB,all,all,com,ex,mediumoffice,all,2021,config_motors_com_003,0
AB,all,all,com,ex,mediumoffice,all,2021,config_process_com_001,0.942994031426367
AB,all,all,com,ex,mediumoffice,all,2021,config_process_com_002,0.0300864834138617
AB,all,all,com,ex,mediumoffice,all,2021,config_process_com_003,0.026919485159771
AB,all,all,com,ex,largeoffice,all,2021,config_lighting_com_001,1
AB,all,all,com,ex,largeoffice,all,2021,config_lighting_com_002,0
AB,all,all,com,ex,largeoffice,all,2021,config_lighting_com_003,0
AB,all,all,com,ex,largeoffice,all,2021,config_motors_com_001,1
AB,all,all,com,ex,largeoffice,all,2021,config_motors_com_002,0
AB,all,all,com,ex,largeoffice,all,2021,config_motors_com_003,0
AB,all,all,com,ex,largeoffice,all,2021,config_process_com_001,0.942994031426367
AB,all,all,com,ex,largeoffice,all,2021,config_process_com_002,0.0300864834138617
AB,all,all,com,ex,largeoffice,all,2021,config_process_com_003,0.026919485159771
AB,all,all,com,ex,school,all,2021,config_lighting_com_001,1
AB,all,all,com,ex,school,all,2021,config_lighting_com_002,0
AB,all,all,com,ex,school,all,2021,config_lighting_com_003,0
AB,all,all,com,ex,school,all,2021,config_motors_com_001,1
AB,all,all,com,ex,school,all,2021,config_motors_com_002,0
AB,all,all,com,ex,school,all,2021,config_motors_com_003,0
AB,all,all,com,ex,school,all,2021,config_process_com_001,0.942936107949927
AB,all,all,com,ex,school,all,2021,config_process_com_002,0.0277393919687856
AB,all,all,com,ex,school,all,2021,config_process_com_003,0.0293245000812876
AB,all,all,com,ex,university,all,2021,config_lighting_com_001,1
AB,all,all,com,ex,university,all,2021,config_lighting_com_002,0
AB,all,all,com,ex,university,all,2021,config_lighting_com_003,0
AB,all,all,com,ex,university,all,2021,config_motors_com_001,1
AB,all,all,com,ex,university,all,2021,config_motors_com_002,0
AB,all,all,com,ex,university,all,2021,config_motors_com_003,0
AB,all,all,com,ex,university,all,2021,config_process_com_001,0.942936107949927
AB,all,all,com,ex,university,all,2021,config_process_com_002,0.0277393919687856
AB,all,all,com,ex,university,all,2021,config_process_com_003,0.0293245000812876
AB,all,all,com,ex,warehouse,all,2021,config_lighting_com_001,1
AB,all,all,com,ex,warehouse,all,2021,config_lighting_com_002,0
AB,all,all,com,ex,warehouse,all,2021,config_lighting_com_003,0
AB,all,all,com,ex,warehouse,all,2021,config_motors_com_001,1
AB,all,all,com,ex,warehouse,all,2021,config_motors_com_002,0
AB,all,all,com,ex,warehouse,all,2021,config_motors_com_003,0
AB,all,all,com,ex,warehouse,all,2021,config_process_com_001,1
AB,all,all,com,ex,warehouse,all,2021,config_process_com_002,0
AB,all,all,com,ex,warehouse,all,2021,config_process_com_003,0
AB,all,all,com,ex,retail,all,2021,config_lighting_com_001,1
AB,all,all,com,ex,retail,all,2021,config_lighting_com_002,0
AB,all,all,com,ex,retail,all,2021,config_lighting_com_003,0
AB,all,all,com,ex,retail,all,2021,config_motors_com_001,1
AB,all,all,com,ex,retail,all,2021,config_motors_com_002,0
AB,all,all,com,ex,retail,all,2021,config_motors_com_003,0
AB,all,all,com,ex,retail,all,2021,config_process_com_001,0.942936107949927
AB,all,all,com,ex,retail,all,2021,config_process_com_002,0.0301170541375386
AB,all,all,com,ex,retail,all,2021,config_process_com_003,0.0269468379125346
AB,all,all,com,ex,hotel,all,2021,config_lighting_com_001,1
AB,all,all,com,ex,hotel,all,2021,config_lighting_com_002,0
AB,all,all,com,ex,hotel,all,2021,config_lighting_com_003,0
AB,all,all,com,ex,hotel,all,2021,config_motors_com_001,1
AB,all,all,com,ex,hotel,all,2021,config_motors_com_002,0
AB,all,all,com,ex,hotel,all,2021,config_motors_com_003,0
AB,all,all,com,ex,hotel,all,2021,config_process_com_001,0.848572144288577
AB,all,all,com,ex,hotel,all,2021,config_process_com_002,0.0667585170340681
AB,all,all,com,ex,hotel,all,2021,config_process_com_003,0.0846693386773547
AB,all,all,com,ex,restaurant,all,2021,config_lighting_com_001,1
AB,all,all,com,ex,restaurant,all,2021,config_lighting_com_002,0
AB,all,all,com,ex,restaurant,all,2021,config_lighting_com_003,0
AB,all,all,com,ex,restaurant,all,2021,config_motors_com_001,1
AB,all,all,com,ex,restaurant,all,2021,config_motors_com_002,0
AB,all,all,com,ex,restaurant,all,2021,config_motors_com_003,0
AB,all,all,com,ex,restaurant,all,2021,config_process_com_001,0.848572144288577
AB,all,all,com,ex,restaurant,all,2021,config_process_com_002,0.0667585170340681
AB,all,all,com,ex,restaurant,all,2021,config_process_com_003,0.0846693386773547
AB,all,all,com,ex,other,all,2021,config_lighting_com_001,1
AB,all,all,com,ex,other,all,2021,config_lighting_com_002,0
AB,all,all,com,ex,other,all,2021,config_lighting_com_003,0
AB,all,all,com,ex,other,all,2021,config_motors_com_001,1
AB,all,all,com,ex,other,all,2021,config_motors_com_002,0
AB,all,all,com,ex,other,all,2021,config_motors_com_003,0
AB,all,all,com,ex,other,all,2021,config_process_com_001,0.938905051573658
AB,all,all,com,ex,other,all,2021,config_process_com_002,0.0412589262099974
AB,all,all,com,ex,other,all,2021,config_process_com_003,0.0198360222163449
BC,all,all,com,ex,hospital,all,2021,config_lighting_com_001,1
BC,all,all,com,ex,hospital,all,2021,config_lighting_com_002,0
BC,all,all,com,ex,hospital,all,2021,config_lighting_com_003,0
BC,all,all,com,ex,hospital,all,2021,config_motors_com_001,1
BC,all,all,com,ex,hospital,all,2021,config_motors_com_002,0
BC,all,all,com,ex,hospital,all,2021,config_motors_com_003,0
BC,all,all,com,ex,hospital,all,2021,config_process_com_001,0.775862068965517
BC,all,all,com,ex,hospital,all,2021,config_process_com_002,0.0921455938697318
BC,all,all,com,ex,hospital,all,2021,config_process_com_003,0.131992337164751
BC,all,all,com,ex,outpatient,all,2021,config_lighting_com_001,1
BC,all,all,com,ex,outpatient,all,2021,config_lighting_com_002,0
BC,all,all,com,ex,outpatient,all,2021,config_lighting_com_003,0
BC,all,all,com,ex,outpatient,all,2021,config_motors_com_001,1
BC,all,all,com,ex,outpatient,all,2021,config_motors_com_002,0
BC,all,all,com,ex,outpatient,all,2021,config_motors_com_003,0
BC,all,all,com,ex,outpatient,all,2021,config_process_com_001,0.775862068965517
BC,all,all,com,ex,outpatient,all,2021,config_process_com_002,0.0921455938697318
BC,all,all,com,ex,outpatient,all,2021,config_process_com_003,0.131992337164751
BC,all,all,com,ex,longtermcare,all,2021,config_lighting_com_001,1
BC,all,all,com,ex,longtermcare,all,2021,config_lighting_com_002,0
BC,all,all,com,ex,longtermcare,all,2021,config_lighting_com_003,0
BC,all,all,com,ex,longtermcare,all,2021,config_motors_com_001,1
BC,all,all,com,ex,longtermcare,all,2021,config_motors_com_002,0
BC,all,all,com,ex,longtermcare,all,2021,config_motors_com_003,0
BC,all,all,com,ex,longtermcare,all,2021,config_process_com_001,0.775862068965517
BC,all,all,com,ex,longtermcare,all,2021,config_process_com_002,0.0921455938697318
BC,all,all,com,ex,longtermcare,all,2021,config_process_com_003,0.131992337164751
BC,all,all,com,ex,smalloffice,all,2021,config_lighting_com_001,1
BC,all,all,com,ex,smalloffice,all,2021,config_lighting_com_002,0
BC,all,all,com,ex,smalloffice,all,2021,config_lighting_com_003,0
BC,all,all,com,ex,smalloffice,all,2021,config_motors_com_001,1
BC,all,all,com,ex,smalloffice,all,2021,config_motors_com_002,0
BC,all,all,com,ex,smalloffice,all,2021,config_motors_com_003,0
BC,all,all,com,ex,smalloffice,all,2021,config_process_com_001,0.934798564671342
BC,all,all,com,ex,smalloffice,all,2021,config_process_com_002,0.0333958571195564
BC,all,all,com,ex,smalloffice,all,2021,config_process_com_003,0.0318055782091013
BC,all,all,com,ex,mediumoffice,all,2021,config_lighting_com_001,1
BC,all,all,com,ex,mediumoffice,all,2021,config_lighting_com_002,0
BC,all,all,com,ex,mediumoffice,all,2021,config_lighting_com_003,0
BC,all,all,com,ex,mediumoffice,all,2021,config_motors_com_001,1
BC,all,all,com,ex,mediumoffice,all,2021,config_motors_com_002,0
BC,all,all,com,ex,mediumoffice,all,2021,config_motors_com_003,0
BC,all,all,com,ex,mediumoffice,all,2021,config_process_com_001,0.934798564671342
BC,all,all,com,ex,mediumoffice,all,2021,config_process_com_002,0.0333958571195564
BC,all,all,com,ex,mediumoffice,all,2021,config_process_com_003,0.0318055782091013
BC,all,all,com,ex,largeoffice,all,2021,config_lighting_com_001,1
BC,all,all,com,ex,largeoffice,all,2021,config_lighting_com_002,0
BC,all,all,com,ex,largeoffice,all,2021,config_lighting_com_003,0
BC,all,all,com,ex,largeoffice,all,2021,config_motors_com_001,1
BC,all,all,com,ex,largeoffice,all,2021,config_motors_com_002,0
BC,all,all,com,ex,largeoffice,all,2021,config_motors_com_003,0
BC,all,all,com,ex,largeoffice,all,2021,config_process_com_001,0.934798564671342
BC,all,all,com,ex,largeoffice,all,2021,config_process_com_002,0.0333958571195564
BC,all,all,com,ex,largeoffice,all,2021,config_process_com_003,0.0318055782091013
BC,all,all,com,ex,school,all,2021,config_lighting_com_001,1
BC,all,all,com,ex,school,all,2021,config_lighting_com_002,0
BC,all,all,com,ex,school,all,2021,config_lighting_com_003,0
BC,all,all,com,ex,school,all,2021,config_motors_com_001,1
BC,all,all,com,ex,school,all,2021,config_motors_com_002,0
BC,all,all,com,ex,school,all,2021,config_motors_com_003,0
BC,all,all,com,ex,school,all,2021,config_process_com_001,0.934122962329813
BC,all,all,com,ex,school,all,2021,config_process_com_002,0.0341290677086513
BC,all,all,com,ex,school,all,2021,config_process_com_003,0.0317479699615361
BC,all,all,com,ex,university,all,2021,config_lighting_com_001,1
BC,all,all,com,ex,university,all,2021,config_lighting_com_002,0
BC,all,all,com,ex,university,all,2021,config_lighting_com_003,0
BC,all,all,com,ex,university,all,2021,config_motors_com_001,1
BC,all,all,com,ex,university,all,2021,config_motors_com_002,0
BC,all,all,com,ex,university,all,2021,config_motors_com_003,0
BC,all,all,com,ex,university,all,2021,config_process_com_001,0.934122962329813
BC,all,all,com,ex,university,all,2021,config_process_com_002,0.0341290677086513
BC,all,all,com,ex,university,all,2021,config_process_com_003,0.0317479699615361
BC,all,all,com,ex,warehouse,all,2021,config_lighting_com_001,1
BC,all,all,com,ex,warehouse,all,2021,config_lighting_com_002,0
BC,all,all,com,ex,warehouse,all,2021,config_lighting_com_003,0
BC,all,all,com,ex,warehouse,all,2021,config_motors_com_001,1
BC,all,all,com,ex,warehouse,all,2021,config_motors_com_002,0
BC,all,all,com,ex,warehouse,all,2021,config_motors_com_003,0
BC,all,all,com,ex,warehouse,all,2021,config_process_com_001,1
BC,all,all,com,ex,warehouse,all,2021,config_process_com_002,0
BC,all,all,com,ex,warehouse,all,2021,config_process_com_003,0
BC,all,all,com,ex,retail,all,2021,config_lighting_com_001,1
BC,all,all,com,ex,retail,all,2021,config_lighting_com_002,0
BC,all,all,com,ex,retail,all,2021,config_lighting_com_003,0
BC,all,all,com,ex,retail,all,2021,config_motors_com_001,1
BC,all,all,com,ex,retail,all,2021,config_motors_com_002,0
BC,all,all,com,ex,retail,all,2021,config_motors_com_003,0
BC,all,all,com,ex,retail,all,2021,config_process_com_001,0.934798564671342
BC,all,all,com,ex,retail,all,2021,config_process_com_002,0.0333958571195564
BC,all,all,com,ex,retail,all,2021,config_process_com_003,0.0318055782091013
BC,all,all,com,ex,hotel,all,2021,config_lighting_com_001,1
BC,all,all,com,ex,hotel,all,2021,config_lighting_com_002,0
BC,all,all,com,ex,hotel,all,2021,config_lighting_com_003,0
BC,all,all,com,ex,hotel,all,2021,config_motors_com_001,1
BC,all,all,com,ex,hotel,all,2021,config_motors_com_002,0
BC,all,all,com,ex,hotel,all,2021,config_motors_com_003,0
BC,all,all,com,ex,hotel,all,2021,config_process_com_001,0.832372366076109
BC,all,all,com,ex,hotel,all,2021,config_process_com_002,0.0874934479505189
BC,all,all,com,ex,hotel,all,2021,config_process_com_003,0.0801341859733725
BC,all,all,com,ex,restaurant,all,2021,config_lighting_com_001,1
BC,all,all,com,ex,restaurant,all,2021,config_lighting_com_002,0
BC,all,all,com,ex,restaurant,all,2021,config_lighting_com_003,0
BC,all,all,com,ex,restaurant,all,2021,config_motors_com_001,1
BC,all,all,com,ex,restaurant,all,2021,config_motors_com_002,0
BC,all,all,com,ex,restaurant,all,2021,config_motors_com_003,0
BC,all,all,com,ex,restaurant,all,2021,config_process_com_001,0.832372366076109
BC,all,all,com,ex,restaurant,all,2021,config_process_com_002,0.0874934479505189
BC,all,all,com,ex,restaurant,all,2021,config_process_com_003,0.0801341859733725
BC,all,all,com,ex,other,all,2021,config_lighting_com_001,1
BC,all,all,com,ex,other,all,2021,config_lighting_com_002,0
BC,all,all,com,ex,other,all,2021,config_lighting_com_003,0
BC,all,all,com,ex,other,all,2021,config_motors_com_001,1
BC,all,all,com,ex,other,all,2021,config_motors_com_002,0
BC,all,all,com,ex,other,all,2021,config_motors_com_003,0
BC,all,all,com,ex,other,all,2021,config_process_com_001,0.946958163327447
BC,all,all,com,ex,other,all,2021,config_process_com_002,0.0277084221423787
BC,all,all,com,ex,other,all,2021,config_process_com_003,0.0253334145301748
MB,all,all,com,ex,hospital,all,2021,config_lighting_com_001,1
MB,all,all,com,ex,hospital,all,2021,config_lighting_com_002,0
MB,all,all,com,ex,hospital,all,2021,config_lighting_com_003,0
MB,all,all,com,ex,hospital,all,2021,config_motors_com_001,1
MB,all,all,com,ex,hospital,all,2021,config_motors_com_002,0
MB,all,all,com,ex,hospital,all,2021,config_motors_com_003,0
MB,all,all,com,ex,hospital,all,2021,config_process_com_001,0.841933731667572
MB,all,all,com,ex,hospital,all,2021,config_process_com_002,0.0765888104291146
MB,all,all,com,ex,hospital,all,2021,config_process_com_003,0.0814774579033134
MB,all,all,com,ex,outpatient,all,2021,config_lighting_com_001,1
MB,all,all,com,ex,outpatient,all,2021,config_lighting_com_002,0
MB,all,all,com,ex,outpatient,all,2021,config_lighting_com_003,0
MB,all,all,com,ex,outpatient,all,2021,config_motors_com_001,1
MB,all,all,com,ex,outpatient,all,2021,config_motors_com_002,0
MB,all,all,com,ex,outpatient,all,2021,config_motors_com_003,0
MB,all,all,com,ex,outpatient,all,2021,config_process_com_001,0.841933731667572
MB,all,all,com,ex,outpatient,all,2021,config_process_com_002,0.0765888104291146
MB,all,all,com,ex,outpatient,all,2021,config_process_com_003,0.0814774579033134
MB,all,all,com,ex,longtermcare,all,2021,config_lighting_com_001,1
MB,all,all,com,ex,longtermcare,all,2021,config_lighting_com_002,0
MB,all,all,com,ex,longtermcare,all,2021,config_lighting_com_003,0
MB,all,all,com,ex,longtermcare,all,2021,config_motors_com_001,1
MB,all,all,com,ex,longtermcare,all,2021,config_motors_com_002,0
MB,all,all,com,ex,longtermcare,all,2021,config_motors_com_003,0
MB,all,all,com,ex,longtermcare,all,2021,config_process_com_001,0.841933731667572
MB,all,all,com,ex,longtermcare,all,2021,config_process_com_002,0.0765888104291146
MB,all,all,com,ex,longtermcare,all,2021,config_process_com_003,0.0814774579033134
MB,all,all,com,ex,smalloffice,all,2021,config_lighting_com_001,1
MB,all,all,com,ex,smalloffice,all,2021,config_lighting_com_002,0
MB,all,all,com,ex,smalloffice,all,2021,config_lighting_com_003,0
MB,all,all,com,ex,smalloffice,all,2021,config_motors_com_001,1
MB,all,all,com,ex,smalloffice,all,2021,config_motors_com_002,0
MB,all,all,com,ex,smalloffice,all,2021,config_motors_com_003,0
MB,all,all,com,ex,smalloffice,all,2021,config_process_com_001,0.968523002421308
MB,all,all,com,ex,smalloffice,all,2021,config_process_com_002,0.00708232445520581
MB,all,all,com,ex,smalloffice,all,2021,config_process_com_003,0.0243946731234867
MB,all,all,com,ex,mediumoffice,all,2021,config_lighting_com_001,1
MB,all,all,com,ex,mediumoffice,all,2021,config_lighting_com_002,0
MB,all,all,com,ex,mediumoffice,all,2021,config_lighting_com_003,0
MB,all,all,com,ex,mediumoffice,all,2021,config_motors_com_001,1
MB,all,all,com,ex,mediumoffice,all,2021,config_motors_com_002,0
MB,all,all,com,ex,mediumoffice,all,2021,config_motors_com_003,0
MB,all,all,com,ex,mediumoffice,all,2021,config_process_com_001,0.968523002421308
MB,all,all,com,ex,mediumoffice,all,2021,config_process_com_002,0.00708232445520581
MB,all,all,com,ex,mediumoffice,all,2021,config_process_com_003,0.0243946731234867
MB,all,all,com,ex,largeoffice,all,2021,config_lighting_com_001,1
MB,all,all,com,ex,largeoffice,all,2021,config_lighting_com_002,0
MB,all,all,com,ex,largeoffice,all,2021,config_lighting_com_003,0
MB,all,all,com,ex,largeoffice,all,2021,config_motors_com_001,1
MB,all,all,com,ex,largeoffice,all,2021,config_motors_com_002,0
MB,all,all,com,ex,largeoffice,all,2021,config_motors_com_003,0
MB,all,all,com,ex,largeoffice,all,2021,config_process_com_001,0.968523002421308
MB,all,all,com,ex,largeoffice,all,2021,config_process_com_002,0.00708232445520581
MB,all,all,com,ex,largeoffice,all,2021,config_process_com_003,0.0243946731234867
MB,all,all,com,ex,school,all,2021,config_lighting_com_001,1
MB,all,all,com,ex,school,all,2021,config_lighting_com_002,0
MB,all,all,com,ex,school,all,2021,config_lighting_com_003,0
MB,all,all,com,ex,school,all,2021,config_motors_com_001,1
MB,all,all,com,ex,school,all,2021,config_motors_com_002,0
MB,all,all,com,ex,school,all,2021,config_motors_com_003,0
MB,all,all,com,ex,school,all,2021,config_process_com_001,0.96056622851365
MB,all,all,com,ex,school,all,2021,config_process_com_002,0.00236602628918099
MB,all,all,com,ex,school,all,2021,config_process_com_003,0.0370677451971689
MB,all,all,com,ex,university,all,2021,config_lighting_com_001,1
MB,all,all,com,ex,university,all,2021,config_lighting_com_002,0
MB,all,all,com,ex,university,all,2021,config_lighting_com_003,0
MB,all,all,com,ex,university,all,2021,config_motors_com_001,1
MB,all,all,com,ex,university,all,2021,config_motors_com_002,0
MB,all,all,com,ex,university,all,2021,config_motors_com_003,0
MB,all,all,com,ex,university,all,2021,config_process_com_001,0.96056622851365
MB,all,all,com,ex,university,all,2021,config_process_com_002,0.00236602628918099
MB,all,all,com,ex,university,all,2021,config_process_com_003,0.0370677451971689
MB,all,all,com,ex,warehouse,all,2021,config_lighting_com_001,1
MB,all,all,com,ex,warehouse,all,2021,config_lighting_com_002,0
MB,all,all,com,ex,warehouse,all,2021,config_lighting_com_003,0
MB,all,all,com,ex,warehouse,all,2021,config_motors_com_001,1
MB,all,all,com,ex,warehouse,all,2021,config_motors_com_002,0
MB,all,all,com,ex,warehouse,all,2021,config_motors_com_003,0
MB,all,all,com,ex,warehouse,all,2021,config_process_com_001,1
MB,all,all,com,ex,warehouse,all,2021,config_process_com_002,0
MB,all,all,com,ex,warehouse,all,2021,config_process_com_003,0
MB,all,all,com,ex,retail,all,2021,config_lighting_com_001,1
MB,all,all,com,ex,retail,all,2021,config_lighting_com_002,0
MB,all,all,com,ex,retail,all,2021,config_lighting_com_003,0
MB,all,all,com,ex,retail,all,2021,config_motors_com_001,1
MB,all,all,com,ex,retail,all,2021,config_motors_com_002,0
MB,all,all,com,ex,retail,all,2021,config_motors_com_003,0
MB,all,all,com,ex,retail,all,2021,config_process_com_001,0.968523002421308
MB,all,all,com,ex,retail,all,2021,config_process_com_002,0.00708232445520581
MB,all,all,com,ex,retail,all,2021,config_process_com_003,0.0243946731234867
MB,all,all,com,ex,hotel,all,2021,config_lighting_com_001,1
MB,all,all,com,ex,hotel,all,2021,config_lighting_com_002,0
MB,all,all,com,ex,hotel,all,2021,config_lighting_com_003,0
MB,all,all,com,ex,hotel,all,2021,config_motors_com_001,1
MB,all,all,com,ex,hotel,all,2021,config_motors_com_002,0
MB,all,all,com,ex,hotel,all,2021,config_motors_com_003,0
MB,all,all,com,ex,hotel,all,2021,config_process_com_001,0.879007238883144
MB,all,all,com,ex,hotel,all,2021,config_process_com_002,0.0298448810754912
MB,all,all,com,ex,hotel,all,2021,config_process_com_003,0.0911478800413651
MB,all,all,com,ex,restaurant,all,2021,config_lighting_com_001,1
MB,all,all,com,ex,restaurant,all,2021,config_lighting_com_002,0
MB,all,all,com,ex,restaurant,all,2021,config_lighting_com_003,0
MB,all,all,com,ex,restaurant,all,2021,config_motors_com_001,1
MB,all,all,com,ex,restaurant,all,2021,config_motors_com_002,0
MB,all,all,com,ex,restaurant,all,2021,config_motors_com_003,0
MB,all,all,com,ex,restaurant,all,2021,config_process_com_001,0.879007238883144
MB,all,all,com,ex,restaurant,all,2021,config_process_com_002,0.0298448810754912
MB,all,all,com,ex,restaurant,all,2021,config_process_com_003,0.0911478800413651
MB,all,all,com,ex,other,all,2021,config_lighting_com_001,1
MB,all,all,com,ex,other,all,2021,config_lighting_com_002,0
MB,all,all,com,ex,other,all,2021,config_lighting_com_003,0
MB,all,all,com,ex,other,all,2021,config_motors_com_001,1
MB,all,all,com,ex,other,all,2021,config_motors_com_002,0
MB,all,all,com,ex,other,all,2021,config_motors_com_003,0
MB,all,all,com,ex,other,all,2021,config_process_com_001,0.96056622851365
MB,all,all,com,ex,other,all,2021,config_process_com_002,0.0157735085945399
MB,all,all,com,ex,other,all,2021,config_process_com_003,0.0236602628918099
NB,all,all,com,ex,hospital,all,2021,config_lighting_com_001,1
NB,all,all,com,ex,hospital,all,2021,config_lighting_com_002,0
NB,all,all,com,ex,hospital,all,2021,config_lighting_com_003,0
NB,all,all,com,ex,hospital,all,2021,config_motors_com_001,1
NB,all,all,com,ex,hospital,all,2021,config_motors_com_002,0
NB,all,all,com,ex,hospital,all,2021,config_motors_com_003,0
NB,all,all,com,ex,hospital,all,2021,config_process_com_001,0.804971198278227
NB,all,all,com,ex,hospital,all,2021,config_process_com_002,0
NB,all,all,com,ex,hospital,all,2021,config_process_com_003,0.195028801721773
NB,all,all,com,ex,outpatient,all,2021,config_lighting_com_001,1
NB,all,all,com,ex,outpatient,all,2021,config_lighting_com_002,0
NB,all,all,com,ex,outpatient,all,2021,config_lighting_com_003,0
NB,all,all,com,ex,outpatient,all,2021,config_motors_com_001,1
NB,all,all,com,ex,outpatient,all,2021,config_motors_com_002,0
NB,all,all,com,ex,outpatient,all,2021,config_motors_com_003,0
NB,all,all,com,ex,outpatient,all,2021,config_process_com_001,0.804971198278227
NB,all,all,com,ex,outpatient,all,2021,config_process_com_002,0
NB,all,all,com,ex,outpatient,all,2021,config_process_com_003,0.195028801721773
NB,all,all,com,ex,longtermcare,all,2021,config_lighting_com_001,1
NB,all,all,com,ex,longtermcare,all,2021,config_lighting_com_002,0
NB,all,all,com,ex,longtermcare,all,2021,config_lighting_com_003,0
NB,all,all,com,ex,longtermcare,all,2021,config_motors_com_001,1
NB,all,all,com,ex,longtermcare,all,2021,config_motors_com_002,0
NB,all,all,com,ex,longtermcare,all,2021,config_motors_com_003,0
NB,all,all,com,ex,longtermcare,all,2021,config_process_com_001,0.804971198278227
NB,all,all,com,ex,longtermcare,all,2021,config_process_com_002,0
NB,all,all,com,ex,longtermcare,all,2021,config_process_com_003,0.195028801721773
NB,all,all,com,ex,smalloffice,all,2021,config_lighting_com_001,1
NB,all,all,com,ex,smalloffice,all,2021,config_lighting_com_002,0
NB,all,all,com,ex,smalloffice,all,2021,config_lighting_com_003,0
NB,all,all,com,ex,smalloffice,all,2021,config_motors_com_001,1
NB,all,all,com,ex,smalloffice,all,2021,config_motors_com_002,0
NB,all,all,com,ex,smalloffice,all,2021,config_motors_com_003,0
NB,all,all,com,ex,smalloffice,all,2021,config_process_com_001,0.968523002421308
NB,all,all,com,ex,smalloffice,all,2021,config_process_com_002,0
NB,all,all,com,ex,smalloffice,all,2021,config_process_com_003,0.0314769975786925
NB,all,all,com,ex,mediumoffice,all,2021,config_lighting_com_001,1
NB,all,all,com,ex,mediumoffice,all,2021,config_lighting_com_002,0
NB,all,all,com,ex,mediumoffice,all,2021,config_lighting_com_003,0
NB,all,all,com,ex,mediumoffice,all,2021,config_motors_com_001,1
NB,all,all,com,ex,mediumoffice,all,2021,config_motors_com_002,0
NB,all,all,com,ex,mediumoffice,all,2021,config_motors_com_003,0
NB,all,all,com,ex,mediumoffice,all,2021,config_process_com_001,0.968523002421308
NB,all,all,com,ex,mediumoffice,all,2021,config_process_com_002,0
NB,all,all,com,ex,mediumoffice,all,2021,config_process_com_003,0.0314769975786925
NB,all,all,com,ex,largeoffice,all,2021,config_lighting_com_001,1
NB,all,all,com,ex,largeoffice,all,2021,config_lighting_com_002,0
NB,all,all,com,ex,largeoffice,all,2021,config_lighting_com_003,0
NB,all,all,com,ex,largeoffice,all,2021,config_motors_com_001,1
NB,all,all,com,ex,largeoffice,all,2021,config_motors_com_002,0
NB,all,all,com,ex,largeoffice,all,2021,config_motors_com_003,0
NB,all,all,com,ex,largeoffice,all,2021,config_process_com_001,0.968523002421308
NB,all,all,com,ex,largeoffice,all,2021,config_process_com_002,0
NB,all,all,com,ex,largeoffice,all,2021,config_process_com_003,0.0314769975786925
NB,all,all,com,ex,school,all,2021,config_lighting_com_001,1
NB,all,all,com,ex,school,all,2021,config_lighting_com_002,0
NB,all,all,com,ex,school,all,2021,config_lighting_com_003,0
NB,all,all,com,ex,school,all,2021,config_motors_com_001,1
NB,all,all,com,ex,school,all,2021,config_motors_com_002,0
NB,all,all,com,ex,school,all,2021,config_motors_com_003,0
NB,all,all,com,ex,school,all,2021,config_process_com_001,0.949367088607595
NB,all,all,com,ex,school,all,2021,config_process_com_002,0
NB,all,all,com,ex,school,all,2021,config_process_com_003,0.0506329113924051
NB,all,all,com,ex,university,all,2021,config_lighting_com_001,1
NB,all,all,com,ex,university,all,2021,config_lighting_com_002,0
NB,all,all,com,ex,university,all,2021,config_lighting_com_003,0
NB,all,all,com,ex,university,all,2021,config_motors_com_001,1
NB,all,all,com,ex,university,all,2021,config_motors_com_002,0
NB,all,all,com,ex,university,all,2021,config_motors_com_003,0
NB,all,all,com,ex,university,all,2021,config_process_com_001,0.949367088607595
NB,all,all,com,ex,university,all,2021,config_process_com_002,0
NB,all,all,com,ex,university,all,2021,config_process_com_003,0.0506329113924051
NB,all,all,com,ex,warehouse,all,2021,config_lighting_com_001,1
NB,all,all,com,ex,warehouse,all,2021,config_lighting_com_002,0
NB,all,all,com,ex,warehouse,all,2021,config_lighting_com_003,0
NB,all,all,com,ex,warehouse,all,2021,config_motors_com_001,1
NB,all,all,com,ex,warehouse,all,2021,config_motors_com_002,0
NB,all,all,com,ex,warehouse,all,2021,config_motors_com_003,0
NB,all,all,com,ex,warehouse,all,2021,config_process_com_001,1
NB,all,all,com,ex,warehouse,all,2021,config_process_com_002,0
NB,all,all,com,ex,warehouse,all,2021,config_process_com_003,0
NB,all,all,com,ex,retail,all,2021,config_lighting_com_001,1
NB,all,all,com,ex,retail,all,2021,config_lighting_com_002,0
NB,all,all,com,ex,retail,all,2021,config_lighting_com_003,0
NB,all,all,com,ex,retail,all,2021,config_motors_com_001,1
NB,all,all,com,ex,retail,all,2021,config_motors_com_002,0
NB,all,all,com,ex,retail,all,2021,config_motors_com_003,0
NB,all,all,com,ex,retail,all,2021,config_process_com_001,0.932436563741975
NB,all,all,com,ex,retail,all,2021,config_process_com_002,0
NB,all,all,com,ex,retail,all,2021,config_process_com_003,0.0675634362580251
NB,all,all,com,ex,hotel,all,2021,config_lighting_com_001,1
NB,all,all,com,ex,hotel,all,2021,config_lighting_com_002,0
NB,all,all,com,ex,hotel,all,2021,config_lighting_com_003,0
NB,all,all,com,ex,hotel,all,2021,config_motors_com_001,1
NB,all,all,com,ex,hotel,all,2021,config_motors_com_002,0
NB,all,all,com,ex,hotel,all,2021,config_motors_com_003,0
NB,all,all,com,ex,hotel,all,2021,config_process_com_001,0.859720980518536
NB,all,all,com,ex,hotel,all,2021,config_process_com_002,0
NB,all,all,com,ex,hotel,all,2021,config_process_com_003,0.140279019481465
NB,all,all,com,ex,restaurant,all,2021,config_lighting_com_001,1
NB,all,all,com,ex,restaurant,all,2021,config_lighting_com_002,0
NB,all,all,com,ex,restaurant,all,2021,config_lighting_com_003,0
NB,all,all,com,ex,restaurant,all,2021,config_motors_com_001,1
NB,all,all,com,ex,restaurant,all,2021,config_motors_com_002,0
NB,all,all,com,ex,restaurant,all,2021,config_motors_com_003,0
NB,all,all,com,ex,restaurant,all,2021,config_process_com_001,0.859720980518536
NB,all,all,com,ex,restaurant,all,2021,config_process_com_002,0
NB,all,all,com,ex,restaurant,all,2021,config_process_com_003,0.140279019481465
NB,all,all,com,ex,other,all,2021,config_lighting_com_001,1
NB,all,all,com,ex,other,all,2021,config_lighting_com_002,0
NB,all,all,com,ex,other,all,2021,config_lighting_com_003,0
NB,all,all,com,ex,other,all,2021,config_motors_com_001,1
NB,all,all,com,ex,other,all,2021,config_motors_com_002,0
NB,all,all,com,ex,other,all,2021,config_motors_com_003,0
NB,all,all,com,ex,other,all,2021,config_process_com_001,0.942189371941438
NB,all,all,com,ex,other,all,2021,config_process_com_002,0.00950311694113347
NB,all,all,com,ex,other,all,2021,config_process_com_003,0.0483075111174285
NL,all,all,com,ex,hospital,all,2021,config_lighting_com_001,1
NL,all,all,com,ex,hospital,all,2021,config_lighting_com_002,0
NL,all,all,com,ex,hospital,all,2021,config_lighting_com_003,0
NL,all,all,com,ex,hospital,all,2021,config_motors_com_001,1
NL,all,all,com,ex,hospital,all,2021,config_motors_com_002,0
NL,all,all,com,ex,hospital,all,2021,config_motors_com_003,0
NL,all,all,com,ex,hospital,all,2021,config_process_com_001,0.804971198278227
NL,all,all,com,ex,hospital,all,2021,config_process_com_002,0
NL,all,all,com,ex,hospital,all,2021,config_process_com_003,0.195028801721773
NL,all,all,com,ex,outpatient,all,2021,config_lighting_com_001,1
NL,all,all,com,ex,outpatient,all,2021,config_lighting_com_002,0
NL,all,all,com,ex,outpatient,all,2021,config_lighting_com_003,0
NL,all,all,com,ex,outpatient,all,2021,config_motors_com_001,1
NL,all,all,com,ex,outpatient,all,2021,config_motors_com_002,0
NL,all,all,com,ex,outpatient,all,2021,config_motors_com_003,0
NL,all,all,com,ex,outpatient,all,2021,config_process_com_001,0.804971198278227
NL,all,all,com,ex,outpatient,all,2021,config_process_com_002,0
NL,all,all,com,ex,outpatient,all,2021,config_process_com_003,0.195028801721773
NL,all,all,com,ex,longtermcare,all,2021,config_lighting_com_001,1
NL,all,all,com,ex,longtermcare,all,2021,config_lighting_com_002,0
NL,all,all,com,ex,longtermcare,all,2021,config_lighting_com_003,0
NL,all,all,com,ex,longtermcare,all,2021,config_motors_com_001,1
NL,all,all,com,ex,longtermcare,all,2021,config_motors_com_002,0
NL,all,all,com,ex,longtermcare,all,2021,config_motors_com_003,0
NL,all,all,com,ex,longtermcare,all,2021,config_process_com_001,0.804971198278227
NL,all,all,com,ex,longtermcare,all,2021,config_process_com_002,0
NL,all,all,com,ex,longtermcare,all,2021,config_process_com_003,0.195028801721773
NL,all,all,com,ex,smalloffice,all,2021,config_lighting_com_001,1
NL,all,all,com,ex,smalloffice,all,2021,config_lighting_com_002,0
NL,all,all,com,ex,smalloffice,all,2021,config_lighting_com_003,0
NL,all,all,com,ex,smalloffice,all,2021,config_motors_com_001,1
NL,all,all,com,ex,smalloffice,all,2021,config_motors_com_002,0
NL,all,all,com,ex,smalloffice,all,2021,config_motors_com_003,0
NL,all,all,com,ex,smalloffice,all,2021,config_process_com_001,0.968523002421308
NL,all,all,com,ex,smalloffice,all,2021,config_process_com_002,0
NL,all,all,com,ex,smalloffice,all,2021,config_process_com_003,0.0314769975786925
NL,all,all,com,ex,mediumoffice,all,2021,config_lighting_com_001,1
NL,all,all,com,ex,mediumoffice,all,2021,config_lighting_com_002,0
NL,all,all,com,ex,mediumoffice,all,2021,config_lighting_com_003,0
NL,all,all,com,ex,mediumoffice,all,2021,config_motors_com_001,1
NL,all,all,com,ex,mediumoffice,all,2021,config_motors_com_002,0
NL,all,all,com,ex,mediumoffice,all,2021,config_motors_com_003,0
NL,all,all,com,ex,mediumoffice,all,2021,config_process_com_001,0.968523002421308
NL,all,all,com,ex,mediumoffice,all,2021,config_process_com_002,0
NL,all,all,com,ex,mediumoffice,all,2021,config_process_com_003,0.0314769975786925
NL,all,all,com,ex,largeoffice,all,2021,config_lighting_com_001,1
NL,all,all,com,ex,largeoffice,all,2021,config_lighting_com_002,0
NL,all,all,com,ex,largeoffice,all,2021,config_lighting_com_003,0
NL,all,all,com,ex,largeoffice,all,2021,config_motors_com_001,1
NL,all,all,com,ex,largeoffice,all,2021,config_motors_com_002,0
NL,all,all,com,ex,largeoffice,all,2021,config_motors_com_003,0
NL,all,all,com,ex,largeoffice,all,2021,config_process_com_001,0.968523002421308
NL,all,all,com,ex,largeoffice,all,2021,config_process_com_002,0
NL,all,all,com,ex,largeoffice,all,2021,config_process_com_003,0.0314769975786925
NL,all,all,com,ex,school,all,2021,config_lighting_com_001,1
NL,all,all,com,ex,school,all,2021,config_lighting_com_002,0
NL,all,all,com,ex,school,all,2021,config_lighting_com_003,0
NL,all,all,com,ex,school,all,2021,config_motors_com_001,1
NL,all,all,com,ex,school,all,2021,config_motors_com_002,0
NL,all,all,com,ex,school,all,2021,config_motors_com_003,0
NL,all,all,com,ex,school,all,2021,config_process_com_001,0.949367088607595
NL,all,all,com,ex,school,all,2021,config_process_com_002,0
NL,all,all,com,ex,school,all,2021,config_process_com_003,0.0506329113924051
NL,all,all,com,ex,university,all,2021,config_lighting_com_001,1
NL,all,all,com,ex,university,all,2021,config_lighting_com_002,0
NL,all,all,com,ex,university,all,2021,config_lighting_com_003,0
NL,all,all,com,ex,university,all,2021,config_motors_com_001,1
NL,all,all,com,ex,university,all,2021,config_motors_com_002,0
NL,all,all,com,ex,university,all,2021,config_motors_com_003,0
NL,all,all,com,ex,university,all,2021,config_process_com_001,0.949367088607595
NL,all,all,com,ex,university,all,2021,config_process_com_002,0
NL,all,all,com,ex,university,all,2021,config_process_com_003,0.0506329113924051
NL,all,all,com,ex,warehouse,all,2021,config_lighting_com_001,1
NL,all,all,com,ex,warehouse,all,2021,config_lighting_com_002,0
NL,all,all,com,ex,warehouse,all,2021,config_lighting_com_003,0
NL,all,all,com,ex,warehouse,all,2021,config_motors_com_001,1
NL,all,all,com,ex,warehouse,all,2021,config_motors_com_002,0
NL,all,all,com,ex,warehouse,all,2021,config_motors_com_003,0
NL,all,all,com,ex,warehouse,all,2021,config_process_com_001,1
NL,all,all,com,ex,warehouse,all,2021,config_process_com_002,0
NL,all,all,com,ex,warehouse,all,2021,config_process_com_003,0
NL,all,all,com,ex,retail,all,2021,config_lighting_com_001,1
NL,all,all,com,ex,retail,all,2021,config_lighting_com_002,0
NL,all,all,com,ex,retail,all,2021,config_lighting_com_003,0
NL,all,all,com,ex,retail,all,2021,config_motors_com_001,1
NL,all,all,com,ex,retail,all,2021,config_motors_com_002,0
NL,all,all,com,ex,retail,all,2021,config_motors_com_003,0
NL,all,all,com,ex,retail,all,2021,config_process_com_001,0.932436563741975
NL,all,all,com,ex,retail,all,2021,config_process_com_002,0
NL,all,all,com,ex,retail,all,2021,config_process_com_003,0.0675634362580251
NL,all,all,com,ex,hotel,all,2021,config_lighting_com_001,1
NL,all,all,com,ex,hotel,all,2021,config_lighting_com_002,0
NL,all,all,com,ex,hotel,all,2021,config_lighting_com_003,0
NL,all,all,com,ex,hotel,all,2021,config_motors_com_001,1
NL,all,all,com,ex,hotel,all,2021,config_motors_com_002,0
NL,all,all,com,ex,hotel,all,2021,config_motors_com_003,0
NL,all,all,com,ex,hotel,all,2021,config_process_com_001,0.859720980518536
NL,all,all,com,ex,hotel,all,2021,config_process_com_002,0
NL,all,all,com,ex,hotel,all,2021,config_process_com_003,0.140279019481465
NL,all,all,com,ex,restaurant,all,2021,config_lighting_com_001,1
NL,all,all,com,ex,restaurant,all,2021,config_lighting_com_002,0
NL,all,all,com,ex,restaurant,all,2021,config_lighting_com_003,0
NL,all,all,com,ex,restaurant,all,2021,config_motors_com_001,1
NL,all,all,com,ex,restaurant,all,2021,config_motors_com_002,0
NL,all,all,com,ex,restaurant,all,2021,config_motors_com_003,0
NL,all,all,com,ex,restaurant,all,2021,config_process_com_001,0.859720980518536
NL,all,all,com,ex,restaurant,all,2021,config_process_com_002,0
NL,all,all,com,ex,restaurant,all,2021,config_process_com_003,0.140279019481465
NL,all,all,com,ex,other,all,2021,config_lighting_com_001,1
NL,all,all,com,ex,other,all,2021,config_lighting_com_002,0
NL,all,all,com,ex,other,all,2021,config_lighting_com_003,0
NL,all,all,com,ex,other,all,2021,config_motors_com_001,1
NL,all,all,com,ex,other,all,2021,config_motors_com_002,0
NL,all,all,com,ex,other,all,2021,config_motors_com_003,0
NL,all,all,com,ex,other,all,2021,config_process_com_001,0.942189371941438
NL,all,all,com,ex,other,all,2021,config_process_com_002,0.00950311694113347
NL,all,all,com,ex,other,all,2021,config_process_com_003,0.0483075111174285
NS,all,all,com,ex,hospital,all,2021,config_lighting_com_001,1
NS,all,all,com,ex,hospital,all,2021,config_lighting_com_002,0
NS,all,all,com,ex,hospital,all,2021,config_lighting_com_003,0
NS,all,all,com,ex,hospital,all,2021,config_motors_com_001,1
NS,all,all,com,ex,hospital,all,2021,config_motors_com_002,0
NS,all,all,com,ex,hospital,all,2021,config_motors_com_003,0
NS,all,all,com,ex,hospital,all,2021,config_process_com_001,0.804971198278227
NS,all,all,com,ex,hospital,all,2021,config_process_com_002,0
NS,all,all,com,ex,hospital,all,2021,config_process_com_003,0.195028801721773
NS,all,all,com,ex,outpatient,all,2021,config_lighting_com_001,1
NS,all,all,com,ex,outpatient,all,2021,config_lighting_com_002,0
NS,all,all,com,ex,outpatient,all,2021,config_lighting_com_003,0
NS,all,all,com,ex,outpatient,all,2021,config_motors_com_001,1
NS,all,all,com,ex,outpatient,all,2021,config_motors_com_002,0
NS,all,all,com,ex,outpatient,all,2021,config_motors_com_003,0
NS,all,all,com,ex,outpatient,all,2021,config_process_com_001,0.804971198278227
NS,all,all,com,ex,outpatient,all,2021,config_process_com_002,0
NS,all,all,com,ex,outpatient,all,2021,config_process_com_003,0.195028801721773
NS,all,all,com,ex,longtermcare,all,2021,config_lighting_com_001,1
NS,all,all,com,ex,longtermcare,all,2021,config_lighting_com_002,0
NS,all,all,com,ex,longtermcare,all,2021,config_lighting_com_003,0
NS,all,all,com,ex,longtermcare,all,2021,config_motors_com_001,1
NS,all,all,com,ex,longtermcare,all,2021,config_motors_com_002,0
NS,all,all,com,ex,longtermcare,all,2021,config_motors_com_003,0
NS,all,all,com,ex,longtermcare,all,2021,config_process_com_001,0.804971198278227
NS,all,all,com,ex,longtermcare,all,2021,config_process_com_002,0
NS,all,all,com,ex,longtermcare,all,2021,config_process_com_003,0.195028801721773
NS,all,all,com,ex,smalloffice,all,2021,config_lighting_com_001,1
NS,all,all,com,ex,smalloffice,all,2021,config_lighting_com_002,0
NS,all,all,com,ex,smalloffice,all,2021,config_lighting_com_003,0
NS,all,all,com,ex,smalloffice,all,2021,config_motors_com_001,1
NS,all,all,com,ex,smalloffice,all,2021,config_motors_com_002,0
NS,all,all,com,ex,smalloffice,all,2021,config_motors_com_003,0
NS,all,all,com,ex,smalloffice,all,2021,config_process_com_001,0.968523002421308
NS,all,all,com,ex,smalloffice,all,2021,config_process_com_002,0
NS,all,all,com,ex,smalloffice,all,2021,config_process_com_003,0.0314769975786925
NS,all,all,com,ex,mediumoffice,all,2021,config_lighting_com_001,1
NS,all,all,com,ex,mediumoffice,all,2021,config_lighting_com_002,0
NS,all,all,com,ex,mediumoffice,all,2021,config_lighting_com_003,0
NS,all,all,com,ex,mediumoffice,all,2021,config_motors_com_001,1
NS,all,all,com,ex,mediumoffice,all,2021,config_motors_com_002,0
NS,all,all,com,ex,mediumoffice,all,2021,config_motors_com_003,0
NS,all,all,com,ex,mediumoffice,all,2021,config_process_com_001,0.968523002421308
NS,all,all,com,ex,mediumoffice,all,2021,config_process_com_002,0
NS,all,all,com,ex,mediumoffice,all,2021,config_process_com_003,0.0314769975786925
NS,all,all,com,ex,largeoffice,all,2021,config_lighting_com_001,1
NS,all,all,com,ex,largeoffice,all,2021,config_lighting_com_002,0
NS,all,all,com,ex,largeoffice,all,2021,config_lighting_com_003,0
NS,all,all,com,ex,largeoffice,all,2021,config_motors_com_001,1
NS,all,all,com,ex,largeoffice,all,2021,config_motors_com_002,0
NS,all,all,com,ex,largeoffice,all,2021,config_motors_com_003,0
NS,all,all,com,ex,largeoffice,all,2021,config_process_com_001,0.968523002421308
NS,all,all,com,ex,largeoffice,all,2021,config_process_com_002,0
NS,all,all,com,ex,largeoffice,all,2021,config_process_com_003,0.0314769975786925
NS,all,all,com,ex,school,all,2021,config_lighting_com_001,1
NS,all,all,com,ex,school,all,2021,config_lighting_com_002,0
NS,all,all,com,ex,school,all,2021,config_lighting_com_003,0
NS,all,all,com,ex,school,all,2021,config_motors_com_001,1
NS,all,all,com,ex,school,all,2021,config_motors_com_002,0
NS,all,all,com,ex,school,all,2021,config_motors_com_003,0
NS,all,all,com,ex,school,all,2021,config_process_com_001,0.949367088607595
NS,all,all,com,ex,school,all,2021,config_process_com_002,0
NS,all,all,com,ex,school,all,2021,config_process_com_003,0.0506329113924051
NS,all,all,com,ex,university,all,2021,config_lighting_com_001,1
NS,all,all,com,ex,university,all,2021,config_lighting_com_002,0
NS,all,all,com,ex,university,all,2021,config_lighting_com_003,0
NS,all,all,com,ex,university,all,2021,config_motors_com_001,1
NS,all,all,com,ex,university,all,2021,config_motors_com_002,0
NS,all,all,com,ex,university,all,2021,config_motors_com_003,0
NS,all,all,com,ex,university,all,2021,config_process_com_001,0.949367088607595
NS,all,all,com,ex,university,all,2021,config_process_com_002,0
NS,all,all,com,ex,university,all,2021,config_process_com_003,0.0506329113924051
NS,all,all,com,ex,warehouse,all,2021,config_lighting_com_001,1
NS,all,all,com,ex,warehouse,all,2021,config_lighting_com_002,0
NS,all,all,com,ex,warehouse,all,2021,config_lighting_com_003,0
NS,all,all,com,ex,warehouse,all,2021,config_motors_com_001,1
NS,all,all,com,ex,warehouse,all,2021,config_motors_com_002,0
NS,all,all,com,ex,warehouse,all,2021,config_motors_com_003,0
NS,all,all,com,ex,warehouse,all,2021,config_process_com_001,1
NS,all,all,com,ex,warehouse,all,2021,config_process_com_002,0
NS,all,all,com,ex,warehouse,all,2021,config_process_com_003,0
NS,all,all,com,ex,retail,all,2021,config_lighting_com_001,1
NS,all,all,com,ex,retail,all,2021,config_lighting_com_002,0
NS,all,all,com,ex,retail,all,2021,config_lighting_com_003,0
NS,all,all,com,ex,retail,all,2021,config_motors_com_001,1
NS,all,all,com,ex,retail,all,2021,config_motors_com_002,0
NS,all,all,com,ex,retail,all,2021,config_motors_com_003,0
NS,all,all,com,ex,retail,all,2021,config_process_com_001,0.932436563741975
NS,all,all,com,ex,retail,all,2021,config_process_com_002,0
NS,all,all,com,ex,retail,all,2021,config_process_com_003,0.0675634362580251
NS,all,all,com,ex,hotel,all,2021,config_lighting_com_001,1
NS,all,all,com,ex,hotel,all,2021,config_lighting_com_002,0
NS,all,all,com,ex,hotel,all,2021,config_lighting_com_003,0
NS,all,all,com,ex,hotel,all,2021,config_motors_com_001,1
NS,all,all,com,ex,hotel,all,2021,config_motors_com_002,0
NS,all,all,com,ex,hotel,all,2021,config_motors_com_003,0
NS,all,all,com,ex,hotel,all,2021,config_process_com_001,0.859720980518536
NS,all,all,com,ex,hotel,all,2021,config_process_com_002,0
NS,all,all,com,ex,hotel,all,2021,config_process_com_003,0.140279019481465
NS,all,all,com,ex,restaurant,all,2021,config_lighting_com_001,1
NS,all,all,com,ex,restaurant,all,2021,config_lighting_com_002,0
NS,all,all,com,ex,restaurant,all,2021,config_lighting_com_003,0
NS,all,all,com,ex,restaurant,all,2021,config_motors_com_001,1
NS,all,all,com,ex,restaurant,all,2021,config_motors_com_002,0
NS,all,all,com,ex,restaurant,all,2021,config_motors_com_003,0
NS,all,all,com,ex,restaurant,all,2021,config_process_com_001,0.859720980518536
NS,all,all,com,ex,restaurant,all,2021,config_process_com_002,0
NS,all,all,com,ex,restaurant,all,2021,config_process_com_003,0.140279019481465
NS,all,all,com,ex,other,all,2021,config_lighting_com_001,1
NS,all,all,com,ex,other,all,2021,config_lighting_com_002,0
NS,all,all,com,ex,other,all,2021,config_lighting_com_003,0
NS,all,all,com,ex,other,all,2021,config_motors_com_001,1
NS,all,all,com,ex,other,all,2021,config_motors_com_002,0
NS,all,all,com,ex,other,all,2021,config_motors_com_003,0
NS,all,all,com,ex,other,all,2021,config_process_com_001,0.942189371941438
NS,all,all,com,ex,other,all,2021,config_process_com_002,0.00950311694113347
NS,all,all,com,ex,other,all,2021,config_process_com_003,0.0483075111174285
ON,all,all,com,ex,hospital,all,2021,config_lighting_com_001,1
ON,all,all,com,ex,hospital,all,2021,config_lighting_com_002,0
ON,all,all,com,ex,hospital,all,2021,config_lighting_com_003,0
ON,all,all,com,ex,hospital,all,2021,config_motors_com_001,1
ON,all,all,com,ex,hospital,all,2021,config_motors_com_002,0
ON,all,all,com,ex,hospital,all,2021,config_motors_com_003,0
ON,all,all,com,ex,hospital,all,2021,config_process_com_001,0.840063606310416
ON,all,all,com,ex,hospital,all,2021,config_process_com_002,0.0946562329999582
ON,all,all,com,ex,hospital,all,2021,config_process_com_003,0.0652801606896263
ON,all,all,com,ex,outpatient,all,2021,config_lighting_com_001,1
ON,all,all,com,ex,outpatient,all,2021,config_lighting_com_002,0
ON,all,all,com,ex,outpatient,all,2021,config_lighting_com_003,0
ON,all,all,com,ex,outpatient,all,2021,config_motors_com_001,1
ON,all,all,com,ex,outpatient,all,2021,config_motors_com_002,0
ON,all,all,com,ex,outpatient,all,2021,config_motors_com_003,0
ON,all,all,com,ex,outpatient,all,2021,config_process_com_001,0.840063606310416
ON,all,all,com,ex,outpatient,all,2021,config_process_com_002,0.0946562329999582
ON,all,all,com,ex,outpatient,all,2021,config_process_com_003,0.0652801606896263
ON,all,all,com,ex,longtermcare,all,2021,config_lighting_com_001,1
ON,all,all,com,ex,longtermcare,all,2021,config_lighting_com_002,0
ON,all,all,com,ex,longtermcare,all,2021,config_lighting_com_003,0
ON,all,all,com,ex,longtermcare,all,2021,config_motors_com_001,1
ON,all,all,com,ex,longtermcare,all,2021,config_motors_com_002,0
ON,all,all,com,ex,longtermcare,all,2021,config_motors_com_003,0
ON,all,all,com,ex,longtermcare,all,2021,config_process_com_001,0.840063606310416
ON,all,all,com,ex,longtermcare,all,2021,config_process_com_002,0.0946562329999582
ON,all,all,com,ex,longtermcare,all,2021,config_process_com_003,0.0652801606896263
ON,all,all,com,ex,smalloffice,all,2021,config_lighting_com_001,1
ON,all,all,com,ex,smalloffice,all,2021,config_lighting_com_002,0
ON,all,all,com,ex,smalloffice,all,2021,config_lighting_com_003,0
ON,all,all,com,ex,smalloffice,all,2021,config_motors_com_001,1
ON,all,all,com,ex,smalloffice,all,2021,config_motors_com_002,0
ON,all,all,com,ex,smalloffice,all,2021,config_motors_com_003,0
ON,all,all,com,ex,smalloffice,all,2021,config_process_com_001,0.940578974098527
ON,all,all,com,ex,smalloffice,all,2021,config_process_com_002,0.0293143727780599
ON,all,all,com,ex,smalloffice,all,2021,config_process_com_003,0.0301066531234129
ON,all,all,com,ex,mediumoffice,all,2021,config_lighting_com_001,1
ON,all,all,com,ex,mediumoffice,all,2021,config_lighting_com_002,0
ON,all,all,com,ex,mediumoffice,all,2021,config_lighting_com_003,0
ON,all,all,com,ex,mediumoffice,all,2021,config_motors_com_001,1
ON,all,all,com,ex,mediumoffice,all,2021,config_motors_com_002,0
ON,all,all,com,ex,mediumoffice,all,2021,config_motors_com_003,0
ON,all,all,com,ex,mediumoffice,all,2021,config_process_com_001,0.940578974098527
ON,all,all,com,ex,mediumoffice,all,2021,config_process_com_002,0.0293143727780599
ON,all,all,com,ex,mediumoffice,all,2021,config_process_com_003,0.0301066531234129
ON,all,all,com,ex,largeoffice,all,2021,config_lighting_com_001,1
ON,all,all,com,ex,largeoffice,all,2021,config_lighting_com_002,0
ON,all,all,com,ex,largeoffice,all,2021,config_lighting_com_003,0
ON,all,all,com,ex,largeoffice,all,2021,config_motors_com_001,1
ON,all,all,com,ex,largeoffice,all,2021,config_motors_com_002,0
ON,all,all,com,ex,largeoffice,all,2021,config_motors_com_003,0
ON,all,all,com,ex,largeoffice,all,2021,config_process_com_001,0.940578974098527
ON,all,all,com,ex,largeoffice,all,2021,config_process_com_002,0.0293143727780599
ON,all,all,com,ex,largeoffice,all,2021,config_process_com_003,0.0301066531234129
ON,all,all,com,ex,school,all,2021,config_lighting_com_001,1
ON,all,all,com,ex,school,all,2021,config_lighting_com_002,0
ON,all,all,com,ex,school,all,2021,config_lighting_com_003,0
ON,all,all,com,ex,school,all,2021,config_motors_com_001,1
ON,all,all,com,ex,school,all,2021,config_motors_com_002,0
ON,all,all,com,ex,school,all,2021,config_motors_com_003,0
ON,all,all,com,ex,school,all,2021,config_process_com_001,0.925208095315815
ON,all,all,com,ex,school,all,2021,config_process_com_002,0.0413742451444426
ON,all,all,com,ex,school,all,2021,config_process_com_003,0.0334176595397421
ON,all,all,com,ex,university,all,2021,config_lighting_com_001,1
ON,all,all,com,ex,university,all,2021,config_lighting_com_002,0
ON,all,all,com,ex,university,all,2021,config_lighting_com_003,0
ON,all,all,com,ex,university,all,2021,config_motors_com_001,1
ON,all,all,com,ex,university,all,2021,config_motors_com_002,0
ON,all,all,com,ex,university,all,2021,config_motors_com_003,0
ON,all,all,com,ex,university,all,2021,config_process_com_001,0.925208095315815
ON,all,all,com,ex,university,all,2021,config_process_com_002,0.0413742451444426
ON,all,all,com,ex,university,all,2021,config_process_com_003,0.0334176595397421
ON,all,all,com,ex,warehouse,all,2021,config_lighting_com_001,1
ON,all,all,com,ex,warehouse,all,2021,config_lighting_com_002,0
ON,all,all,com,ex,warehouse,all,2021,config_lighting_com_003,0
ON,all,all,com,ex,warehouse,all,2021,config_motors_com_001,1
ON,all,all,com,ex,warehouse,all,2021,config_motors_com_002,0
ON,all,all,com,ex,warehouse,all,2021,config_motors_com_003,0
ON,all,all,com,ex,warehouse,all,2021,config_process_com_001,1
ON,all,all,com,ex,warehouse,all,2021,config_process_com_002,0
ON,all,all,com,ex,warehouse,all,2021,config_process_com_003,0
ON,all,all,com,ex,retail,all,2021,config_lighting_com_001,1
ON,all,all,com,ex,retail,all,2021,config_lighting_com_002,0
ON,all,all,com,ex,retail,all,2021,config_lighting_com_003,0
ON,all,all,com,ex,retail,all,2021,config_motors_com_001,1
ON,all,all,com,ex,retail,all,2021,config_motors_com_002,0
ON,all,all,com,ex,retail,all,2021,config_motors_com_003,0
ON,all,all,com,ex,retail,all,2021,config_process_com_001,0.947814451382694
ON,all,all,com,ex,retail,all,2021,config_process_com_002,0.0221393236558268
ON,all,all,com,ex,retail,all,2021,config_process_com_003,0.0300462249614792
ON,all,all,com,ex,hotel,all,2021,config_lighting_com_001,1
ON,all,all,com,ex,hotel,all,2021,config_lighting_com_002,0
ON,all,all,com,ex,hotel,all,2021,config_lighting_com_003,0
ON,all,all,com,ex,hotel,all,2021,config_motors_com_001,1
ON,all,all,com,ex,hotel,all,2021,config_motors_com_002,0
ON,all,all,com,ex,hotel,all,2021,config_motors_com_003,0
ON,all,all,com,ex,hotel,all,2021,config_process_com_001,0.882340786047857
ON,all,all,com,ex,hotel,all,2021,config_process_com_002,0.0443236764888209
ON,all,all,com,ex,hotel,all,2021,config_process_com_003,0.0733355374633219
ON,all,all,com,ex,restaurant,all,2021,config_lighting_com_001,1
ON,all,all,com,ex,restaurant,all,2021,config_lighting_com_002,0
ON,all,all,com,ex,restaurant,all,2021,config_lighting_com_003,0
ON,all,all,com,ex,restaurant,all,2021,config_motors_com_001,1
ON,all,all,com,ex,restaurant,all,2021,config_motors_com_002,0
ON,all,all,com,ex,restaurant,all,2021,config_motors_com_003,0
ON,all,all,com,ex,restaurant,all,2021,config_process_com_001,0.882340786047857
ON,all,all,com,ex,restaurant,all,2021,config_process_com_002,0.0443236764888209
ON,all,all,com,ex,restaurant,all,2021,config_process_com_003,0.0733355374633219
ON,all,all,com,ex,other,all,2021,config_lighting_com_001,1
ON,all,all,com,ex,other,all,2021,config_lighting_com_002,0
ON,all,all,com,ex,other,all,2021,config_lighting_com_003,0
ON,all,all,com,ex,other,all,2021,config_motors_com_001,1
ON,all,all,com,ex,other,all,2021,config_motors_com_002,0
ON,all,all,com,ex,other,all,2021,config_motors_com_003,0
ON,all,all,com,ex,other,all,2021,config_process_com_001,0.949367088607595
ON,all,all,com,ex,other,all,2021,config_process_com_002,0.0261075949367089
ON,all,all,com,ex,other,all,2021,config_process_com_003,0.0245253164556962
PE,all,all,com,ex,hospital,all,2021,config_lighting_com_001,1
PE,all,all,com,ex,hospital,all,2021,config_lighting_com_002,0
PE,all,all,com,ex,hospital,all,2021,config_lighting_com_003,0
PE,all,all,com,ex,hospital,all,2021,config_motors_com_001,1
PE,all,all,com,ex,hospital,all,2021,config_motors_com_002,0
PE,all,all,com,ex,hospital,all,2021,config_motors_com_003,0
PE,all,all,com,ex,hospital,all,2021,config_process_com_001,0.804971198278227
PE,all,all,com,ex,hospital,all,2021,config_process_com_002,0
PE,all,all,com,ex,hospital,all,2021,config_process_com_003,0.195028801721773
PE,all,all,com,ex,outpatient,all,2021,config_lighting_com_001,1
PE,all,all,com,ex,outpatient,all,2021,config_lighting_com_002,0
PE,all,all,com,ex,outpatient,all,2021,config_lighting_com_003,0
PE,all,all,com,ex,outpatient,all,2021,config_motors_com_001,1
PE,all,all,com,ex,outpatient,all,2021,config_motors_com_002,0
PE,all,all,com,ex,outpatient,all,2021,config_motors_com_003,0
PE,all,all,com,ex,outpatient,all,2021,config_process_com_001,0.804971198278227
PE,all,all,com,ex,outpatient,all,2021,config_process_com_002,0
PE,all,all,com,ex,outpatient,all,2021,config_process_com_003,0.195028801721773
PE,all,all,com,ex,longtermcare,all,2021,config_lighting_com_001,1
PE,all,all,com,ex,longtermcare,all,2021,config_lighting_com_002,0
PE,all,all,com,ex,longtermcare,all,2021,config_lighting_com_003,0
PE,all,all,com,ex,longtermcare,all,2021,config_motors_com_001,1
PE,all,all,com,ex,longtermcare,all,2021,config_motors_com_002,0
PE,all,all,com,ex,longtermcare,all,2021,config_motors_com_003,0
PE,all,all,com,ex,longtermcare,all,2021,config_process_com_001,0.804971198278227
PE,all,all,com,ex,longtermcare,all,2021,config_process_com_002,0
PE,all,all,com,ex,longtermcare,all,2021,config_process_com_003,0.195028801721773
PE,all,all,com,ex,smalloffice,all,2021,config_lighting_com_001,1
PE,all,all,com,ex,smalloffice,all,2021,config_lighting_com_002,0
PE,all,all,com,ex,smalloffice,all,2021,config_lighting_com_003,0
PE,all,all,com,ex,smalloffice,all,2021,config_motors_com_001,1
PE,all,all,com,ex,smalloffice,all,2021,config_motors_com_002,0
PE,all,all,com,ex,smalloffice,all,2021,config_motors_com_003,0
PE,all,all,com,ex,smalloffice,all,2021,config_process_com_001,0.968523002421308
PE,all,all,com,ex,smalloffice,all,2021,config_process_com_002,0
PE,all,all,com,ex,smalloffice,all,2021,config_process_com_003,0.0314769975786925
PE,all,all,com,ex,mediumoffice,all,2021,config_lighting_com_001,1
PE,all,all,com,ex,mediumoffice,all,2021,config_lighting_com_002,0
PE,all,all,com,ex,mediumoffice,all,2021,config_lighting_com_003,0
PE,all,all,com,ex,mediumoffice,all,2021,config_motors_com_001,1
PE,all,all,com,ex,mediumoffice,all,2021,config_motors_com_002,0
PE,all,all,com,ex,mediumoffice,all,2021,config_motors_com_003,0
PE,all,all,com,ex,mediumoffice,all,2021,config_process_com_001,0.968523002421308
PE,all,all,com,ex,mediumoffice,all,2021,config_process_com_002,0
PE,all,all,com,ex,mediumoffice,all,2021,config_process_com_003,0.0314769975786925
PE,all,all,com,ex,largeoffice,all,2021,config_lighting_com_001,1
PE,all,all,com,ex,largeoffice,all,2021,config_lighting_com_002,0
PE,all,all,com,ex,largeoffice,all,2021,config_lighting_com_003,0
PE,all,all,com,ex,largeoffice,all,2021,config_motors_com_001,1
PE,all,all,com,ex,largeoffice,all,2021,config_motors_com_002,0
PE,all,all,com,ex,largeoffice,all,2021,config_motors_com_003,0
PE,all,all,com,ex,largeoffice,all,2021,config_process_com_001,0.968523002421308
PE,all,all,com,ex,largeoffice,all,2021,config_process_com_002,0
PE,all,all,com,ex,largeoffice,all,2021,config_process_com_003,0.0314769975786925
PE,all,all,com,ex,school,all,2021,config_lighting_com_001,1
PE,all,all,com,ex,school,all,2021,config_lighting_com_002,0
PE,all,all,com,ex,school,all,2021,config_lighting_com_003,0
PE,all,all,com,ex,school,all,2021,config_motors_com_001,1
PE,all,all,com,ex,school,all,2021,config_motors_com_002,0
PE,all,all,com,ex,school,all,2021,config_motors_com_003,0
PE,all,all,com,ex,school,all,2021,config_process_com_001,0.949367088607595
PE,all,all,com,ex,school,all,2021,config_process_com_002,0
PE,all,all,com,ex,school,all,2021,config_process_com_003,0.0506329113924051
PE,all,all,com,ex,university,all,2021,config_lighting_com_001,1
PE,all,all,com,ex,university,all,2021,config_lighting_com_002,0
PE,all,all,com,ex,university,all,2021,config_lighting_com_003,0
PE,all,all,com,ex,university,all,2021,config_motors_com_001,1
PE,all,all,com,ex,university,all,2021,config_motors_com_002,0
PE,all,all,com,ex,university,all,2021,config_motors_com_003,0
PE,all,all,com,ex,university,all,2021,config_process_com_001,0.949367088607595
PE,all,all,com,ex,university,all,2021,config_process_com_002,0
PE,all,all,com,ex,university,all,2021,config_process_com_003,0.0506329113924051
PE,all,all,com,ex,warehouse,all,2021,config_lighting_com_001,1
PE,all,all,com,ex,warehouse,all,2021,config_lighting_com_002,0
PE,all,all,com,ex,warehouse,all,2021,config_lighting_com_003,0
PE,all,all,com,ex,warehouse,all,2021,config_motors_com_001,1
PE,all,all,com,ex,warehouse,all,2021,config_motors_com_002,0
PE,all,all,com,ex,warehouse,all,2021,config_motors_com_003,0
PE,all,all,com,ex,warehouse,all,2021,config_process_com_001,1
PE,all,all,com,ex,warehouse,all,2021,config_process_com_002,0
PE,all,all,com,ex,warehouse,all,2021,config_process_com_003,0
PE,all,all,com,ex,retail,all,2021,config_lighting_com_001,1
PE,all,all,com,ex,retail,all,2021,config_lighting_com_002,0
PE,all,all,com,ex,retail,all,2021,config_lighting_com_003,0
PE,all,all,com,ex,retail,all,2021,config_motors_com_001,1
PE,all,all,com,ex,retail,all,2021,config_motors_com_002,0
PE,all,all,com,ex,retail,all,2021,config_motors_com_003,0
PE,all,all,com,ex,retail,all,2021,config_process_com_001,0.932436563741975
PE,all,all,com,ex,retail,all,2021,config_process_com_002,0
PE,all,all,com,ex,retail,all,2021,config_process_com_003,0.0675634362580251
PE,all,all,com,ex,hotel,all,2021,config_lighting_com_001,1
PE,all,all,com,ex,hotel,all,2021,config_lighting_com_002,0
PE,all,all,com,ex,hotel,all,2021,config_lighting_com_003,0
PE,all,all,com,ex,hotel,all,2021,config_motors_com_001,1
PE,all,all,com,ex,hotel,all,2021,config_motors_com_002,0
PE,all,all,com,ex,hotel,all,2021,config_motors_com_003,0
PE,all,all,com,ex,hotel,all,2021,config_process_com_001,0.859720980518536
PE,all,all,com,ex,hotel,all,2021,config_process_com_002,0
PE,all,all,com,ex,hotel,all,2021,config_process_com_003,0.140279019481465
PE,all,all,com,ex,restaurant,all,2021,config_lighting_com_001,1
PE,all,all,com,ex,restaurant,all,2021,config_lighting_com_002,0
PE,all,all,com,ex,restaurant,all,2021,config_lighting_com_003,0
PE,all,all,com,ex,restaurant,all,2021,config_motors_com_001,1
PE,all,all,com,ex,restaurant,all,2021,config_motors_com_002,0
PE,all,all,com,ex,restaurant,all,2021,config_motors_com_003,0
PE,all,all,com,ex,restaurant,all,2021,config_process_com_001,0.859720980518536
PE,all,all,com,ex,restaurant,all,2021,config_process_com_002,0
PE,all,all,com,ex,restaurant,all,2021,config_process_com_003,0.140279019481465
PE,all,all,com,ex,other,all,2021,config_lighting_com_001,1
PE,all,all,com,ex,other,all,2021,config_lighting_com_002,0
PE,all,all,com,ex,other,all,2021,config_lighting_com_003,0
PE,all,all,com,ex,other,all,2021,config_motors_com_001,1
PE,all,all,com,ex,other,all,2021,config_motors_com_002,0
PE,all,all,com,ex,other,all,2021,config_motors_com_003,0
PE,all,all,com,ex,other,all,2021,config_process_com_001,0.942189371941438
PE,all,all,com,ex,other,all,2021,config_process_com_002,0.00950311694113347
PE,all,all,com,ex,other,all,2021,config_process_com_003,0.0483075111174285
QC,all,all,com,ex,hospital,all,2021,config_lighting_com_001,1
QC,all,all,com,ex,hospital,all,2021,config_lighting_com_002,0
QC,all,all,com,ex,hospital,all,2021,config_lighting_com_003,0
QC,all,all,com,ex,hospital,all,2021,config_motors_com_001,1
QC,all,all,com,ex,hospital,all,2021,config_motors_com_002,0
QC,all,all,com,ex,hospital,all,2021,config_motors_com_003,0
QC,all,all,com,ex,hospital,all,2021,config_process_com_001,0.840063606310416
QC,all,all,com,ex,hospital,all,2021,config_process_com_002,0.0946562329999582
QC,all,all,com,ex,hospital,all,2021,config_process_com_003,0.0652801606896263
QC,all,all,com,ex,outpatient,all,2021,config_lighting_com_001,1
QC,all,all,com,ex,outpatient,all,2021,config_lighting_com_002,0
QC,all,all,com,ex,outpatient,all,2021,config_lighting_com_003,0
QC,all,all,com,ex,outpatient,all,2021,config_motors_com_001,1
QC,all,all,com,ex,outpatient,all,2021,config_motors_com_002,0
QC,all,all,com,ex,outpatient,all,2021,config_motors_com_003,0
QC,all,all,com,ex,outpatient,all,2021,config_process_com_001,0.840063606310416
QC,all,all,com,ex,outpatient,all,2021,config_process_com_002,0.0946562329999582
QC,all,all,com,ex,outpatient,all,2021,config_process_com_003,0.0652801606896263
QC,all,all,com,ex,longtermcare,all,2021,config_lighting_com_001,1
QC,all,all,com,ex,longtermcare,all,2021,config_lighting_com_002,0
QC,all,all,com,ex,longtermcare,all,2021,config_lighting_com_003,0
QC,all,all,com,ex,longtermcare,all,2021,config_motors_com_001,1
QC,all,all,com,ex,longtermcare,all,2021,config_motors_com_002,0
QC,all,all,com,ex,longtermcare,all,2021,config_motors_com_003,0
QC,all,all,com,ex,longtermcare,all,2021,config_process_com_001,0.840063606310416
QC,all,all,com,ex,longtermcare,all,2021,config_process_com_002,0.0946562329999582
QC,all,all,com,ex,longtermcare,all,2021,config_process_com_003,0.0652801606896263
QC,all,all,com,ex,smalloffice,all,2021,config_lighting_com_001,1
QC,all,all,com,ex,smalloffice,all,2021,config_lighting_com_002,0
QC,all,all,com,ex,smalloffice,all,2021,config_lighting_com_003,0
QC,all,all,com,ex,smalloffice,all,2021,config_motors_com_001,1
QC,all,all,com,ex,smalloffice,all,2021,config_motors_com_002,0
QC,all,all,com,ex,smalloffice,all,2021,config_motors_com_003,0
QC,all,all,com,ex,smalloffice,all,2021,config_process_com_001,0.940578974098527
QC,all,all,com,ex,smalloffice,all,2021,config_process_com_002,0.0293143727780599
QC,all,all,com,ex,smalloffice,all,2021,config_process_com_003,0.0301066531234129
QC,all,all,com,ex,mediumoffice,all,2021,config_lighting_com_001,1
QC,all,all,com,ex,mediumoffice,all,2021,config_lighting_com_002,0
QC,all,all,com,ex,mediumoffice,all,2021,config_lighting_com_003,0
QC,all,all,com,ex,mediumoffice,all,2021,config_motors_com_001,1
QC,all,all,com,ex,mediumoffice,all,2021,config_motors_com_002,0
QC,all,all,com,ex,mediumoffice,all,2021,config_motors_com_003,0
QC,all,all,com,ex,mediumoffice,all,2021,config_process_com_001,0.940578974098527
QC,all,all,com,ex,mediumoffice,all,2021,config_process_com_002,0.0293143727780599
QC,all,all,com,ex,mediumoffice,all,2021,config_process_com_003,0.0301066531234129
QC,all,all,com,ex,largeoffice,all,2021,config_lighting_com_001,1
QC,all,all,com,ex,largeoffice,all,2021,config_lighting_com_002,0
QC,all,all,com,ex,largeoffice,all,2021,config_lighting_com_003,0
QC,all,all,com,ex,largeoffice,all,2021,config_motors_com_001,1
QC,all,all,com,ex,largeoffice,all,2021,config_motors_com_002,0
QC,all,all,com,ex,largeoffice,all,2021,config_motors_com_003,0
QC,all,all,com,ex,largeoffice,all,2021,config_process_com_001,0.940578974098527
QC,all,all,com,ex,largeoffice,all,2021,config_process_com_002,0.0293143727780599
QC,all,all,com,ex,largeoffice,all,2021,config_process_com_003,0.0301066531234129
QC,all,all,com,ex,school,all,2021,config_lighting_com_001,1
QC,all,all,com,ex,school,all,2021,config_lighting_com_002,0
QC,all,all,com,ex,school,all,2021,config_lighting_com_003,0
QC,all,all,com,ex,school,all,2021,config_motors_com_001,1
QC,all,all,com,ex,school,all,2021,config_motors_com_002,0
QC,all,all,com,ex,school,all,2021,config_motors_com_003,0
QC,all,all,com,ex,school,all,2021,config_process_com_001,0.925208095315815
QC,all,all,com,ex,school,all,2021,config_process_com_002,0.0413742451444426
QC,all,all,com,ex,school,all,2021,config_process_com_003,0.0334176595397421
QC,all,all,com,ex,university,all,2021,config_lighting_com_001,1
QC,all,all,com,ex,university,all,2021,config_lighting_com_002,0
QC,all,all,com,ex,university,all,2021,config_lighting_com_003,0
QC,all,all,com,ex,university,all,2021,config_motors_com_001,1
QC,all,all,com,ex,university,all,2021,config_motors_com_002,0
QC,all,all,com,ex,university,all,2021,config_motors_com_003,0
QC,all,all,com,ex,university,all,2021,config_process_com_001,0.925208095315815
QC,all,all,com,ex,university,all,2021,config_process_com_002,0.0413742451444426
QC,all,all,com,ex,university,all,2021,config_process_com_003,0.0334176595397421
QC,all,all,com,ex,warehouse,all,2021,config_lighting_com_001,1
QC,all,all,com,ex,warehouse,all,2021,config_lighting_com_002,0
QC,all,all,com,ex,warehouse,all,2021,config_lighting_com_003,0
QC,all,all,com,ex,warehouse,all,2021,config_motors_com_001,1
QC,all,all,com,ex,warehouse,all,2021,config_motors_com_002,0
QC,all,all,com,ex,warehouse,all,2021,config_motors_com_003,0
QC,all,all,com,ex,warehouse,all,2021,config_process_com_001,1
QC,all,all,com,ex,warehouse,all,2021,config_process_com_002,0
QC,all,all,com,ex,warehouse,all,2021,config_process_com_003,0
QC,all,all,com,ex,retail,all,2021,config_lighting_com_001,1
QC,all,all,com,ex,retail,all,2021,config_lighting_com_002,0
QC,all,all,com,ex,retail,all,2021,config_lighting_com_003,0
QC,all,all,com,ex,retail,all,2021,config_motors_com_001,1
QC,all,all,com,ex,retail,all,2021,config_motors_com_002,0
QC,all,all,com,ex,retail,all,2021,config_motors_com_003,0
QC,all,all,com,ex,retail,all,2021,config_process_com_001,0.947814451382694
QC,all,all,com,ex,retail,all,2021,config_process_com_002,0.0221393236558268
QC,all,all,com,ex,retail,all,2021,config_process_com_003,0.0300462249614792
QC,all,all,com,ex,hotel,all,2021,config_lighting_com_001,1
QC,all,all,com,ex,hotel,all,2021,config_lighting_com_002,0
QC,all,all,com,ex,hotel,all,2021,config_lighting_com_003,0
QC,all,all,com,ex,hotel,all,2021,config_motors_com_001,1
QC,all,all,com,ex,hotel,all,2021,config_motors_com_002,0
QC,all,all,com,ex,hotel,all,2021,config_motors_com_003,0
QC,all,all,com,ex,hotel,all,2021,config_process_com_001,0.882340786047857
QC,all,all,com,ex,hotel,all,2021,config_process_com_002,0.0443236764888209
QC,all,all,com,ex,hotel,all,2021,config_process_com_003,0.0733355374633219
QC,all,all,com,ex,restaurant,all,2021,config_lighting_com_001,1
QC,all,all,com,ex,restaurant,all,2021,config_lighting_com_002,0
QC,all,all,com,ex,restaurant,all,2021,config_lighting_com_003,0
QC,all,all,com,ex,restaurant,all,2021,config_motors_com_001,1
QC,all,all,com,ex,restaurant,all,2021,config_motors_com_002,0
QC,all,all,com,ex,restaurant,all,2021,config_motors_com_003,0
QC,all,all,com,ex,restaurant,all,2021,config_process_com_001,0.882340786047857
QC,all,all,com,ex,restaurant,all,2021,config_process_com_002,0.0443236764888209
QC,all,all,com,ex,restaurant,all,2021,config_process_com_003,0.0733355374633219
QC,all,all,com,ex,other,all,2021,config_lighting_com_001,1
QC,all,all,com,ex,other,all,2021,config_lighting_com_002,0
QC,all,all,com,ex,other,all,2021,config_lighting_com_003,0
QC,all,all,com,ex,other,all,2021,config_motors_com_001,1
QC,all,all,com,ex,other,all,2021,config_motors_com_002,0
QC,all,all,com,ex,other,all,2021,config_motors_com_003,0
QC,all,all,com,ex,other,all,2021,config_process_com_001,0.949367088607595
QC,all,all,com,ex,other,all,2021,config_process_com_002,0.0261075949367089
QC,all,all,com,ex,other,all,2021,config_process_com_003,0.0245253164556962
SK,all,all,com,ex,hospital,all,2021,config_lighting_com_001,1
SK,all,all,com,ex,hospital,all,2021,config_lighting_com_002,0
SK,all,all,com,ex,hospital,all,2021,config_lighting_com_003,0
SK,all,all,com,ex,hospital,all,2021,config_motors_com_001,1
SK,all,all,com,ex,hospital,all,2021,config_motors_com_002,0
SK,all,all,com,ex,hospital,all,2021,config_motors_com_003,0
SK,all,all,com,ex,hospital,all,2021,config_process_com_001,0.805839169690322
SK,all,all,com,ex,hospital,all,2021,config_process_com_002,0.0370221922200658
SK,all,all,com,ex,hospital,all,2021,config_process_com_003,0.157138638089613
SK,all,all,com,ex,outpatient,all,2021,config_lighting_com_001,1
SK,all,all,com,ex,outpatient,all,2021,config_lighting_com_002,0
SK,all,all,com,ex,outpatient,all,2021,config_lighting_com_003,0
SK,all,all,com,ex,outpatient,all,2021,config_motors_com_001,1
SK,all,all,com,ex,outpatient,all,2021,config_motors_com_002,0
SK,all,all,com,ex,outpatient,all,2021,config_motors_com_003,0
SK,all,all,com,ex,outpatient,all,2021,config_process_com_001,0.805839169690322
SK,all,all,com,ex,outpatient,all,2021,config_process_com_002,0.0370221922200658
SK,all,all,com,ex,outpatient,all,2021,config_process_com_003,0.157138638089613
SK,all,all,com,ex,longtermcare,all,2021,config_lighting_com_001,1
SK,all,all,com,ex,longtermcare,all,2021,config_lighting_com_002,0
SK,all,all,com,ex,longtermcare,all,2021,config_lighting_com_003,0
SK,all,all,com,ex,longtermcare,all,2021,config_motors_com_001,1
SK,all,all,com,ex,longtermcare,all,2021,config_motors_com_002,0
SK,all,all,com,ex,longtermcare,all,2021,config_motors_com_003,0
SK,all,all,com,ex,longtermcare,all,2021,config_process_com_001,0.805839169690322
SK,all,all,com,ex,longtermcare,all,2021,config_process_com_002,0.0370221922200658
SK,all,all,com,ex,longtermcare,all,2021,config_process_com_003,0.157138638089613
SK,all,all,com,ex,smalloffice,all,2021,config_lighting_com_001,1
SK,all,all,com,ex,smalloffice,all,2021,config_lighting_com_002,0
SK,all,all,com,ex,smalloffice,all,2021,config_lighting_com_003,0
SK,all,all,com,ex,smalloffice,all,2021,config_motors_com_001,1
SK,all,all,com,ex,smalloffice,all,2021,config_motors_com_002,0
SK,all,all,com,ex,smalloffice,all,2021,config_motors_com_003,0
SK,all,all,com,ex,smalloffice,all,2021,config_process_com_001,0.92350441320693
SK,all,all,com,ex,smalloffice,all,2021,config_process_com_002,0.0581685191238967
SK,all,all,com,ex,smalloffice,all,2021,config_process_com_003,0.0183270676691729
SK,all,all,com,ex,mediumoffice,all,2021,config_lighting_com_001,1
SK,all,all,com,ex,mediumoffice,all,2021,config_lighting_com_002,0
SK,all,all,com,ex,mediumoffice,all,2021,config_lighting_com_003,0
SK,all,all,com,ex,mediumoffice,all,2021,config_motors_com_001,1
SK,all,all,com,ex,mediumoffice,all,2021,config_motors_com_002,0
SK,all,all,com,ex,mediumoffice,all,2021,config_motors_com_003,0
SK,all,all,com,ex,mediumoffice,all,2021,config_process_com_001,0.92350441320693
SK,all,all,com,ex,mediumoffice,all,2021,config_process_com_002,0.0581685191238967
SK,all,all,com,ex,mediumoffice,all,2021,config_process_com_003,0.0183270676691729
SK,all,all,com,ex,largeoffice,all,2021,config_lighting_com_001,1
SK,all,all,com,ex,largeoffice,all,2021,config_lighting_com_002,0
SK,all,all,com,ex,largeoffice,all,2021,config_lighting_com_003,0
SK,all,all,com,ex,largeoffice,all,2021,config_motors_com_001,1
SK,all,all,com,ex,largeoffice,all,2021,config_motors_com_002,0
SK,all,all,com,ex,largeoffice,all,2021,config_motors_com_003,0
SK,all,all,com,ex,largeoffice,all,2021,config_process_com_001,0.92350441320693
SK,all,all,com,ex,largeoffice,all,2021,config_process_com_002,0.0581685191238967
SK,all,all,com,ex,largeoffice,all,2021,config_process_com_003,0.0183270676691729
SK,all,all,com,ex,school,all,2021,config_lighting_com_001,1
SK,all,all,com,ex,school,all,2021,config_lighting_com_002,0
SK,all,all,com,ex,school,all,2021,config_lighting_com_003,0
SK,all,all,com,ex,school,all,2021,config_motors_com_001,1
SK,all,all,com,ex,school,all,2021,config_motors_com_002,0
SK,all,all,com,ex,school,all,2021,config_motors_com_003,0
SK,all,all,com,ex,school,all,2021,config_process_com_001,0.935673705430776
SK,all,all,com,ex,school,all,2021,config_process_com_002,0.0262070088985726
SK,all,all,com,ex,school,all,2021,config_process_com_003,0.038119285670651
SK,all,all,com,ex,university,all,2021,config_lighting_com_001,1
SK,all,all,com,ex,university,all,2021,config_lighting_com_002,0
SK,all,all,com,ex,university,all,2021,config_lighting_com_003,0
SK,all,all,com,ex,university,all,2021,config_motors_com_001,1
SK,all,all,com,ex,university,all,2021,config_motors_com_002,0
SK,all,all,com,ex,university,all,2021,config_motors_com_003,0
SK,all,all,com,ex,university,all,2021,config_process_com_001,0.935673705430776
SK,all,all,com,ex,university,all,2021,config_process_com_002,0.0262070088985726
SK,all,all,com,ex,university,all,2021,config_process_com_003,0.038119285670651
SK,all,all,com,ex,warehouse,all,2021,config_lighting_com_001,1
SK,all,all,com,ex,warehouse,all,2021,config_lighting_com_002,0
SK,all,all,com,ex,warehouse,all,2021,config_lighting_com_003,0
SK,all,all,com,ex,warehouse,all,2021,config_motors_com_001,1
SK,all,all,com,ex,warehouse,all,2021,config_motors_com_002,0
SK,all,all,com,ex,warehouse,all,2021,config_motors_com_003,0
SK,all,all,com,ex,warehouse,all,2021,config_process_com_001,1
SK,all,all,com,ex,warehouse,all,2021,config_process_com_002,0
SK,all,all,com,ex,warehouse,all,2021,config_process_com_003,0
SK,all,all,com,ex,retail,all,2021,config_lighting_com_001,1
SK,all,all,com,ex,retail,all,2021,config_lighting_com_002,0
SK,all,all,com,ex,retail,all,2021,config_lighting_com_003,0
SK,all,all,com,ex,retail,all,2021,config_motors_com_001,1
SK,all,all,com,ex,retail,all,2021,config_motors_com_002,0
SK,all,all,com,ex,retail,all,2021,config_motors_com_003,0
SK,all,all,com,ex,retail,all,2021,config_process_com_001,0.92269020906137
SK,all,all,com,ex,retail,all,2021,config_process_com_002,0.0605726197044939
SK,all,all,com,ex,retail,all,2021,config_process_com_003,0.0167371712341365
SK,all,all,com,ex,hotel,all,2021,config_lighting_com_001,1
SK,all,all,com,ex,hotel,all,2021,config_lighting_com_002,0
SK,all,all,com,ex,hotel,all,2021,config_lighting_com_003,0
SK,all,all,com,ex,hotel,all,2021,config_motors_com_001,1
SK,all,all,com,ex,hotel,all,2021,config_motors_com_002,0
SK,all,all,com,ex,hotel,all,2021,config_motors_com_003,0
SK,all,all,com,ex,hotel,all,2021,config_process_com_001,0.861549959517532
SK,all,all,com,ex,hotel,all,2021,config_process_com_002,0.088251780190579
SK,all,all,com,ex,hotel,all,2021,config_process_com_003,0.050198260291889
SK,all,all,com,ex,restaurant,all,2021,config_lighting_com_001,1
SK,all,all,com,ex,restaurant,all,2021,config_lighting_com_002,0
SK,all,all,com,ex,restaurant,all,2021,config_lighting_com_003,0
SK,all,all,com,ex,restaurant,all,2021,config_motors_com_001,1
SK,all,all,com,ex,restaurant,all,2021,config_motors_com_002,0
SK,all,all,com,ex,restaurant,all,2021,config_motors_com_003,0
SK,all,all,com,ex,restaurant,all,2021,config_process_com_001,0.861549959517532
SK,all,all,com,ex,restaurant,all,2021,config_process_com_002,0.088251780190579
SK,all,all,com,ex,restaurant,all,2021,config_process_com_003,0.050198260291889
SK,all,all,com,ex,other,all,2021,config_lighting_com_001,1
SK,all,all,com,ex,other,all,2021,config_lighting_com_002,0
SK,all,all,com,ex,other,all,2021,config_lighting_com_003,0
SK,all,all,com,ex,other,all,2021,config_motors_com_001,1
SK,all,all,com,ex,other,all,2021,config_motors_com_002,0
SK,all,all,com,ex,other,all,2021,config_motors_com_003,0
SK,all,all,com,ex,other,all,2021,config_process_com_001,0.954175276528504
SK,all,all,com,ex,other,all,2021,config_process_com_002,0.037923909079859
SK,all,all,com,ex,other,all,2021,config_process_com_003,0.00790081439163729
TR,all,all,com,ex,hospital,all,2021,config_lighting_com_001,1
TR,all,all,com,ex,hospital,all,2021,config_lighting_com_002,0
TR,all,all,com,ex,hospital,all,2021,config_lighting_com_003,0
TR,all,all,com,ex,hospital,all,2021,config_motors_com_001,1
TR,all,all,com,ex,hospital,all,2021,config_motors_com_002,0
TR,all,all,com,ex,hospital,all,2021,config_motors_com_003,0
TR,all,all,com,ex,hospital,all,2021,config_process_com_001,0.775862068965517
TR,all,all,com,ex,hospital,all,2021,config_process_com_002,0.0921455938697318
TR,all,all,com,ex,hospital,all,2021,config_process_com_003,0.131992337164751
TR,all,all,com,ex,outpatient,all,2021,config_lighting_com_001,1
TR,all,all,com,ex,outpatient,all,2021,config_lighting_com_002,0
TR,all,all,com,ex,outpatient,all,2021,config_lighting_com_003,0
TR,all,all,com,ex,outpatient,all,2021,config_motors_com_001,1
TR,all,all,com,ex,outpatient,all,2021,config_motors_com_002,0
TR,all,all,com,ex,outpatient,all,2021,config_motors_com_003,0
TR,all,all,com,ex,outpatient,all,2021,config_process_com_001,0.775862068965517
TR,all,all,com,ex,outpatient,all,2021,config_process_com_002,0.0921455938697318
TR,all,all,com,ex,outpatient,all,2021,config_process_com_003,0.131992337164751
TR,all,all,com,ex,longtermcare,all,2021,config_lighting_com_001,1
TR,all,all,com,ex,longtermcare,all,2021,config_lighting_com_002,0
TR,all,all,com,ex,longtermcare,all,2021,config_lighting_com_003,0
TR,all,all,com,ex,longtermcare,all,2021,config_motors_com_001,1
TR,all,all,com,ex,longtermcare,all,2021,config_motors_com_002,0
TR,all,all,com,ex,longtermcare,all,2021,config_motors_com_003,0
TR,all,all,com,ex,longtermcare,all,2021,config_process_com_001,0.775862068965517
TR,all,all,com,ex,longtermcare,all,2021,config_process_com_002,0.0921455938697318
TR,all,all,com,ex,longtermcare,all,2021,config_process_com_003,0.131992337164751
TR,all,all,com,ex,smalloffice,all,2021,config_lighting_com_001,1
TR,all,all,com,ex,smalloffice,all,2021,config_lighting_com_002,0
TR,all,all,com,ex,smalloffice,all,2021,config_lighting_com_003,0
TR,all,all,com,ex,smalloffice,all,2021,config_motors_com_001,1
TR,all,all,com,ex,smalloffice,all,2021,config_motors_com_002,0
TR,all,all,com,ex,smalloffice,all,2021,config_motors_com_003,0
TR,all,all,com,ex,smalloffice,all,2021,config_process_com_001,0.934798564671342
TR,all,all,com,ex,smalloffice,all,2021,config_process_com_002,0.0333958571195564
TR,all,all,com,ex,smalloffice,all,2021,config_process_com_003,0.0318055782091013
TR,all,all,com,ex,mediumoffice,all,2021,config_lighting_com_001,1
TR,all,all,com,ex,mediumoffice,all,2021,config_lighting_com_002,0
TR,all,all,com,ex,mediumoffice,all,2021,config_lighting_com_003,0
TR,all,all,com,ex,mediumoffice,all,2021,config_motors_com_001,1
TR,all,all,com,ex,mediumoffice,all,2021,config_motors_com_002,0
TR,all,all,com,ex,mediumoffice,all,2021,config_motors_com_003,0
TR,all,all,com,ex,mediumoffice,all,2021,config_process_com_001,0.934798564671342
TR,all,all,com,ex,mediumoffice,all,2021,config_process_com_002,0.0333958571195564
TR,all,all,com,ex,mediumoffice,all,2021,config_process_com_003,0.0318055782091013
TR,all,all,com,ex,largeoffice,all,2021,config_lighting_com_001,1
TR,all,all,com,ex,largeoffice,all,2021,config_lighting_com_002,0
TR,all,all,com,ex,largeoffice,all,2021,config_lighting_com_003,0
TR,all,all,com,ex,largeoffice,all,2021,config_motors_com_001,1
TR,all,all,com,ex,largeoffice,all,2021,config_motors_com_002,0
TR,all,all,com,ex,largeoffice,all,2021,config_motors_com_003,0
TR,all,all,com,ex,largeoffice,all,2021,config_process_com_001,0.934798564671342
TR,all,all,com,ex,largeoffice,all,2021,config_process_com_002,0.0333958571195564
TR,all,all,com,ex,largeoffice,all,2021,config_process_com_003,0.0318055782091013
TR,all,all,com,ex,school,all,2021,config_lighting_com_001,1
TR,all,all,com,ex,school,all,2021,config_lighting_com_002,0
TR,all,all,com,ex,school,all,2021,config_lighting_com_003,0
TR,all,all,com,ex,school,all,2021,config_motors_com_001,1
TR,all,all,com,ex,school,all,2021,config_motors_com_002,0
TR,all,all,com,ex,school,all,2021,config_motors_com_003,0
TR,all,all,com,ex,school,all,2021,config_process_com_001,0.934122962329813
TR,all,all,com,ex,school,all,2021,config_process_com_002,0.0341290677086513
TR,all,all,com,ex,school,all,2021,config_process_com_003,0.0317479699615361
TR,all,all,com,ex,university,all,2021,config_lighting_com_001,1
TR,all,all,com,ex,university,all,2021,config_lighting_com_002,0
TR,all,all,com,ex,university,all,2021,config_lighting_com_003,0
TR,all,all,com,ex,university,all,2021,config_motors_com_001,1
TR,all,all,com,ex,university,all,2021,config_motors_com_002,0
TR,all,all,com,ex,university,all,2021,config_motors_com_003,0
TR,all,all,com,ex,university,all,2021,config_process_com_001,0.934122962329813
TR,all,all,com,ex,university,all,2021,config_process_com_002,0.0341290677086513
TR,all,all,com,ex,university,all,2021,config_process_com_003,0.0317479699615361
TR,all,all,com,ex,warehouse,all,2021,config_lighting_com_001,1
TR,all,all,com,ex,warehouse,all,2021,config_lighting_com_002,0
TR,all,all,com,ex,warehouse,all,2021,config_lighting_com_003,0
TR,all,all,com,ex,warehouse,all,2021,config_motors_com_001,1
TR,all,all,com,ex,warehouse,all,2021,config_motors_com_002,0
TR,all,all,com,ex,warehouse,all,2021,config_motors_com_003,0
TR,all,all,com,ex,warehouse,all,2021,config_process_com_001,1
TR,all,all,com,ex,warehouse,all,2021,config_process_com_002,0
TR,all,all,com,ex,warehouse,all,2021,config_process_com_003,0
TR,all,all,com,ex,retail,all,2021,config_lighting_com_001,1
TR,all,all,com,ex,retail,all,2021,config_lighting_com_002,0
TR,all,all,com,ex,retail,all,2021,config_lighting_com_003,0
TR,all,all,com,ex,retail,all,2021,config_motors_com_001,1
TR,all,all,com,ex,retail,all,2021,config_motors_com_002,0
TR,all,all,com,ex,retail,all,2021,config_motors_com_003,0
TR,all,all,com,ex,retail,all,2021,config_process_com_001,0.934798564671342
TR,all,all,com,ex,retail,all,2021,config_process_com_002,0.0333958571195564
TR,all,all,com,ex,retail,all,2021,config_process_com_003,0.0318055782091013
TR,all,all,com,ex,hotel,all,2021,config_lighting_com_001,1
TR,all,all,com,ex,hotel,all,2021,config_lighting_com_002,0
TR,all,all,com,ex,hotel,all,2021,config_lighting_com_003,0
TR,all,all,com,ex,hotel,all,2021,config_motors_com_001,1
TR,all,all,com,ex,hotel,all,2021,config_motors_com_002,0
TR,all,all,com,ex,hotel,all,2021,config_motors_com_003,0
TR,all,all,com,ex,hotel,all,2021,config_process_com_001,0.832372366076109
TR,all,all,com,ex,hotel,all,2021,config_process_com_002,0.0874934479505189
TR,all,all,com,ex,hotel,all,2021,config_process_com_003,0.0801341859733725
TR,all,all,com,ex,restaurant,all,2021,config_lighting_com_001,1
TR,all,all,com,ex,restaurant,all,2021,config_lighting_com_002,0
TR,all,all,com,ex,restaurant,all,2021,config_lighting_com_003,0
TR,all,all,com,ex,restaurant,all,2021,config_motors_com_001,1
TR,all,all,com,ex,restaurant,all,2021,config_motors_com_002,0
TR,all,all,com,ex,restaurant,all,2021,config_motors_com_003,0
TR,all,all,com,ex,restaurant,all,2021,config_process_com_001,0.832372366076109
TR,all,all,com,ex,restaurant,all,2021,config_process_com_002,0.0874934479505189
TR,all,all,com,ex,restaurant,all,2021,config_process_com_003,0.0801341859733725
TR,all,all,com,ex,other,all,2021,config_lighting_com_001,1
TR,all,all,com,ex,other,all,2021,config_lighting_com_002,0
TR,all,all,com,ex,other,all,2021,config_lighting_com_003,0
TR,all,all,com,ex,other,all,2021,config_motors_com_001,1
TR,all,all,com,ex,other,all,2021,config_motors_com_002,0
TR,all,all,com,ex,other,all,2021,config_motors_com_003,0
TR,all,all,com,ex,other,all,2021,config_process_com_001,0.946958163327447
TR,all,all,com,ex,other,all,2021,config_process_com_002,0.0277084221423787
TR,all,all,com,ex,other,all,2021,config_process_com_003,0.0253334145301748
