data_source,scenario,province_territory,year,energy_cost_electricity_per_kwh,ghgi_electricity_g_per_kwh,energy_cost_gas_per_kwh,ghgi_gas_g_per_kwh,energy_cost_oil_per_kwh,ghgi_oil_g_per_kwh,energy_cost_propane_per_kwh,ghgi_propane_g_per_kwh,energy_cost_wood_per_kwh,ghgi_wood_g_per_kwh,energy_cost_steam_per_kwh,ghgi_steam_g_per_kwh,energy_cost_other_per_kwh,ghgi_other_g_per_kwh,carbon_tax_per_tonne
CER 2021,Evolving Policies,NL,2021,0.159912448,0.032,0.0581,180.7849829,0.112,256,0.312,230,0.07799,347,0.0581,180.7849829,0.0581,180.7849829,0
CER 2021,Evolving Policies,PE,2021,0.203868571,0,0.0581,180.7849829,0.107,256,0.312,230,0.07799,347,0.0581,180.7849829,0.0581,180.7849829,0
CER 2021,Evolving Policies,NS,2021,0.180216505,240,0.095,180.7849829,0.115,256,0.312,230,0.07799,347,0.095,180.7849829,0.095,180.7849829,0
CER 2021,Evolving Policies,NB,2021,0.174456488,87,0.0495,180.7849829,0.126,256,0.312,230,0.07799,347,0.0495,180.7849829,0.0495,180.7849829,0
CER 2021,Evolving Policies,QC,2021,0.102204286,5.4,0.0628,181.4334471,0.122,256,0.312,230,0.07799,347,0.0628,181.4334471,0.0628,181.4334471,0
CER 2021,Evolving Policies,ON,2021,0.249480699,26,0.0398,180.9556314,0.138,256,0.312,230,0.07799,347,0.0398,180.9556314,0.0398,180.9556314,0
CER 2021,Evolving Policies,MB,2021,0.11070031,0.96,0.0382,180.4095563,0.124,256,0.312,230,0.07799,347,0.0382,180.4095563,0.0382,180.4095563,0
CER 2021,Evolving Policies,AB,2021,0.121212339,120,0.0246,184.8122867,0.116,256,0.312,230,0.07799,347,0.0246,184.8122867,0.0246,184.8122867,0
CER 2021,Evolving Policies,BC,2021,0.124560349,0,0.0513,184.8122867,0.144,256,0.312,230,0.07799,347,0.0513,184.8122867,0.0513,184.8122867,0
CER 2021,Evolving Policies,SK,2021,0.197640553,84,0.0365,180.8532423,0.122,256,0.312,230,0.07799,347,0.0365,180.8532423,0.0365,180.8532423,0
CER 2021,Evolving Policies,TR,2021,0.168048471,35,0.0457,185.1877133,0.135,256,0.312,230,0.07799,347,0.0457,185.1877133,0.0457,185.1877133,0
CER 2021,Evolving Policies,NL,2022,0.159984448,0.032,0.0589,180.7849829,0.114,256,0.312,230,0.07799,347,0.0589,180.7849829,0.0589,180.7849829,0
CER 2021,Evolving Policies,NL,2023,0.160056448,0.032,0.0612,180.7849829,0.115,256,0.312,230,0.07799,347,0.0612,180.7849829,0.0612,180.7849829,0
CER 2021,Evolving Policies,NL,2024,0.160128448,0.032,0.0633,180.7849829,0.116,256,0.312,230,0.07799,347,0.0633,180.7849829,0.0633,180.7849829,0
CER 2021,Evolving Policies,NL,2025,0.160236449,0.032,0.0654,180.7849829,0.117,256,0.312,230,0.07799,347,0.0654,180.7849829,0.0654,180.7849829,0
CER 2021,Evolving Policies,NL,2026,0.161352452,0.032,0.0675,180.7849829,0.118,256,0.312,230,0.07799,347,0.0675,180.7849829,0.0675,180.7849829,0
CER 2021,Evolving Policies,NL,2027,0.162468455,0.032,0.0694,180.7849829,0.121,256,0.312,230,0.07799,347,0.0694,180.7849829,0.0694,180.7849829,0
CER 2021,Evolving Policies,NL,2028,0.163584458,0.032,0.0713,180.7849829,0.124,256,0.312,230,0.07799,347,0.0713,180.7849829,0.0713,180.7849829,0
CER 2021,Evolving Policies,NL,2029,0.164700461,0.032,0.0731,180.7849829,0.126,256,0.312,230,0.07799,347,0.0731,180.7849829,0.0731,180.7849829,0
CER 2021,Evolving Policies,NL,2030,0.165816464,0.032,0.0747,180.7849829,0.129,256,0.312,230,0.07799,347,0.0747,180.7849829,0.0747,180.7849829,0
CER 2021,Evolving Policies,NL,2031,0.166932467,0.067,0.0764,180.7849829,0.13,256,0.312,230,0.07799,347,0.0764,180.7849829,0.0764,180.7849829,0
CER 2021,Evolving Policies,NL,2032,0.168048471,0.067,0.078,180.7849829,0.132,256,0.312,230,0.07799,347,0.078,180.7849829,0.078,180.7849829,0
CER 2021,Evolving Policies,NL,2033,0.169164474,0.067,0.0795,180.7849829,0.134,256,0.312,230,0.07799,347,0.0795,180.7849829,0.0795,180.7849829,0
CER 2021,Evolving Policies,NL,2034,0.170280477,0.067,0.081,180.7849829,0.135,256,0.312,230,0.07799,347,0.081,180.7849829,0.081,180.7849829,0
CER 2021,Evolving Policies,NL,2035,0.17143248,0.067,0.0824,180.7849829,0.136,256,0.312,230,0.07799,347,0.0824,180.7849829,0.0824,180.7849829,0
CER 2021,Evolving Policies,NL,2036,0.172548483,0.067,0.0837,180.7849829,0.138,256,0.312,230,0.07799,347,0.0837,180.7849829,0.0837,180.7849829,0
CER 2021,Evolving Policies,NL,2037,0.173628486,0.067,0.085,180.7849829,0.139,256,0.312,230,0.07799,347,0.085,180.7849829,0.085,180.7849829,0
CER 2021,Evolving Policies,NL,2038,0.174744489,0.067,0.0862,180.7849829,0.14,256,0.312,230,0.07799,347,0.0862,180.7849829,0.0862,180.7849829,0
CER 2021,Evolving Policies,NL,2039,0.175824492,0.067,0.0874,180.7849829,0.141,256,0.312,230,0.07799,347,0.0874,180.7849829,0.0874,180.7849829,0
CER 2021,Evolving Policies,NL,2040,0.176940495,0.067,0.0886,180.7849829,0.142,256,0.312,230,0.07799,347,0.0886,180.7849829,0.0886,180.7849829,0
CER 2021,Evolving Policies,NL,2041,0.178020498,0.067,0.0896,180.7849829,0.143,256,0.312,230,0.07799,347,0.0896,180.7849829,0.0896,180.7849829,0
CER 2021,Evolving Policies,NL,2042,0.179136502,0.067,0.0906,180.7849829,0.145,256,0.312,230,0.07799,347,0.0906,180.7849829,0.0906,180.7849829,0
CER 2021,Evolving Policies,NL,2043,0.180252505,0.067,0.0916,180.7849829,0.146,256,0.312,230,0.07799,347,0.0916,180.7849829,0.0916,180.7849829,0
CER 2021,Evolving Policies,NL,2044,0.181332508,0.067,0.0926,180.7849829,0.147,256,0.312,230,0.07799,347,0.0926,180.7849829,0.0926,180.7849829,0
CER 2021,Evolving Policies,NL,2045,0.182448511,0.067,0.0935,180.7849829,0.148,256,0.312,230,0.07799,347,0.0935,180.7849829,0.0935,180.7849829,0
CER 2021,Evolving Policies,NL,2046,0.183528514,0.067,0.0942,180.7849829,0.149,256,0.312,230,0.07799,347,0.0942,180.7849829,0.0942,180.7849829,0
CER 2021,Evolving Policies,NL,2047,0.184644517,0.067,0.095,180.7849829,0.15,256,0.312,230,0.07799,347,0.095,180.7849829,0.095,180.7849829,0
CER 2021,Evolving Policies,NL,2048,0.18572452,0.067,0.0957,180.7849829,0.151,256,0.312,230,0.07799,347,0.0957,180.7849829,0.0957,180.7849829,0
CER 2021,Evolving Policies,NL,2049,0.186840523,0.067,0.0963,180.7849829,0.151,256,0.312,230,0.07799,347,0.0963,180.7849829,0.0963,180.7849829,0
CER 2021,Evolving Policies,NL,2050,0.187956526,0.067,0.0968,180.7849829,0.151,256,0.312,230,0.07799,347,0.0968,180.7849829,0.0968,180.7849829,0
CER 2021,Evolving Policies,PE,2022,0.204120572,0,0.0589,180.7849829,0.108,256,0.312,230,0.07799,347,0.0589,180.7849829,0.0589,180.7849829,0
CER 2021,Evolving Policies,PE,2023,0.204372572,0,0.0612,180.7849829,0.11,256,0.312,230,0.07799,347,0.0612,180.7849829,0.0612,180.7849829,0
CER 2021,Evolving Policies,PE,2024,0.204624573,0,0.0633,180.7849829,0.111,256,0.312,230,0.07799,347,0.0633,180.7849829,0.0633,180.7849829,0
CER 2021,Evolving Policies,PE,2025,0.204840574,0,0.0654,180.7849829,0.112,256,0.312,230,0.07799,347,0.0654,180.7849829,0.0654,180.7849829,0
CER 2021,Evolving Policies,PE,2026,0.205092574,0,0.0675,180.7849829,0.114,256,0.312,230,0.07799,347,0.0675,180.7849829,0.0675,180.7849829,0
CER 2021,Evolving Policies,PE,2027,0.205344575,0,0.0694,180.7849829,0.117,256,0.312,230,0.07799,347,0.0694,180.7849829,0.0694,180.7849829,0
CER 2021,Evolving Policies,PE,2028,0.205596576,0,0.0713,180.7849829,0.12,256,0.312,230,0.07799,347,0.0713,180.7849829,0.0713,180.7849829,0
CER 2021,Evolving Policies,PE,2029,0.205848576,0,0.0731,180.7849829,0.122,256,0.312,230,0.07799,347,0.0731,180.7849829,0.0731,180.7849829,0
CER 2021,Evolving Policies,PE,2030,0.206100577,0,0.0747,180.7849829,0.124,256,0.312,230,0.07799,347,0.0747,180.7849829,0.0747,180.7849829,0
CER 2021,Evolving Policies,PE,2031,0.206352578,0,0.0764,180.7849829,0.126,256,0.312,230,0.07799,347,0.0764,180.7849829,0.0764,180.7849829,0
CER 2021,Evolving Policies,PE,2032,0.206604578,0,0.078,180.7849829,0.128,256,0.312,230,0.07799,347,0.078,180.7849829,0.078,180.7849829,0
CER 2021,Evolving Policies,PE,2033,0.206856579,0,0.0795,180.7849829,0.13,256,0.312,230,0.07799,347,0.0795,180.7849829,0.0795,180.7849829,0
CER 2021,Evolving Policies,PE,2034,0.20710858,0,0.081,180.7849829,0.131,256,0.312,230,0.07799,347,0.081,180.7849829,0.081,180.7849829,0
CER 2021,Evolving Policies,PE,2035,0.207360581,0,0.0824,180.7849829,0.133,256,0.312,230,0.07799,347,0.0824,180.7849829,0.0824,180.7849829,0
CER 2021,Evolving Policies,PE,2036,0.207612581,0,0.0837,180.7849829,0.134,256,0.312,230,0.07799,347,0.0837,180.7849829,0.0837,180.7849829,0
CER 2021,Evolving Policies,PE,2037,0.207864582,0,0.085,180.7849829,0.135,256,0.312,230,0.07799,347,0.085,180.7849829,0.085,180.7849829,0
CER 2021,Evolving Policies,PE,2038,0.208116583,0,0.0862,180.7849829,0.136,256,0.312,230,0.07799,347,0.0862,180.7849829,0.0862,180.7849829,0
CER 2021,Evolving Policies,PE,2039,0.208368583,0,0.0874,180.7849829,0.138,256,0.312,230,0.07799,347,0.0874,180.7849829,0.0874,180.7849829,0
CER 2021,Evolving Policies,PE,2040,0.208620584,0,0.0886,180.7849829,0.139,256,0.312,230,0.07799,347,0.0886,180.7849829,0.0886,180.7849829,0
CER 2021,Evolving Policies,PE,2041,0.208872585,0,0.0896,180.7849829,0.14,256,0.312,230,0.07799,347,0.0896,180.7849829,0.0896,180.7849829,0
CER 2021,Evolving Policies,PE,2042,0.209088585,0,0.0906,180.7849829,0.141,256,0.312,230,0.07799,347,0.0906,180.7849829,0.0906,180.7849829,0
CER 2021,Evolving Policies,PE,2043,0.209340586,0,0.0916,180.7849829,0.142,256,0.312,230,0.07799,347,0.0916,180.7849829,0.0916,180.7849829,0
CER 2021,Evolving Policies,PE,2044,0.209592587,0,0.0926,180.7849829,0.144,256,0.312,230,0.07799,347,0.0926,180.7849829,0.0926,180.7849829,0
CER 2021,Evolving Policies,PE,2045,0.209844588,0,0.0935,180.7849829,0.145,256,0.312,230,0.07799,347,0.0935,180.7849829,0.0935,180.7849829,0
CER 2021,Evolving Policies,PE,2046,0.210096588,0,0.0942,180.7849829,0.146,256,0.312,230,0.07799,347,0.0942,180.7849829,0.0942,180.7849829,0
CER 2021,Evolving Policies,PE,2047,0.210348589,0,0.095,180.7849829,0.147,256,0.312,230,0.07799,347,0.095,180.7849829,0.095,180.7849829,0
CER 2021,Evolving Policies,PE,2048,0.21060059,0,0.0957,180.7849829,0.147,256,0.312,230,0.07799,347,0.0957,180.7849829,0.0957,180.7849829,0
CER 2021,Evolving Policies,PE,2049,0.21085259,0,0.0963,180.7849829,0.148,256,0.312,230,0.07799,347,0.0963,180.7849829,0.0963,180.7849829,0
CER 2021,Evolving Policies,PE,2050,0.211104591,0,0.0968,180.7849829,0.148,256,0.312,230,0.07799,347,0.0968,180.7849829,0.0968,180.7849829,0
CER 2021,Evolving Policies,NS,2022,0.18201651,240,0.0958,180.7849829,0.117,256,0.312,230,0.07799,347,0.0958,180.7849829,0.0958,180.7849829,0
CER 2021,Evolving Policies,NS,2023,0.184212516,240,0.0981,180.7849829,0.118,256,0.312,230,0.07799,347,0.0981,180.7849829,0.0981,180.7849829,0
CER 2021,Evolving Policies,NS,2024,0.186372522,240,0.1002,180.7849829,0.119,256,0.312,230,0.07799,347,0.1002,180.7849829,0.1002,180.7849829,0
CER 2021,Evolving Policies,NS,2025,0.188568528,240,0.1023,180.7849829,0.121,256,0.312,230,0.07799,347,0.1023,180.7849829,0.1023,180.7849829,0
CER 2021,Evolving Policies,NS,2026,0.190728534,240,0.1043,180.7849829,0.122,256,0.312,230,0.07799,347,0.1043,180.7849829,0.1043,180.7849829,0
CER 2021,Evolving Policies,NS,2027,0.19292454,240,0.1063,180.7849829,0.125,256,0.312,230,0.07799,347,0.1063,180.7849829,0.1063,180.7849829,0
CER 2021,Evolving Policies,NS,2028,0.195084546,240,0.1082,180.7849829,0.128,256,0.312,230,0.07799,347,0.1082,180.7849829,0.1082,180.7849829,0
CER 2021,Evolving Policies,NS,2029,0.197280552,240,0.1099,180.7849829,0.13,256,0.312,230,0.07799,347,0.1099,180.7849829,0.1099,180.7849829,0
CER 2021,Evolving Policies,NS,2030,0.199440558,240,0.1116,180.7849829,0.133,256,0.312,230,0.07799,347,0.1116,180.7849829,0.1116,180.7849829,0
CER 2021,Evolving Policies,NS,2031,0.201636565,7.6,0.1132,180.7849829,0.134,256,0.312,230,0.07799,347,0.1132,180.7849829,0.1132,180.7849829,0
CER 2021,Evolving Policies,NS,2032,0.203796571,7.6,0.1148,180.7849829,0.136,256,0.312,230,0.07799,347,0.1148,180.7849829,0.1148,180.7849829,0
CER 2021,Evolving Policies,NS,2033,0.205992577,7.6,0.1163,180.7849829,0.138,256,0.312,230,0.07799,347,0.1163,180.7849829,0.1163,180.7849829,0
CER 2021,Evolving Policies,NS,2034,0.208152583,7.6,0.1178,180.7849829,0.139,256,0.312,230,0.07799,347,0.1178,180.7849829,0.1178,180.7849829,0
CER 2021,Evolving Policies,NS,2035,0.210348589,7.6,0.1191,180.7849829,0.141,256,0.312,230,0.07799,347,0.1191,180.7849829,0.1191,180.7849829,0
CER 2021,Evolving Policies,NS,2036,0.212508595,7.6,0.1204,180.7849829,0.142,256,0.312,230,0.07799,347,0.1204,180.7849829,0.1204,180.7849829,0
CER 2021,Evolving Policies,NS,2037,0.214704601,7.6,0.1217,180.7849829,0.143,256,0.312,230,0.07799,347,0.1217,180.7849829,0.1217,180.7849829,0
CER 2021,Evolving Policies,NS,2038,0.216864607,7.6,0.1229,180.7849829,0.144,256,0.312,230,0.07799,347,0.1229,180.7849829,0.1229,180.7849829,0
CER 2021,Evolving Policies,NS,2039,0.219060613,7.6,0.1241,180.7849829,0.146,256,0.312,230,0.07799,347,0.1241,180.7849829,0.1241,180.7849829,0
CER 2021,Evolving Policies,NS,2040,0.221220619,7.6,0.1252,180.7849829,0.147,256,0.312,230,0.07799,347,0.1252,180.7849829,0.1252,180.7849829,0
CER 2021,Evolving Policies,NS,2041,0.223416626,7.6,0.1263,180.7849829,0.148,256,0.312,230,0.07799,347,0.1263,180.7849829,0.1263,180.7849829,0
CER 2021,Evolving Policies,NS,2042,0.225576632,7.6,0.1273,180.7849829,0.149,256,0.312,230,0.07799,347,0.1273,180.7849829,0.1273,180.7849829,0
CER 2021,Evolving Policies,NS,2043,0.227772638,7.6,0.1283,180.7849829,0.15,256,0.312,230,0.07799,347,0.1283,180.7849829,0.1283,180.7849829,0
CER 2021,Evolving Policies,NS,2044,0.229932644,7.6,0.1292,180.7849829,0.152,256,0.312,230,0.07799,347,0.1292,180.7849829,0.1292,180.7849829,0
CER 2021,Evolving Policies,NS,2045,0.23212865,7.6,0.1301,180.7849829,0.153,256,0.312,230,0.07799,347,0.1301,180.7849829,0.1301,180.7849829,0
CER 2021,Evolving Policies,NS,2046,0.234288656,7.6,0.1309,180.7849829,0.154,256,0.312,230,0.07799,347,0.1309,180.7849829,0.1309,180.7849829,0
CER 2021,Evolving Policies,NS,2047,0.236484662,7.6,0.1317,180.7849829,0.155,256,0.312,230,0.07799,347,0.1317,180.7849829,0.1317,180.7849829,0
CER 2021,Evolving Policies,NS,2048,0.238644668,7.6,0.1323,180.7849829,0.155,256,0.312,230,0.07799,347,0.1323,180.7849829,0.1323,180.7849829,0
CER 2021,Evolving Policies,NS,2049,0.240840674,7.6,0.1329,180.7849829,0.156,256,0.312,230,0.07799,347,0.1329,180.7849829,0.1329,180.7849829,0
CER 2021,Evolving Policies,NS,2050,0.243396682,7.6,0.1334,180.7849829,0.156,256,0.312,230,0.07799,347,0.1334,180.7849829,0.1334,180.7849829,0
CER 2021,Evolving Policies,NB,2022,0.176616495,87,0.0482,180.7849829,0.127,256,0.312,230,0.07799,347,0.0482,180.7849829,0.0482,180.7849829,0
CER 2021,Evolving Policies,NB,2023,0.178776501,87,0.0507,180.7849829,0.129,256,0.312,230,0.07799,347,0.0507,180.7849829,0.0507,180.7849829,0
CER 2021,Evolving Policies,NB,2024,0.180936507,87,0.053,180.7849829,0.13,256,0.312,230,0.07799,347,0.053,180.7849829,0.053,180.7849829,0
CER 2021,Evolving Policies,NB,2025,0.183096513,87,0.0554,180.7849829,0.13,256,0.312,230,0.07799,347,0.0554,180.7849829,0.0554,180.7849829,0
CER 2021,Evolving Policies,NB,2026,0.185256519,87,0.0577,180.7849829,0.131,256,0.312,230,0.07799,347,0.0577,180.7849829,0.0577,180.7849829,0
CER 2021,Evolving Policies,NB,2027,0.187452525,87,0.0599,180.7849829,0.134,256,0.312,230,0.07799,347,0.0599,180.7849829,0.0599,180.7849829,0
CER 2021,Evolving Policies,NB,2028,0.189612531,87,0.062,180.7849829,0.137,256,0.312,230,0.07799,347,0.062,180.7849829,0.062,180.7849829,0
CER 2021,Evolving Policies,NB,2029,0.191772537,87,0.064,180.7849829,0.14,256,0.312,230,0.07799,347,0.064,180.7849829,0.064,180.7849829,0
CER 2021,Evolving Policies,NB,2030,0.193932543,87,0.066,180.7849829,0.142,256,0.312,230,0.07799,347,0.066,180.7849829,0.066,180.7849829,0
CER 2021,Evolving Policies,NB,2031,0.196092549,24,0.0678,180.7849829,0.144,256,0.312,230,0.07799,347,0.0678,180.7849829,0.0678,180.7849829,0
CER 2021,Evolving Policies,NB,2032,0.198252555,24,0.0696,180.7849829,0.146,256,0.312,230,0.07799,347,0.0696,180.7849829,0.0696,180.7849829,0
CER 2021,Evolving Policies,NB,2033,0.200412561,24,0.0714,180.7849829,0.147,256,0.312,230,0.07799,347,0.0714,180.7849829,0.0714,180.7849829,0
CER 2021,Evolving Policies,NB,2034,0.202572567,24,0.0731,180.7849829,0.149,256,0.312,230,0.07799,347,0.0731,180.7849829,0.0731,180.7849829,0
CER 2021,Evolving Policies,NB,2035,0.204732573,24,0.0746,180.7849829,0.15,256,0.312,230,0.07799,347,0.0746,180.7849829,0.0746,180.7849829,0
CER 2021,Evolving Policies,NB,2036,0.206892579,24,0.0762,180.7849829,0.151,256,0.312,230,0.07799,347,0.0762,180.7849829,0.0762,180.7849829,0
CER 2021,Evolving Policies,NB,2037,0.209088585,24,0.0776,180.7849829,0.153,256,0.312,230,0.07799,347,0.0776,180.7849829,0.0776,180.7849829,0
CER 2021,Evolving Policies,NB,2038,0.211248591,24,0.079,180.7849829,0.154,256,0.312,230,0.07799,347,0.079,180.7849829,0.079,180.7849829,0
CER 2021,Evolving Policies,NB,2039,0.213408598,24,0.0804,180.7849829,0.155,256,0.312,230,0.07799,347,0.0804,180.7849829,0.0804,180.7849829,0
CER 2021,Evolving Policies,NB,2040,0.215568604,24,0.0817,180.7849829,0.156,256,0.312,230,0.07799,347,0.0817,180.7849829,0.0817,180.7849829,0
CER 2021,Evolving Policies,NB,2041,0.21772861,24,0.0829,180.7849829,0.157,256,0.312,230,0.07799,347,0.0829,180.7849829,0.0829,180.7849829,0
CER 2021,Evolving Policies,NB,2042,0.219888616,24,0.084,180.7849829,0.158,256,0.312,230,0.07799,347,0.084,180.7849829,0.084,180.7849829,0
CER 2021,Evolving Policies,NB,2043,0.222048622,24,0.0851,180.7849829,0.159,256,0.312,230,0.07799,347,0.0851,180.7849829,0.0851,180.7849829,0
CER 2021,Evolving Policies,NB,2044,0.224208628,24,0.0861,180.7849829,0.161,256,0.312,230,0.07799,347,0.0861,180.7849829,0.0861,180.7849829,0
CER 2021,Evolving Policies,NB,2045,0.226368634,24,0.0871,180.7849829,0.162,256,0.312,230,0.07799,347,0.0871,180.7849829,0.0871,180.7849829,0
CER 2021,Evolving Policies,NB,2046,0.22852864,24,0.0881,180.7849829,0.163,256,0.312,230,0.07799,347,0.0881,180.7849829,0.0881,180.7849829,0
CER 2021,Evolving Policies,NB,2047,0.230724646,24,0.0889,180.7849829,0.164,256,0.312,230,0.07799,347,0.0889,180.7849829,0.0889,180.7849829,0
CER 2021,Evolving Policies,NB,2048,0.232884652,24,0.0897,180.7849829,0.164,256,0.312,230,0.07799,347,0.0897,180.7849829,0.0897,180.7849829,0
CER 2021,Evolving Policies,NB,2049,0.235044658,24,0.0904,180.7849829,0.165,256,0.312,230,0.07799,347,0.0904,180.7849829,0.0904,180.7849829,0
CER 2021,Evolving Policies,NB,2050,0.237204664,24,0.091,180.7849829,0.165,256,0.312,230,0.07799,347,0.091,180.7849829,0.091,180.7849829,0
CER 2021,Evolving Policies,QC,2022,0.102600287,5.4,0.0635,181.4334471,0.123,256,0.312,230,0.07799,347,0.0635,181.4334471,0.0635,181.4334471,0
CER 2021,Evolving Policies,QC,2023,0.102996288,5.4,0.0658,181.4334471,0.125,256,0.312,230,0.07799,347,0.0658,181.4334471,0.0658,181.4334471,0
CER 2021,Evolving Policies,QC,2024,0.103392289,5.4,0.0678,181.4334471,0.125,256,0.312,230,0.07799,347,0.0678,181.4334471,0.0678,181.4334471,0
CER 2021,Evolving Policies,QC,2025,0.103788291,5.4,0.0698,181.4334471,0.126,256,0.312,230,0.07799,347,0.0698,181.4334471,0.0698,181.4334471,0
CER 2021,Evolving Policies,QC,2026,0.104184292,5.4,0.0718,181.4334471,0.127,256,0.312,230,0.07799,347,0.0718,181.4334471,0.0718,181.4334471,0
CER 2021,Evolving Policies,QC,2027,0.104580293,5.4,0.0737,181.4334471,0.13,256,0.312,230,0.07799,347,0.0737,181.4334471,0.0737,181.4334471,0
CER 2021,Evolving Policies,QC,2028,0.104976294,5.4,0.0756,181.4334471,0.133,256,0.312,230,0.07799,347,0.0756,181.4334471,0.0756,181.4334471,0
CER 2021,Evolving Policies,QC,2029,0.105408295,5.4,0.0773,181.4334471,0.135,256,0.312,230,0.07799,347,0.0773,181.4334471,0.0773,181.4334471,0
CER 2021,Evolving Policies,QC,2030,0.105804296,5.4,0.0789,181.4334471,0.137,256,0.312,230,0.07799,347,0.0789,181.4334471,0.0789,181.4334471,0
CER 2021,Evolving Policies,QC,2031,0.106200297,2.7,0.0804,181.4334471,0.139,256,0.312,230,0.07799,347,0.0804,181.4334471,0.0804,181.4334471,0
CER 2021,Evolving Policies,QC,2032,0.106632299,2.7,0.082,181.4334471,0.141,256,0.312,230,0.07799,347,0.082,181.4334471,0.082,181.4334471,0
CER 2021,Evolving Policies,QC,2033,0.1070283,2.7,0.0834,181.4334471,0.142,256,0.312,230,0.07799,347,0.0834,181.4334471,0.0834,181.4334471,0
CER 2021,Evolving Policies,QC,2034,0.107460301,2.7,0.0849,181.4334471,0.143,256,0.312,230,0.07799,347,0.0849,181.4334471,0.0849,181.4334471,0
CER 2021,Evolving Policies,QC,2035,0.107856302,2.7,0.0862,181.4334471,0.145,256,0.312,230,0.07799,347,0.0862,181.4334471,0.0862,181.4334471,0
CER 2021,Evolving Policies,QC,2036,0.108288303,2.7,0.0875,181.4334471,0.146,256,0.312,230,0.07799,347,0.0875,181.4334471,0.0875,181.4334471,0
CER 2021,Evolving Policies,QC,2037,0.108684304,2.7,0.0887,181.4334471,0.147,256,0.312,230,0.07799,347,0.0887,181.4334471,0.0887,181.4334471,0
CER 2021,Evolving Policies,QC,2038,0.109116306,2.7,0.0899,181.4334471,0.148,256,0.312,230,0.07799,347,0.0899,181.4334471,0.0899,181.4334471,0
CER 2021,Evolving Policies,QC,2039,0.109548307,2.7,0.0911,181.4334471,0.149,256,0.312,230,0.07799,347,0.0911,181.4334471,0.0911,181.4334471,0
CER 2021,Evolving Policies,QC,2040,0.109944308,2.7,0.0922,181.4334471,0.15,256,0.312,230,0.07799,347,0.0922,181.4334471,0.0922,181.4334471,0
CER 2021,Evolving Policies,QC,2041,0.110376309,2.7,0.0932,181.4334471,0.151,256,0.312,230,0.07799,347,0.0932,181.4334471,0.0932,181.4334471,0
CER 2021,Evolving Policies,QC,2042,0.11080831,2.7,0.0942,181.4334471,0.152,256,0.312,230,0.07799,347,0.0942,181.4334471,0.0942,181.4334471,0
CER 2021,Evolving Policies,QC,2043,0.111240311,2.7,0.0951,181.4334471,0.154,256,0.312,230,0.07799,347,0.0951,181.4334471,0.0951,181.4334471,0
CER 2021,Evolving Policies,QC,2044,0.111672313,2.7,0.096,181.4334471,0.155,256,0.312,230,0.07799,347,0.096,181.4334471,0.096,181.4334471,0
CER 2021,Evolving Policies,QC,2045,0.112104314,2.7,0.0969,181.4334471,0.156,256,0.312,230,0.07799,347,0.0969,181.4334471,0.0969,181.4334471,0
CER 2021,Evolving Policies,QC,2046,0.112536315,2.7,0.0977,181.4334471,0.157,256,0.312,230,0.07799,347,0.0977,181.4334471,0.0977,181.4334471,0
CER 2021,Evolving Policies,QC,2047,0.112968316,2.7,0.0984,181.4334471,0.157,256,0.312,230,0.07799,347,0.0984,181.4334471,0.0984,181.4334471,0
CER 2021,Evolving Policies,QC,2048,0.113400318,2.7,0.099,181.4334471,0.158,256,0.312,230,0.07799,347,0.099,181.4334471,0.099,181.4334471,0
CER 2021,Evolving Policies,QC,2049,0.113832319,2.7,0.0996,181.4334471,0.158,256,0.312,230,0.07799,347,0.0996,181.4334471,0.0996,181.4334471,0
CER 2021,Evolving Policies,QC,2050,0.11430032,2.7,0.1,181.4334471,0.158,256,0.312,230,0.07799,347,0.1,181.4334471,0.1,181.4334471,0
CER 2021,Evolving Policies,ON,2022,0.252180706,26,0.0405,180.9556314,0.139,256,0.312,230,0.07799,347,0.0405,180.9556314,0.0405,180.9556314,0
CER 2021,Evolving Policies,ON,2023,0.254916714,26,0.0428,180.9556314,0.141,256,0.312,230,0.07799,347,0.0428,180.9556314,0.0428,180.9556314,0
CER 2021,Evolving Policies,ON,2024,0.257652721,26,0.045,180.9556314,0.142,256,0.312,230,0.07799,347,0.045,180.9556314,0.045,180.9556314,0
CER 2021,Evolving Policies,ON,2025,0.260352729,26,0.0471,180.9556314,0.143,256,0.312,230,0.07799,347,0.0471,180.9556314,0.0471,180.9556314,0
CER 2021,Evolving Policies,ON,2026,0.263088737,26,0.0491,180.9556314,0.144,256,0.312,230,0.07799,347,0.0491,180.9556314,0.0491,180.9556314,0
CER 2021,Evolving Policies,ON,2027,0.265824744,26,0.051,180.9556314,0.147,256,0.312,230,0.07799,347,0.051,180.9556314,0.051,180.9556314,0
CER 2021,Evolving Policies,ON,2028,0.268524752,26,0.053,180.9556314,0.15,256,0.312,230,0.07799,347,0.053,180.9556314,0.053,180.9556314,0
CER 2021,Evolving Policies,ON,2029,0.27126076,26,0.0547,180.9556314,0.152,256,0.312,230,0.07799,347,0.0547,180.9556314,0.0547,180.9556314,0
CER 2021,Evolving Policies,ON,2030,0.273996767,26,0.0564,180.9556314,0.155,256,0.312,230,0.07799,347,0.0564,180.9556314,0.0564,180.9556314,0
CER 2021,Evolving Policies,ON,2031,0.276696775,9.3,0.058,180.9556314,0.156,256,0.312,230,0.07799,347,0.058,180.9556314,0.058,180.9556314,0
CER 2021,Evolving Policies,ON,2032,0.279432782,9.3,0.0596,180.9556314,0.158,256,0.312,230,0.07799,347,0.0596,180.9556314,0.0596,180.9556314,0
CER 2021,Evolving Policies,ON,2033,0.28213279,9.3,0.0611,180.9556314,0.16,256,0.312,230,0.07799,347,0.0611,180.9556314,0.0611,180.9556314,0
CER 2021,Evolving Policies,ON,2034,0.284868798,9.3,0.0626,180.9556314,0.161,256,0.312,230,0.07799,347,0.0626,180.9556314,0.0626,180.9556314,0
CER 2021,Evolving Policies,ON,2035,0.287604805,9.3,0.064,180.9556314,0.162,256,0.312,230,0.07799,347,0.064,180.9556314,0.064,180.9556314,0
CER 2021,Evolving Policies,ON,2036,0.290304813,9.3,0.0653,180.9556314,0.164,256,0.312,230,0.07799,347,0.0653,180.9556314,0.0653,180.9556314,0
CER 2021,Evolving Policies,ON,2037,0.293040821,9.3,0.0666,180.9556314,0.165,256,0.312,230,0.07799,347,0.0666,180.9556314,0.0666,180.9556314,0
CER 2021,Evolving Policies,ON,2038,0.295776828,9.3,0.0678,180.9556314,0.166,256,0.312,230,0.07799,347,0.0678,180.9556314,0.0678,180.9556314,0
CER 2021,Evolving Policies,ON,2039,0.298476836,9.3,0.069,180.9556314,0.167,256,0.312,230,0.07799,347,0.069,180.9556314,0.069,180.9556314,0
CER 2021,Evolving Policies,ON,2040,0.301212843,9.3,0.0702,180.9556314,0.168,256,0.312,230,0.07799,347,0.0702,180.9556314,0.0702,180.9556314,0
CER 2021,Evolving Policies,ON,2041,0.303948851,9.3,0.0712,180.9556314,0.17,256,0.312,230,0.07799,347,0.0712,180.9556314,0.0712,180.9556314,0
CER 2021,Evolving Policies,ON,2042,0.306648859,9.3,0.0722,180.9556314,0.171,256,0.312,230,0.07799,347,0.0722,180.9556314,0.0722,180.9556314,0
CER 2021,Evolving Policies,ON,2043,0.309384866,9.3,0.0732,180.9556314,0.172,256,0.312,230,0.07799,347,0.0732,180.9556314,0.0732,180.9556314,0
CER 2021,Evolving Policies,ON,2044,0.312120874,9.3,0.0741,180.9556314,0.173,256,0.312,230,0.07799,347,0.0741,180.9556314,0.0741,180.9556314,0
CER 2021,Evolving Policies,ON,2045,0.314820881,9.3,0.075,180.9556314,0.174,256,0.312,230,0.07799,347,0.075,180.9556314,0.075,180.9556314,0
CER 2021,Evolving Policies,ON,2046,0.317556889,9.3,0.0759,180.9556314,0.175,256,0.312,230,0.07799,347,0.0759,180.9556314,0.0759,180.9556314,0
CER 2021,Evolving Policies,ON,2047,0.320292897,9.3,0.0766,180.9556314,0.176,256,0.312,230,0.07799,347,0.0766,180.9556314,0.0766,180.9556314,0
CER 2021,Evolving Policies,ON,2048,0.322992904,9.3,0.0773,180.9556314,0.177,256,0.312,230,0.07799,347,0.0773,180.9556314,0.0773,180.9556314,0
CER 2021,Evolving Policies,ON,2049,0.325728912,9.3,0.0779,180.9556314,0.177,256,0.312,230,0.07799,347,0.0779,180.9556314,0.0779,180.9556314,0
CER 2021,Evolving Policies,ON,2050,0.32846492,9.3,0.0783,180.9556314,0.177,256,0.312,230,0.07799,347,0.0783,180.9556314,0.0783,180.9556314,0
CER 2021,Evolving Policies,MB,2022,0.109872308,0.96,0.039,180.4095563,0.125,256,0.312,230,0.07799,347,0.039,180.4095563,0.039,180.4095563,0
CER 2021,Evolving Policies,MB,2023,0.109872308,0.96,0.0414,180.4095563,0.127,256,0.312,230,0.07799,347,0.0414,180.4095563,0.0414,180.4095563,0
CER 2021,Evolving Policies,MB,2024,0.110304309,0.96,0.0435,180.4095563,0.127,256,0.312,230,0.07799,347,0.0435,180.4095563,0.0435,180.4095563,0
CER 2021,Evolving Policies,MB,2025,0.110304309,0.96,0.0455,180.4095563,0.128,256,0.312,230,0.07799,347,0.0455,180.4095563,0.0455,180.4095563,0
CER 2021,Evolving Policies,MB,2026,0.11062831,0.96,0.0476,180.4095563,0.129,256,0.312,230,0.07799,347,0.0476,180.4095563,0.0476,180.4095563,0
CER 2021,Evolving Policies,MB,2027,0.11077231,0.96,0.0495,180.4095563,0.132,256,0.312,230,0.07799,347,0.0495,180.4095563,0.0495,180.4095563,0
CER 2021,Evolving Policies,MB,2028,0.11080831,0.96,0.0514,180.4095563,0.135,256,0.312,230,0.07799,347,0.0514,180.4095563,0.0514,180.4095563,0
CER 2021,Evolving Policies,MB,2029,0.11080831,0.96,0.0532,180.4095563,0.137,256,0.312,230,0.07799,347,0.0532,180.4095563,0.0532,180.4095563,0
CER 2021,Evolving Policies,MB,2030,0.11080831,0.96,0.0548,180.4095563,0.14,256,0.312,230,0.07799,347,0.0548,180.4095563,0.0548,180.4095563,0
CER 2021,Evolving Policies,MB,2031,0.111024311,0.66,0.0564,180.4095563,0.141,256,0.312,230,0.07799,347,0.0564,180.4095563,0.0564,180.4095563,0
CER 2021,Evolving Policies,MB,2032,0.111348312,0.66,0.058,180.4095563,0.143,256,0.312,230,0.07799,347,0.058,180.4095563,0.058,180.4095563,0
CER 2021,Evolving Policies,MB,2033,0.111636313,0.66,0.0595,180.4095563,0.145,256,0.312,230,0.07799,347,0.0595,180.4095563,0.0595,180.4095563,0
CER 2021,Evolving Policies,MB,2034,0.112140314,0.66,0.061,180.4095563,0.146,256,0.312,230,0.07799,347,0.061,180.4095563,0.061,180.4095563,0
CER 2021,Evolving Policies,MB,2035,0.112464315,0.66,0.0624,180.4095563,0.147,256,0.312,230,0.07799,347,0.0624,180.4095563,0.0624,180.4095563,0
CER 2021,Evolving Policies,MB,2036,0.113040317,0.66,0.0637,180.4095563,0.149,256,0.312,230,0.07799,347,0.0637,180.4095563,0.0637,180.4095563,0
CER 2021,Evolving Policies,MB,2037,0.113580318,0.66,0.0649,180.4095563,0.15,256,0.312,230,0.07799,347,0.0649,180.4095563,0.0649,180.4095563,0
CER 2021,Evolving Policies,MB,2038,0.11415632,0.66,0.0662,180.4095563,0.151,256,0.312,230,0.07799,347,0.0662,180.4095563,0.0662,180.4095563,0
CER 2021,Evolving Policies,MB,2039,0.115020322,0.66,0.0674,180.4095563,0.152,256,0.312,230,0.07799,347,0.0674,180.4095563,0.0674,180.4095563,0
CER 2021,Evolving Policies,MB,2040,0.115704324,0.66,0.0685,180.4095563,0.153,256,0.312,230,0.07799,347,0.0685,180.4095563,0.0685,180.4095563,0
CER 2021,Evolving Policies,MB,2041,0.116568326,0.66,0.0695,180.4095563,0.154,256,0.312,230,0.07799,347,0.0695,180.4095563,0.0695,180.4095563,0
CER 2021,Evolving Policies,MB,2042,0.117252328,0.66,0.0705,180.4095563,0.155,256,0.312,230,0.07799,347,0.0705,180.4095563,0.0705,180.4095563,0
CER 2021,Evolving Policies,MB,2043,0.11797233,0.66,0.0715,180.4095563,0.157,256,0.312,230,0.07799,347,0.0715,180.4095563,0.0715,180.4095563,0
CER 2021,Evolving Policies,MB,2044,0.118656332,0.66,0.0725,180.4095563,0.158,256,0.312,230,0.07799,347,0.0725,180.4095563,0.0725,180.4095563,0
CER 2021,Evolving Policies,MB,2045,0.119484335,0.66,0.0733,180.4095563,0.159,256,0.312,230,0.07799,347,0.0733,180.4095563,0.0733,180.4095563,0
CER 2021,Evolving Policies,MB,2046,0.120132336,0.66,0.0742,180.4095563,0.16,256,0.312,230,0.07799,347,0.0742,180.4095563,0.0742,180.4095563,0
CER 2021,Evolving Policies,MB,2047,0.120960339,0.66,0.0749,180.4095563,0.161,256,0.312,230,0.07799,347,0.0749,180.4095563,0.0749,180.4095563,0
CER 2021,Evolving Policies,MB,2048,0.121608341,0.66,0.0756,180.4095563,0.161,256,0.312,230,0.07799,347,0.0756,180.4095563,0.0756,180.4095563,0
CER 2021,Evolving Policies,MB,2049,0.122508343,0.66,0.0762,180.4095563,0.162,256,0.312,230,0.07799,347,0.0762,180.4095563,0.0762,180.4095563,0
CER 2021,Evolving Policies,MB,2050,0.123300345,0.66,0.0766,180.4095563,0.162,256,0.312,230,0.07799,347,0.0766,180.4095563,0.0766,180.4095563,0
CER 2021,Evolving Policies,SK,2022,0.199404558,84,0.0373,180.8532423,0.123,256,0.312,230,0.07799,347,0.0373,180.8532423,0.0373,180.8532423,0
CER 2021,Evolving Policies,SK,2023,0.201204563,84,0.0396,180.8532423,0.125,256,0.312,230,0.07799,347,0.0396,180.8532423,0.0396,180.8532423,0
CER 2021,Evolving Policies,SK,2024,0.203004568,84,0.0418,180.8532423,0.125,256,0.312,230,0.07799,347,0.0418,180.8532423,0.0418,180.8532423,0
CER 2021,Evolving Policies,SK,2025,0.204840574,84,0.0438,180.8532423,0.126,256,0.312,230,0.07799,347,0.0438,180.8532423,0.0438,180.8532423,0
CER 2021,Evolving Policies,SK,2026,0.206676579,84,0.0459,180.8532423,0.127,256,0.312,230,0.07799,347,0.0459,180.8532423,0.0459,180.8532423,0
CER 2021,Evolving Policies,SK,2027,0.208548584,84,0.0478,180.8532423,0.13,256,0.312,230,0.07799,347,0.0478,180.8532423,0.0478,180.8532423,0
CER 2021,Evolving Policies,SK,2028,0.210420589,84,0.0497,180.8532423,0.133,256,0.312,230,0.07799,347,0.0497,180.8532423,0.0497,180.8532423,0
CER 2021,Evolving Policies,SK,2029,0.212328595,84,0.0515,180.8532423,0.136,256,0.312,230,0.07799,347,0.0515,180.8532423,0.0515,180.8532423,0
CER 2021,Evolving Policies,SK,2030,0.2142366,84,0.0531,180.8532423,0.138,256,0.312,230,0.07799,347,0.0531,180.8532423,0.0531,180.8532423,0
CER 2021,Evolving Policies,SK,2031,0.216180605,18,0.0548,180.8532423,0.14,256,0.312,230,0.07799,347,0.0548,180.8532423,0.0548,180.8532423,0
CER 2021,Evolving Policies,SK,2032,0.218124611,18,0.0563,180.8532423,0.141,256,0.312,230,0.07799,347,0.0563,180.8532423,0.0563,180.8532423,0
CER 2021,Evolving Policies,SK,2033,0.220068616,18,0.0579,180.8532423,0.143,256,0.312,230,0.07799,347,0.0579,180.8532423,0.0579,180.8532423,0
CER 2021,Evolving Policies,SK,2034,0.222048622,18,0.0594,180.8532423,0.144,256,0.312,230,0.07799,347,0.0594,180.8532423,0.0594,180.8532423,0
CER 2021,Evolving Policies,SK,2035,0.224064627,18,0.0607,180.8532423,0.146,256,0.312,230,0.07799,347,0.0607,180.8532423,0.0607,180.8532423,0
CER 2021,Evolving Policies,SK,2036,0.226080633,18,0.0621,180.8532423,0.147,256,0.312,230,0.07799,347,0.0621,180.8532423,0.0621,180.8532423,0
CER 2021,Evolving Policies,SK,2037,0.228096639,18,0.0634,180.8532423,0.148,256,0.312,230,0.07799,347,0.0634,180.8532423,0.0634,180.8532423,0
CER 2021,Evolving Policies,SK,2038,0.230148644,18,0.0645,180.8532423,0.149,256,0.312,230,0.07799,347,0.0645,180.8532423,0.0645,180.8532423,0
CER 2021,Evolving Policies,SK,2039,0.23223665,18,0.0658,180.8532423,0.15,256,0.312,230,0.07799,347,0.0658,180.8532423,0.0658,180.8532423,0
CER 2021,Evolving Policies,SK,2040,0.234324656,18,0.0669,180.8532423,0.151,256,0.312,230,0.07799,347,0.0669,180.8532423,0.0669,180.8532423,0
CER 2021,Evolving Policies,SK,2041,0.236448662,18,0.0679,180.8532423,0.153,256,0.312,230,0.07799,347,0.0679,180.8532423,0.0679,180.8532423,0
CER 2021,Evolving Policies,SK,2042,0.238572668,18,0.0689,180.8532423,0.154,256,0.312,230,0.07799,347,0.0689,180.8532423,0.0689,180.8532423,0
CER 2021,Evolving Policies,SK,2043,0.240696674,18,0.0699,180.8532423,0.155,256,0.312,230,0.07799,347,0.0699,180.8532423,0.0699,180.8532423,0
CER 2021,Evolving Policies,SK,2044,0.24289268,18,0.0709,180.8532423,0.156,256,0.312,230,0.07799,347,0.0709,180.8532423,0.0709,180.8532423,0
CER 2021,Evolving Policies,SK,2045,0.245052686,18,0.0718,180.8532423,0.157,256,0.312,230,0.07799,347,0.0718,180.8532423,0.0718,180.8532423,0
CER 2021,Evolving Policies,SK,2046,0.247284692,18,0.0726,180.8532423,0.158,256,0.312,230,0.07799,347,0.0726,180.8532423,0.0726,180.8532423,0
CER 2021,Evolving Policies,SK,2047,0.249480699,18,0.0734,180.8532423,0.159,256,0.312,230,0.07799,347,0.0734,180.8532423,0.0734,180.8532423,0
CER 2021,Evolving Policies,SK,2048,0.251748705,18,0.074,180.8532423,0.159,256,0.312,230,0.07799,347,0.074,180.8532423,0.074,180.8532423,0
CER 2021,Evolving Policies,SK,2049,0.254016711,18,0.0746,180.8532423,0.16,256,0.312,230,0.07799,347,0.0746,180.8532423,0.0746,180.8532423,0
CER 2021,Evolving Policies,SK,2050,0.256284718,18,0.0751,180.8532423,0.16,256,0.312,230,0.07799,347,0.0751,180.8532423,0.0751,180.8532423,0
CER 2021,Evolving Policies,AB,2022,0.123228345,120,0.0254,184.8122867,0.117,256,0.312,230,0.07799,347,0.0254,184.8122867,0.0254,184.8122867,0
CER 2021,Evolving Policies,AB,2023,0.125280351,120,0.0277,184.8122867,0.119,256,0.312,230,0.07799,347,0.0277,184.8122867,0.0277,184.8122867,0
CER 2021,Evolving Policies,AB,2024,0.127296356,120,0.0298,184.8122867,0.12,256,0.312,230,0.07799,347,0.0298,184.8122867,0.0298,184.8122867,0
CER 2021,Evolving Policies,AB,2025,0.129312362,120,0.0319,184.8122867,0.121,256,0.312,230,0.07799,347,0.0319,184.8122867,0.0319,184.8122867,0
CER 2021,Evolving Policies,AB,2026,0.131328368,120,0.0339,184.8122867,0.122,256,0.312,230,0.07799,347,0.0339,184.8122867,0.0339,184.8122867,0
CER 2021,Evolving Policies,AB,2027,0.133380373,120,0.0359,184.8122867,0.126,256,0.312,230,0.07799,347,0.0359,184.8122867,0.0359,184.8122867,0
CER 2021,Evolving Policies,AB,2028,0.135396379,120,0.0378,184.8122867,0.128,256,0.312,230,0.07799,347,0.0378,184.8122867,0.0378,184.8122867,0
CER 2021,Evolving Policies,AB,2029,0.137412385,120,0.0395,184.8122867,0.131,256,0.312,230,0.07799,347,0.0395,184.8122867,0.0395,184.8122867,0
CER 2021,Evolving Policies,AB,2030,0.13942839,120,0.0412,184.8122867,0.133,256,0.312,230,0.07799,347,0.0412,184.8122867,0.0412,184.8122867,0
CER 2021,Evolving Policies,AB,2031,0.141192395,26,0.0428,184.8122867,0.135,256,0.312,230,0.07799,347,0.0428,184.8122867,0.0428,184.8122867,0
CER 2021,Evolving Policies,AB,2032,0.1429564,26,0.0444,184.8122867,0.137,256,0.312,230,0.07799,347,0.0444,184.8122867,0.0444,184.8122867,0
CER 2021,Evolving Policies,AB,2033,0.144684405,26,0.0459,184.8122867,0.138,256,0.312,230,0.07799,347,0.0459,184.8122867,0.0459,184.8122867,0
CER 2021,Evolving Policies,AB,2034,0.14644841,26,0.0473,184.8122867,0.14,256,0.312,230,0.07799,347,0.0473,184.8122867,0.0473,184.8122867,0
CER 2021,Evolving Policies,AB,2035,0.148212415,26,0.0487,184.8122867,0.141,256,0.312,230,0.07799,347,0.0487,184.8122867,0.0487,184.8122867,0
CER 2021,Evolving Policies,AB,2036,0.14994042,26,0.05,184.8122867,0.143,256,0.312,230,0.07799,347,0.05,184.8122867,0.05,184.8122867,0
CER 2021,Evolving Policies,AB,2037,0.151704425,26,0.0513,184.8122867,0.144,256,0.312,230,0.07799,347,0.0513,184.8122867,0.0513,184.8122867,0
CER 2021,Evolving Policies,AB,2038,0.15346843,26,0.0525,184.8122867,0.145,256,0.312,230,0.07799,347,0.0525,184.8122867,0.0525,184.8122867,0
CER 2021,Evolving Policies,AB,2039,0.155232435,26,0.0537,184.8122867,0.146,256,0.312,230,0.07799,347,0.0537,184.8122867,0.0537,184.8122867,0
CER 2021,Evolving Policies,AB,2040,0.156960439,26,0.0549,184.8122867,0.147,256,0.312,230,0.07799,347,0.0549,184.8122867,0.0549,184.8122867,0
CER 2021,Evolving Policies,AB,2041,0.158724444,26,0.0559,184.8122867,0.149,256,0.312,230,0.07799,347,0.0559,184.8122867,0.0559,184.8122867,0
CER 2021,Evolving Policies,AB,2042,0.160488449,26,0.0569,184.8122867,0.15,256,0.312,230,0.07799,347,0.0569,184.8122867,0.0569,184.8122867,0
CER 2021,Evolving Policies,AB,2043,0.162216454,26,0.0579,184.8122867,0.151,256,0.312,230,0.07799,347,0.0579,184.8122867,0.0579,184.8122867,0
CER 2021,Evolving Policies,AB,2044,0.163980459,26,0.0588,184.8122867,0.152,256,0.312,230,0.07799,347,0.0588,184.8122867,0.0588,184.8122867,0
CER 2021,Evolving Policies,AB,2045,0.165744464,26,0.0597,184.8122867,0.153,256,0.312,230,0.07799,347,0.0597,184.8122867,0.0597,184.8122867,0
CER 2021,Evolving Policies,AB,2046,0.167472469,26,0.0605,184.8122867,0.154,256,0.312,230,0.07799,347,0.0605,184.8122867,0.0605,184.8122867,0
CER 2021,Evolving Policies,AB,2047,0.169236474,26,0.0613,184.8122867,0.155,256,0.312,230,0.07799,347,0.0613,184.8122867,0.0613,184.8122867,0
CER 2021,Evolving Policies,AB,2048,0.171000479,26,0.062,184.8122867,0.156,256,0.312,230,0.07799,347,0.062,184.8122867,0.062,184.8122867,0
CER 2021,Evolving Policies,AB,2049,0.172728484,26,0.0625,184.8122867,0.156,256,0.312,230,0.07799,347,0.0625,184.8122867,0.0625,184.8122867,0
CER 2021,Evolving Policies,AB,2050,0.174492489,26,0.063,184.8122867,0.157,256,0.312,230,0.07799,347,0.063,184.8122867,0.063,184.8122867,0
CER 2021,Evolving Policies,BC,2022,0.124740349,0,0.0521,184.8122867,0.142,256,0.312,230,0.07799,347,0.0521,184.8122867,0.0521,184.8122867,0
CER 2021,Evolving Policies,BC,2023,0.12495635,0,0.0544,184.8122867,0.143,256,0.312,230,0.07799,347,0.0544,184.8122867,0.0544,184.8122867,0
CER 2021,Evolving Policies,BC,2024,0.12513635,0,0.0563,184.8122867,0.144,256,0.312,230,0.07799,347,0.0563,184.8122867,0.0563,184.8122867,0
CER 2021,Evolving Policies,BC,2025,0.125316351,0,0.0583,184.8122867,0.145,256,0.312,230,0.07799,347,0.0583,184.8122867,0.0583,184.8122867,0
CER 2021,Evolving Policies,BC,2026,0.125496351,0,0.0602,184.8122867,0.146,256,0.312,230,0.07799,347,0.0602,184.8122867,0.0602,184.8122867,0
CER 2021,Evolving Policies,BC,2027,0.125712352,0,0.062,184.8122867,0.149,256,0.312,230,0.07799,347,0.062,184.8122867,0.062,184.8122867,0
CER 2021,Evolving Policies,BC,2028,0.125892352,0,0.0638,184.8122867,0.152,256,0.312,230,0.07799,347,0.0638,184.8122867,0.0638,184.8122867,0
CER 2021,Evolving Policies,BC,2029,0.126108353,0,0.0654,184.8122867,0.154,256,0.312,230,0.07799,347,0.0654,184.8122867,0.0654,184.8122867,0
CER 2021,Evolving Policies,BC,2030,0.126288354,0,0.067,184.8122867,0.156,256,0.312,230,0.07799,347,0.067,184.8122867,0.067,184.8122867,0
CER 2021,Evolving Policies,BC,2031,0.126468354,0.99,0.0685,184.8122867,0.158,256,0.312,230,0.07799,347,0.0685,184.8122867,0.0685,184.8122867,0
CER 2021,Evolving Policies,BC,2032,0.126684355,0.99,0.07,184.8122867,0.16,256,0.312,230,0.07799,347,0.07,184.8122867,0.07,184.8122867,0
CER 2021,Evolving Policies,BC,2033,0.126864355,0.99,0.0714,184.8122867,0.161,256,0.312,230,0.07799,347,0.0714,184.8122867,0.0714,184.8122867,0
CER 2021,Evolving Policies,BC,2034,0.127080356,0.99,0.0728,184.8122867,0.162,256,0.312,230,0.07799,347,0.0728,184.8122867,0.0728,184.8122867,0
CER 2021,Evolving Policies,BC,2035,0.127260356,0.99,0.0741,184.8122867,0.164,256,0.312,230,0.07799,347,0.0741,184.8122867,0.0741,184.8122867,0
CER 2021,Evolving Policies,BC,2036,0.127440357,0.99,0.0753,184.8122867,0.165,256,0.312,230,0.07799,347,0.0753,184.8122867,0.0753,184.8122867,0
CER 2021,Evolving Policies,BC,2037,0.127656357,0.99,0.0765,184.8122867,0.166,256,0.312,230,0.07799,347,0.0765,184.8122867,0.0765,184.8122867,0
CER 2021,Evolving Policies,BC,2038,0.127836358,0.99,0.0777,184.8122867,0.167,256,0.312,230,0.07799,347,0.0777,184.8122867,0.0777,184.8122867,0
CER 2021,Evolving Policies,BC,2039,0.128052359,0.99,0.0788,184.8122867,0.168,256,0.312,230,0.07799,347,0.0788,184.8122867,0.0788,184.8122867,0
CER 2021,Evolving Policies,BC,2040,0.128232359,0.99,0.0799,184.8122867,0.169,256,0.312,230,0.07799,347,0.0799,184.8122867,0.0799,184.8122867,0
CER 2021,Evolving Policies,BC,2041,0.12844836,0.99,0.0809,184.8122867,0.171,256,0.312,230,0.07799,347,0.0809,184.8122867,0.0809,184.8122867,0
CER 2021,Evolving Policies,BC,2042,0.12862836,0.99,0.0818,184.8122867,0.172,256,0.312,230,0.07799,347,0.0818,184.8122867,0.0818,184.8122867,0
CER 2021,Evolving Policies,BC,2043,0.128844361,0.99,0.0827,184.8122867,0.173,256,0.312,230,0.07799,347,0.0827,184.8122867,0.0827,184.8122867,0
CER 2021,Evolving Policies,BC,2044,0.129024361,0.99,0.0836,184.8122867,0.174,256,0.312,230,0.07799,347,0.0836,184.8122867,0.0836,184.8122867,0
CER 2021,Evolving Policies,BC,2045,0.129240362,0.99,0.0845,184.8122867,0.175,256,0.312,230,0.07799,347,0.0845,184.8122867,0.0845,184.8122867,0
CER 2021,Evolving Policies,BC,2046,0.129420362,0.99,0.0852,184.8122867,0.176,256,0.312,230,0.07799,347,0.0852,184.8122867,0.0852,184.8122867,0
CER 2021,Evolving Policies,BC,2047,0.129636363,0.99,0.0859,184.8122867,0.177,256,0.312,230,0.07799,347,0.0859,184.8122867,0.0859,184.8122867,0
CER 2021,Evolving Policies,BC,2048,0.129816363,0.99,0.0865,184.8122867,0.177,256,0.312,230,0.07799,347,0.0865,184.8122867,0.0865,184.8122867,0
CER 2021,Evolving Policies,BC,2049,0.130032364,0.99,0.087,184.8122867,0.178,256,0.312,230,0.07799,347,0.087,184.8122867,0.087,184.8122867,0
CER 2021,Evolving Policies,BC,2050,0.129816363,0.99,0.0874,184.8122867,0.178,256,0.312,230,0.07799,347,0.0874,184.8122867,0.0874,184.8122867,0
CER 2021,Evolving Policies,TR,2022,0.169128474,35,0.0465,185.1877133,0.136,256,0.312,230,0.07799,347,0.0465,185.1877133,0.0465,185.1877133,0
CER 2021,Evolving Policies,TR,2023,0.170208477,35,0.0489,185.1877133,0.138,256,0.312,230,0.07799,347,0.0489,185.1877133,0.0489,185.1877133,0
CER 2021,Evolving Policies,TR,2024,0.17128848,35,0.051,185.1877133,0.139,256,0.312,230,0.07799,347,0.051,185.1877133,0.051,185.1877133,0
CER 2021,Evolving Policies,TR,2025,0.172368483,35,0.053,185.1877133,0.14,256,0.312,230,0.07799,347,0.053,185.1877133,0.053,185.1877133,0
CER 2021,Evolving Policies,TR,2026,0.173448486,35,0.0551,185.1877133,0.141,256,0.312,230,0.07799,347,0.0551,185.1877133,0.0551,185.1877133,0
CER 2021,Evolving Policies,TR,2027,0.174528489,35,0.057,185.1877133,0.145,256,0.312,230,0.07799,347,0.057,185.1877133,0.057,185.1877133,0
CER 2021,Evolving Policies,TR,2028,0.175608492,35,0.0589,185.1877133,0.147,256,0.312,230,0.07799,347,0.0589,185.1877133,0.0589,185.1877133,0
CER 2021,Evolving Policies,TR,2029,0.176724495,35,0.0607,185.1877133,0.15,256,0.312,230,0.07799,347,0.0607,185.1877133,0.0607,185.1877133,0
CER 2021,Evolving Policies,TR,2030,0.177804498,35,0.0623,185.1877133,0.152,256,0.312,230,0.07799,347,0.0623,185.1877133,0.0623,185.1877133,0
CER 2021,Evolving Policies,TR,2031,0.178884501,35,0.0639,185.1877133,0.154,256,0.312,230,0.07799,347,0.0639,185.1877133,0.0639,185.1877133,0
CER 2021,Evolving Policies,TR,2032,0.179964504,35,0.0655,185.1877133,0.156,256,0.312,230,0.07799,347,0.0655,185.1877133,0.0655,185.1877133,0
CER 2021,Evolving Policies,TR,2033,0.181044507,35,0.067,185.1877133,0.158,256,0.312,230,0.07799,347,0.067,185.1877133,0.067,185.1877133,0
CER 2021,Evolving Policies,TR,2034,0.18212451,35,0.0685,185.1877133,0.159,256,0.312,230,0.07799,347,0.0685,185.1877133,0.0685,185.1877133,0
CER 2021,Evolving Policies,TR,2035,0.183204513,35,0.0698,185.1877133,0.16,256,0.312,230,0.07799,347,0.0698,185.1877133,0.0698,185.1877133,0
CER 2021,Evolving Policies,TR,2036,0.184284516,35,0.0712,185.1877133,0.162,256,0.312,230,0.07799,347,0.0712,185.1877133,0.0712,185.1877133,0
CER 2021,Evolving Policies,TR,2037,0.185364519,35,0.0724,185.1877133,0.163,256,0.312,230,0.07799,347,0.0724,185.1877133,0.0724,185.1877133,0
CER 2021,Evolving Policies,TR,2038,0.186444522,35,0.0736,185.1877133,0.164,256,0.312,230,0.07799,347,0.0736,185.1877133,0.0736,185.1877133,0
CER 2021,Evolving Policies,TR,2039,0.187524525,35,0.0748,185.1877133,0.165,256,0.312,230,0.07799,347,0.0748,185.1877133,0.0748,185.1877133,0
CER 2021,Evolving Policies,TR,2040,0.188604528,35,0.076,185.1877133,0.167,256,0.312,230,0.07799,347,0.076,185.1877133,0.076,185.1877133,0
CER 2021,Evolving Policies,TR,2041,0.189684531,35,0.077,185.1877133,0.168,256,0.312,230,0.07799,347,0.077,185.1877133,0.077,185.1877133,0
CER 2021,Evolving Policies,TR,2042,0.190764534,35,0.078,185.1877133,0.169,256,0.312,230,0.07799,347,0.078,185.1877133,0.078,185.1877133,0
CER 2021,Evolving Policies,TR,2043,0.191844537,35,0.079,185.1877133,0.17,256,0.312,230,0.07799,347,0.079,185.1877133,0.079,185.1877133,0
CER 2021,Evolving Policies,TR,2044,0.19296054,35,0.0799,185.1877133,0.171,256,0.312,230,0.07799,347,0.0799,185.1877133,0.0799,185.1877133,0
CER 2021,Evolving Policies,TR,2045,0.194040543,35,0.0808,185.1877133,0.173,256,0.312,230,0.07799,347,0.0808,185.1877133,0.0808,185.1877133,0
CER 2021,Evolving Policies,TR,2046,0.195120546,35,0.0816,185.1877133,0.174,256,0.312,230,0.07799,347,0.0816,185.1877133,0.0816,185.1877133,0
CER 2021,Evolving Policies,TR,2047,0.196200549,35,0.0824,185.1877133,0.174,256,0.312,230,0.07799,347,0.0824,185.1877133,0.0824,185.1877133,0
CER 2021,Evolving Policies,TR,2048,0.197280552,35,0.0831,185.1877133,0.175,256,0.312,230,0.07799,347,0.0831,185.1877133,0.0831,185.1877133,0
CER 2021,Evolving Policies,TR,2049,0.198360555,35,0.0836,185.1877133,0.176,256,0.312,230,0.07799,347,0.0836,185.1877133,0.0836,185.1877133,0
CER 2021,Evolving Policies,TR,2050,0.199440558,35,0.0841,185.1877133,0.176,256,0.312,230,0.07799,347,0.0841,185.1877133,0.0841,185.1877133,0
CER 2021,Current Policies,NL,2021,0.160361011,0.033,0.0569,180.7849829,0.11,256,0.312,230,0.07799,347,0.0569,180.7849829,0.0569,180.7849829,0
CER 2021,Current Policies,NL,2022,0.160433213,0.033,0.0584,180.7849829,0.113,256,0.312,230,0.07799,347,0.0584,180.7849829,0.0584,180.7849829,0
CER 2021,Current Policies,NL,2023,0.160505415,0.033,0.0609,180.7849829,0.118,256,0.312,230,0.07799,347,0.0609,180.7849829,0.0609,180.7849829,0
CER 2021,Current Policies,NL,2024,0.160577617,0.033,0.0631,180.7849829,0.121,256,0.312,230,0.07799,347,0.0631,180.7849829,0.0631,180.7849829,0
CER 2021,Current Policies,NL,2025,0.160649819,0.033,0.0653,180.7849829,0.125,256,0.312,230,0.07799,347,0.0653,180.7849829,0.0653,180.7849829,0
CER 2021,Current Policies,NL,2026,0.16166065,0.033,0.0673,180.7849829,0.129,256,0.312,230,0.07799,347,0.0673,180.7849829,0.0673,180.7849829,0
CER 2021,Current Policies,NL,2027,0.162635379,0.033,0.0694,180.7849829,0.133,256,0.312,230,0.07799,347,0.0694,180.7849829,0.0694,180.7849829,0
CER 2021,Current Policies,NL,2028,0.163537906,0.033,0.0714,180.7849829,0.136,256,0.312,230,0.07799,347,0.0714,180.7849829,0.0714,180.7849829,0
CER 2021,Current Policies,NL,2029,0.164368231,0.033,0.0733,180.7849829,0.139,256,0.312,230,0.07799,347,0.0733,180.7849829,0.0733,180.7849829,0
CER 2021,Current Policies,NL,2030,0.165162455,0.033,0.0751,180.7849829,0.142,256,0.312,230,0.07799,347,0.0751,180.7849829,0.0751,180.7849829,0
CER 2021,Current Policies,NL,2031,0.166101083,0.051,0.0748,180.7849829,0.141,256,0.312,230,0.07799,347,0.0748,180.7849829,0.0748,180.7849829,0
CER 2021,Current Policies,NL,2032,0.167075812,0.051,0.0744,180.7849829,0.139,256,0.312,230,0.07799,347,0.0744,180.7849829,0.0744,180.7849829,0
CER 2021,Current Policies,NL,2033,0.16801444,0.051,0.0742,180.7849829,0.138,256,0.312,230,0.07799,347,0.0742,180.7849829,0.0742,180.7849829,0
CER 2021,Current Policies,NL,2034,0.16898917,0.051,0.0739,180.7849829,0.137,256,0.312,230,0.07799,347,0.0739,180.7849829,0.0739,180.7849829,0
CER 2021,Current Policies,NL,2035,0.169927798,0.051,0.0737,180.7849829,0.136,256,0.312,230,0.07799,347,0.0737,180.7849829,0.0737,180.7849829,0
CER 2021,Current Policies,NL,2036,0.170866426,0.051,0.0736,180.7849829,0.135,256,0.312,230,0.07799,347,0.0736,180.7849829,0.0736,180.7849829,0
CER 2021,Current Policies,NL,2037,0.171841155,0.051,0.0734,180.7849829,0.135,256,0.312,230,0.07799,347,0.0734,180.7849829,0.0734,180.7849829,0
CER 2021,Current Policies,NL,2038,0.172779783,0.051,0.0733,180.7849829,0.134,256,0.312,230,0.07799,347,0.0733,180.7849829,0.0733,180.7849829,0
CER 2021,Current Policies,NL,2039,0.173754513,0.051,0.0732,180.7849829,0.133,256,0.312,230,0.07799,347,0.0732,180.7849829,0.0732,180.7849829,0
CER 2021,Current Policies,NL,2040,0.174693141,0.051,0.0731,180.7849829,0.133,256,0.312,230,0.07799,347,0.0731,180.7849829,0.0731,180.7849829,0
CER 2021,Current Policies,NL,2041,0.17566787,0.051,0.073,180.7849829,0.132,256,0.312,230,0.07799,347,0.073,180.7849829,0.073,180.7849829,0
CER 2021,Current Policies,NL,2042,0.176606498,0.051,0.073,180.7849829,0.132,256,0.312,230,0.07799,347,0.073,180.7849829,0.073,180.7849829,0
CER 2021,Current Policies,NL,2043,0.177581227,0.051,0.073,180.7849829,0.131,256,0.312,230,0.07799,347,0.073,180.7849829,0.073,180.7849829,0
CER 2021,Current Policies,NL,2044,0.178519856,0.051,0.0729,180.7849829,0.131,256,0.312,230,0.07799,347,0.0729,180.7849829,0.0729,180.7849829,0
CER 2021,Current Policies,NL,2045,0.179458484,0.051,0.0729,180.7849829,0.13,256,0.312,230,0.07799,347,0.0729,180.7849829,0.0729,180.7849829,0
CER 2021,Current Policies,NL,2046,0.180433213,0.051,0.0729,180.7849829,0.13,256,0.312,230,0.07799,347,0.0729,180.7849829,0.0729,180.7849829,0
CER 2021,Current Policies,NL,2047,0.181371841,0.051,0.0729,180.7849829,0.129,256,0.312,230,0.07799,347,0.0729,180.7849829,0.0729,180.7849829,0
CER 2021,Current Policies,NL,2048,0.18234657,0.051,0.0728,180.7849829,0.129,256,0.312,230,0.07799,347,0.0728,180.7849829,0.0728,180.7849829,0
CER 2021,Current Policies,NL,2049,0.183285199,0.051,0.0727,180.7849829,0.128,256,0.312,230,0.07799,347,0.0727,180.7849829,0.0727,180.7849829,0
CER 2021,Current Policies,NL,2050,0.184259928,0.051,0.0726,180.7849829,0.128,256,0.312,230,0.07799,347,0.0726,180.7849829,0.0726,180.7849829,0
CER 2021,Current Policies,PE,2021,0.204440433,0,0.0569,180.7849829,0.105,256,0.312,230,0.07799,347,0.0569,180.7849829,0.0569,180.7849829,0
CER 2021,Current Policies,PE,2022,0.204693141,0,0.0584,180.7849829,0.108,256,0.312,230,0.07799,347,0.0584,180.7849829,0.0584,180.7849829,0
CER 2021,Current Policies,PE,2023,0.204945848,0,0.0609,180.7849829,0.113,256,0.312,230,0.07799,347,0.0609,180.7849829,0.0609,180.7849829,0
CER 2021,Current Policies,PE,2024,0.205162455,0,0.0631,180.7849829,0.116,256,0.312,230,0.07799,347,0.0631,180.7849829,0.0631,180.7849829,0
CER 2021,Current Policies,PE,2025,0.205415162,0,0.0653,180.7849829,0.12,256,0.312,230,0.07799,347,0.0653,180.7849829,0.0653,180.7849829,0
CER 2021,Current Policies,PE,2026,0.205631769,0,0.0673,180.7849829,0.124,256,0.312,230,0.07799,347,0.0673,180.7849829,0.0673,180.7849829,0
CER 2021,Current Policies,PE,2027,0.205848375,0,0.0694,180.7849829,0.128,256,0.312,230,0.07799,347,0.0694,180.7849829,0.0694,180.7849829,0
CER 2021,Current Policies,PE,2028,0.206028881,0,0.0714,180.7849829,0.131,256,0.312,230,0.07799,347,0.0714,180.7849829,0.0714,180.7849829,0
CER 2021,Current Policies,PE,2029,0.206245487,0,0.0733,180.7849829,0.134,256,0.312,230,0.07799,347,0.0733,180.7849829,0.0733,180.7849829,0
CER 2021,Current Policies,PE,2030,0.206425993,0,0.0751,180.7849829,0.137,256,0.312,230,0.07799,347,0.0751,180.7849829,0.0751,180.7849829,0
CER 2021,Current Policies,PE,2031,0.206895307,0,0.0748,180.7849829,0.135,256,0.312,230,0.07799,347,0.0748,180.7849829,0.0748,180.7849829,0
CER 2021,Current Policies,PE,2032,0.20732852,0,0.0744,180.7849829,0.134,256,0.312,230,0.07799,347,0.0744,180.7849829,0.0744,180.7849829,0
CER 2021,Current Policies,PE,2033,0.207797834,0,0.0742,180.7849829,0.133,256,0.312,230,0.07799,347,0.0742,180.7849829,0.0742,180.7849829,0
CER 2021,Current Policies,PE,2034,0.208267148,0,0.0739,180.7849829,0.132,256,0.312,230,0.07799,347,0.0739,180.7849829,0.0739,180.7849829,0
CER 2021,Current Policies,PE,2035,0.208736462,0,0.0737,180.7849829,0.131,256,0.312,230,0.07799,347,0.0737,180.7849829,0.0737,180.7849829,0
CER 2021,Current Policies,PE,2036,0.209205776,0,0.0736,180.7849829,0.13,256,0.312,230,0.07799,347,0.0736,180.7849829,0.0736,180.7849829,0
CER 2021,Current Policies,PE,2037,0.20967509,0,0.0734,180.7849829,0.13,256,0.312,230,0.07799,347,0.0734,180.7849829,0.0734,180.7849829,0
CER 2021,Current Policies,PE,2038,0.210144404,0,0.0733,180.7849829,0.129,256,0.312,230,0.07799,347,0.0733,180.7849829,0.0733,180.7849829,0
CER 2021,Current Policies,PE,2039,0.210613718,0,0.0732,180.7849829,0.128,256,0.312,230,0.07799,347,0.0732,180.7849829,0.0732,180.7849829,0
CER 2021,Current Policies,PE,2040,0.211083032,0,0.0731,180.7849829,0.128,256,0.312,230,0.07799,347,0.0731,180.7849829,0.0731,180.7849829,0
CER 2021,Current Policies,PE,2041,0.211552347,0,0.073,180.7849829,0.127,256,0.312,230,0.07799,347,0.073,180.7849829,0.073,180.7849829,0
CER 2021,Current Policies,PE,2042,0.212021661,0,0.073,180.7849829,0.127,256,0.312,230,0.07799,347,0.073,180.7849829,0.073,180.7849829,0
CER 2021,Current Policies,PE,2043,0.212490975,0,0.073,180.7849829,0.126,256,0.312,230,0.07799,347,0.073,180.7849829,0.073,180.7849829,0
CER 2021,Current Policies,PE,2044,0.212960289,0,0.0729,180.7849829,0.126,256,0.312,230,0.07799,347,0.0729,180.7849829,0.0729,180.7849829,0
CER 2021,Current Policies,PE,2045,0.213429603,0,0.0729,180.7849829,0.125,256,0.312,230,0.07799,347,0.0729,180.7849829,0.0729,180.7849829,0
CER 2021,Current Policies,PE,2046,0.213898917,0,0.0729,180.7849829,0.125,256,0.312,230,0.07799,347,0.0729,180.7849829,0.0729,180.7849829,0
CER 2021,Current Policies,PE,2047,0.214368231,0,0.0729,180.7849829,0.124,256,0.312,230,0.07799,347,0.0729,180.7849829,0.0729,180.7849829,0
CER 2021,Current Policies,PE,2048,0.214837545,0,0.0728,180.7849829,0.124,256,0.312,230,0.07799,347,0.0728,180.7849829,0.0728,180.7849829,0
CER 2021,Current Policies,PE,2049,0.215306859,0,0.0727,180.7849829,0.123,256,0.312,230,0.07799,347,0.0727,180.7849829,0.0727,180.7849829,0
CER 2021,Current Policies,PE,2050,0.215776173,0,0.0726,180.7849829,0.122,256,0.312,230,0.07799,347,0.0726,180.7849829,0.0726,180.7849829,0
CER 2021,Current Policies,NS,2021,0.180722022,240,0.094,180.7849829,0.113,256,0.312,230,0.07799,347,0.094,180.7849829,0.094,180.7849829,0
CER 2021,Current Policies,NS,2022,0.182527076,240,0.0955,180.7849829,0.116,256,0.312,230,0.07799,347,0.0955,180.7849829,0.0955,180.7849829,0
CER 2021,Current Policies,NS,2023,0.184729242,240,0.098,180.7849829,0.121,256,0.312,230,0.07799,347,0.098,180.7849829,0.098,180.7849829,0
CER 2021,Current Policies,NS,2024,0.186787004,240,0.1002,180.7849829,0.124,256,0.312,230,0.07799,347,0.1002,180.7849829,0.1002,180.7849829,0
CER 2021,Current Policies,NS,2025,0.188880866,240,0.1023,180.7849829,0.128,256,0.312,230,0.07799,347,0.1023,180.7849829,0.1023,180.7849829,0
CER 2021,Current Policies,NS,2026,0.190830325,240,0.1044,180.7849829,0.132,256,0.312,230,0.07799,347,0.1044,180.7849829,0.1044,180.7849829,0
CER 2021,Current Policies,NS,2027,0.19267148,240,0.1064,180.7849829,0.136,256,0.312,230,0.07799,347,0.1064,180.7849829,0.1064,180.7849829,0
CER 2021,Current Policies,NS,2028,0.194440433,240,0.1084,180.7849829,0.139,256,0.312,230,0.07799,347,0.1084,180.7849829,0.1084,180.7849829,0
CER 2021,Current Policies,NS,2029,0.196064982,240,0.1103,180.7849829,0.142,256,0.312,230,0.07799,347,0.1103,180.7849829,0.1103,180.7849829,0
CER 2021,Current Policies,NS,2030,0.197617329,240,0.1121,180.7849829,0.145,256,0.312,230,0.07799,347,0.1121,180.7849829,0.1121,180.7849829,0
CER 2021,Current Policies,NS,2031,0.198483755,7.6,0.1117,180.7849829,0.144,256,0.312,230,0.07799,347,0.1117,180.7849829,0.1117,180.7849829,0
CER 2021,Current Policies,NS,2032,0.199386282,7.6,0.1113,180.7849829,0.142,256,0.312,230,0.07799,347,0.1113,180.7849829,0.1113,180.7849829,0
CER 2021,Current Policies,NS,2033,0.200252708,7.6,0.111,180.7849829,0.141,256,0.312,230,0.07799,347,0.111,180.7849829,0.111,180.7849829,0
CER 2021,Current Policies,NS,2034,0.201155235,7.6,0.1108,180.7849829,0.14,256,0.312,230,0.07799,347,0.1108,180.7849829,0.1108,180.7849829,0
CER 2021,Current Policies,NS,2035,0.202057762,7.6,0.1105,180.7849829,0.139,256,0.312,230,0.07799,347,0.1105,180.7849829,0.1105,180.7849829,0
CER 2021,Current Policies,NS,2036,0.202924188,7.6,0.1104,180.7849829,0.138,256,0.312,230,0.07799,347,0.1104,180.7849829,0.1104,180.7849829,0
CER 2021,Current Policies,NS,2037,0.203826715,7.6,0.1102,180.7849829,0.138,256,0.312,230,0.07799,347,0.1102,180.7849829,0.1102,180.7849829,0
CER 2021,Current Policies,NS,2038,0.204729242,7.6,0.11,180.7849829,0.137,256,0.312,230,0.07799,347,0.11,180.7849829,0.11,180.7849829,0
CER 2021,Current Policies,NS,2039,0.205595668,7.6,0.1099,180.7849829,0.136,256,0.312,230,0.07799,347,0.1099,180.7849829,0.1099,180.7849829,0
CER 2021,Current Policies,NS,2040,0.206498195,7.6,0.1098,180.7849829,0.136,256,0.312,230,0.07799,347,0.1098,180.7849829,0.1098,180.7849829,0
CER 2021,Current Policies,NS,2041,0.207364621,7.6,0.1097,180.7849829,0.135,256,0.312,230,0.07799,347,0.1097,180.7849829,0.1097,180.7849829,0
CER 2021,Current Policies,NS,2042,0.208267148,7.6,0.1097,180.7849829,0.135,256,0.312,230,0.07799,347,0.1097,180.7849829,0.1097,180.7849829,0
CER 2021,Current Policies,NS,2043,0.209169675,7.6,0.1096,180.7849829,0.134,256,0.312,230,0.07799,347,0.1096,180.7849829,0.1096,180.7849829,0
CER 2021,Current Policies,NS,2044,0.210036101,7.6,0.1095,180.7849829,0.134,256,0.312,230,0.07799,347,0.1095,180.7849829,0.1095,180.7849829,0
CER 2021,Current Policies,NS,2045,0.210938628,7.6,0.1095,180.7849829,0.133,256,0.312,230,0.07799,347,0.1095,180.7849829,0.1095,180.7849829,0
CER 2021,Current Policies,NS,2046,0.211841155,7.6,0.1094,180.7849829,0.133,256,0.312,230,0.07799,347,0.1094,180.7849829,0.1094,180.7849829,0
CER 2021,Current Policies,NS,2047,0.212707581,7.6,0.1094,180.7849829,0.132,256,0.312,230,0.07799,347,0.1094,180.7849829,0.1094,180.7849829,0
CER 2021,Current Policies,NS,2048,0.213610108,7.6,0.1093,180.7849829,0.132,256,0.312,230,0.07799,347,0.1093,180.7849829,0.1093,180.7849829,0
CER 2021,Current Policies,NS,2049,0.214476534,7.6,0.1092,180.7849829,0.131,256,0.312,230,0.07799,347,0.1092,180.7849829,0.1092,180.7849829,0
CER 2021,Current Policies,NS,2050,0.215379061,7.6,0.1091,180.7849829,0.131,256,0.312,230,0.07799,347,0.1091,180.7849829,0.1091,180.7849829,0
CER 2021,Current Policies,NB,2021,0.174945848,87,0.0482,180.7849829,0.124,256,0.312,230,0.07799,347,0.0482,180.7849829,0.0482,180.7849829,0
CER 2021,Current Policies,NB,2022,0.177111913,87,0.0478,180.7849829,0.126,256,0.312,230,0.07799,347,0.0478,180.7849829,0.0478,180.7849829,0
CER 2021,Current Policies,NB,2023,0.179277978,87,0.0505,180.7849829,0.131,256,0.312,230,0.07799,347,0.0505,180.7849829,0.0505,180.7849829,0
CER 2021,Current Policies,NB,2024,0.18133574,87,0.0529,180.7849829,0.135,256,0.312,230,0.07799,347,0.0529,180.7849829,0.0529,180.7849829,0
CER 2021,Current Policies,NB,2025,0.183393502,87,0.0553,180.7849829,0.139,256,0.312,230,0.07799,347,0.0553,180.7849829,0.0553,180.7849829,0
CER 2021,Current Policies,NB,2026,0.18534296,87,0.0576,180.7849829,0.143,256,0.312,230,0.07799,347,0.0576,180.7849829,0.0576,180.7849829,0
CER 2021,Current Policies,NB,2027,0.187220217,87,0.06,180.7849829,0.146,256,0.312,230,0.07799,347,0.06,180.7849829,0.06,180.7849829,0
CER 2021,Current Policies,NB,2028,0.188953069,87,0.0622,180.7849829,0.15,256,0.312,230,0.07799,347,0.0622,180.7849829,0.0622,180.7849829,0
CER 2021,Current Policies,NB,2029,0.190577617,87,0.0643,180.7849829,0.153,256,0.312,230,0.07799,347,0.0643,180.7849829,0.0643,180.7849829,0
CER 2021,Current Policies,NB,2030,0.192093863,87,0.0664,180.7849829,0.156,256,0.312,230,0.07799,347,0.0664,180.7849829,0.0664,180.7849829,0
CER 2021,Current Policies,NB,2031,0.193285199,24,0.0662,180.7849829,0.154,256,0.312,230,0.07799,347,0.0662,180.7849829,0.0662,180.7849829,0
CER 2021,Current Policies,NB,2032,0.194476534,24,0.0661,180.7849829,0.153,256,0.312,230,0.07799,347,0.0661,180.7849829,0.0661,180.7849829,0
CER 2021,Current Policies,NB,2033,0.19566787,24,0.066,180.7849829,0.152,256,0.312,230,0.07799,347,0.066,180.7849829,0.066,180.7849829,0
CER 2021,Current Policies,NB,2034,0.196823105,24,0.0659,180.7849829,0.151,256,0.312,230,0.07799,347,0.0659,180.7849829,0.0659,180.7849829,0
CER 2021,Current Policies,NB,2035,0.19801444,24,0.0658,180.7849829,0.15,256,0.312,230,0.07799,347,0.0658,180.7849829,0.0658,180.7849829,0
CER 2021,Current Policies,NB,2036,0.199205776,24,0.0659,180.7849829,0.149,256,0.312,230,0.07799,347,0.0659,180.7849829,0.0659,180.7849829,0
CER 2021,Current Policies,NB,2037,0.200397112,24,0.0659,180.7849829,0.148,256,0.312,230,0.07799,347,0.0659,180.7849829,0.0659,180.7849829,0
CER 2021,Current Policies,NB,2038,0.201588448,24,0.0659,180.7849829,0.148,256,0.312,230,0.07799,347,0.0659,180.7849829,0.0659,180.7849829,0
CER 2021,Current Policies,NB,2039,0.202779783,24,0.066,180.7849829,0.147,256,0.312,230,0.07799,347,0.066,180.7849829,0.066,180.7849829,0
CER 2021,Current Policies,NB,2040,0.203971119,24,0.066,180.7849829,0.147,256,0.312,230,0.07799,347,0.066,180.7849829,0.066,180.7849829,0
CER 2021,Current Policies,NB,2041,0.205162455,24,0.0661,180.7849829,0.146,256,0.312,230,0.07799,347,0.0661,180.7849829,0.0661,180.7849829,0
CER 2021,Current Policies,NB,2042,0.206353791,24,0.0661,180.7849829,0.145,256,0.312,230,0.07799,347,0.0661,180.7849829,0.0661,180.7849829,0
CER 2021,Current Policies,NB,2043,0.207545126,24,0.0662,180.7849829,0.145,256,0.312,230,0.07799,347,0.0662,180.7849829,0.0662,180.7849829,0
CER 2021,Current Policies,NB,2044,0.208736462,24,0.0663,180.7849829,0.145,256,0.312,230,0.07799,347,0.0663,180.7849829,0.0663,180.7849829,0
CER 2021,Current Policies,NB,2045,0.209927798,24,0.0664,180.7849829,0.144,256,0.312,230,0.07799,347,0.0664,180.7849829,0.0664,180.7849829,0
CER 2021,Current Policies,NB,2046,0.211083032,24,0.0665,180.7849829,0.144,256,0.312,230,0.07799,347,0.0665,180.7849829,0.0665,180.7849829,0
CER 2021,Current Policies,NB,2047,0.212274368,24,0.0666,180.7849829,0.143,256,0.312,230,0.07799,347,0.0666,180.7849829,0.0666,180.7849829,0
CER 2021,Current Policies,NB,2048,0.213465704,24,0.0666,180.7849829,0.143,256,0.312,230,0.07799,347,0.0666,180.7849829,0.0666,180.7849829,0
CER 2021,Current Policies,NB,2049,0.21465704,24,0.0667,180.7849829,0.142,256,0.312,230,0.07799,347,0.0667,180.7849829,0.0667,180.7849829,0
CER 2021,Current Policies,NB,2050,0.215848375,24,0.0668,180.7849829,0.141,256,0.312,230,0.07799,347,0.0668,180.7849829,0.0668,180.7849829,0
CER 2021,Current Policies,QC,2021,0.102490975,5.4,0.0616,181.4334471,0.12,256,0.312,230,0.07799,347,0.0616,181.4334471,0.0616,181.4334471,0
CER 2021,Current Policies,QC,2022,0.102888087,5.4,0.0631,181.4334471,0.122,256,0.312,230,0.07799,347,0.0631,181.4334471,0.0631,181.4334471,0
CER 2021,Current Policies,QC,2023,0.103285199,5.4,0.0656,181.4334471,0.127,256,0.312,230,0.07799,347,0.0656,181.4334471,0.0656,181.4334471,0
CER 2021,Current Policies,QC,2024,0.10368231,5.4,0.0677,181.4334471,0.131,256,0.312,230,0.07799,347,0.0677,181.4334471,0.0677,181.4334471,0
CER 2021,Current Policies,QC,2025,0.104079422,5.4,0.0697,181.4334471,0.135,256,0.312,230,0.07799,347,0.0697,181.4334471,0.0697,181.4334471,0
CER 2021,Current Policies,QC,2026,0.104476534,5.4,0.0717,181.4334471,0.138,256,0.312,230,0.07799,347,0.0717,181.4334471,0.0717,181.4334471,0
CER 2021,Current Policies,QC,2027,0.104873646,5.4,0.0737,181.4334471,0.142,256,0.312,230,0.07799,347,0.0737,181.4334471,0.0737,181.4334471,0
CER 2021,Current Policies,QC,2028,0.105270758,5.4,0.0757,181.4334471,0.145,256,0.312,230,0.07799,347,0.0757,181.4334471,0.0757,181.4334471,0
CER 2021,Current Policies,QC,2029,0.105703971,5.4,0.0775,181.4334471,0.148,256,0.312,230,0.07799,347,0.0775,181.4334471,0.0775,181.4334471,0
CER 2021,Current Policies,QC,2030,0.106101083,5.4,0.0792,181.4334471,0.151,256,0.312,230,0.07799,347,0.0792,181.4334471,0.0792,181.4334471,0
CER 2021,Current Policies,QC,2031,0.106823105,2.7,0.0788,181.4334471,0.149,256,0.312,230,0.07799,347,0.0788,181.4334471,0.0788,181.4334471,0
CER 2021,Current Policies,QC,2032,0.107545126,2.7,0.0784,181.4334471,0.148,256,0.312,230,0.07799,347,0.0784,181.4334471,0.0784,181.4334471,0
CER 2021,Current Policies,QC,2033,0.108303249,2.7,0.0781,181.4334471,0.146,256,0.312,230,0.07799,347,0.0781,181.4334471,0.0781,181.4334471,0
CER 2021,Current Policies,QC,2034,0.109025271,2.7,0.0778,181.4334471,0.145,256,0.312,230,0.07799,347,0.0778,181.4334471,0.0778,181.4334471,0
CER 2021,Current Policies,QC,2035,0.109747292,2.7,0.0776,181.4334471,0.144,256,0.312,230,0.07799,347,0.0776,181.4334471,0.0776,181.4334471,0
CER 2021,Current Policies,QC,2036,0.110505415,2.7,0.0774,181.4334471,0.144,256,0.312,230,0.07799,347,0.0774,181.4334471,0.0774,181.4334471,0
CER 2021,Current Policies,QC,2037,0.111227437,2.7,0.0772,181.4334471,0.143,256,0.312,230,0.07799,347,0.0772,181.4334471,0.0772,181.4334471,0
CER 2021,Current Policies,QC,2038,0.111949458,2.7,0.077,181.4334471,0.142,256,0.312,230,0.07799,347,0.077,181.4334471,0.077,181.4334471,0
CER 2021,Current Policies,QC,2039,0.11267148,2.7,0.0769,181.4334471,0.142,256,0.312,230,0.07799,347,0.0769,181.4334471,0.0769,181.4334471,0
CER 2021,Current Policies,QC,2040,0.113429603,2.7,0.0768,181.4334471,0.141,256,0.312,230,0.07799,347,0.0768,181.4334471,0.0768,181.4334471,0
CER 2021,Current Policies,QC,2041,0.114151625,2.7,0.0766,181.4334471,0.14,256,0.312,230,0.07799,347,0.0766,181.4334471,0.0766,181.4334471,0
CER 2021,Current Policies,QC,2042,0.114873646,2.7,0.0766,181.4334471,0.14,256,0.312,230,0.07799,347,0.0766,181.4334471,0.0766,181.4334471,0
CER 2021,Current Policies,QC,2043,0.115631769,2.7,0.0765,181.4334471,0.139,256,0.312,230,0.07799,347,0.0765,181.4334471,0.0765,181.4334471,0
CER 2021,Current Policies,QC,2044,0.116353791,2.7,0.0764,181.4334471,0.139,256,0.312,230,0.07799,347,0.0764,181.4334471,0.0764,181.4334471,0
CER 2021,Current Policies,QC,2045,0.117075812,2.7,0.0764,181.4334471,0.138,256,0.312,230,0.07799,347,0.0764,181.4334471,0.0764,181.4334471,0
CER 2021,Current Policies,QC,2046,0.117797834,2.7,0.0763,181.4334471,0.138,256,0.312,230,0.07799,347,0.0763,181.4334471,0.0763,181.4334471,0
CER 2021,Current Policies,QC,2047,0.118555957,2.7,0.0762,181.4334471,0.137,256,0.312,230,0.07799,347,0.0762,181.4334471,0.0762,181.4334471,0
CER 2021,Current Policies,QC,2048,0.119277978,2.7,0.0761,181.4334471,0.137,256,0.312,230,0.07799,347,0.0761,181.4334471,0.0761,181.4334471,0
CER 2021,Current Policies,QC,2049,0.12,2.7,0.0761,181.4334471,0.136,256,0.312,230,0.07799,347,0.0761,181.4334471,0.0761,181.4334471,0
CER 2021,Current Policies,QC,2050,0.12,2.7,0.0759,181.4334471,0.135,256,0.312,230,0.07799,347,0.0759,181.4334471,0.0759,181.4334471,0
CER 2021,Current Policies,ON,2021,0.250180505,26,0.0385,180.9556314,0.136,256,0.312,230,0.07799,347,0.0385,180.9556314,0.0385,180.9556314,0
CER 2021,Current Policies,ON,2022,0.252888087,26,0.04,180.9556314,0.139,256,0.312,230,0.07799,347,0.04,180.9556314,0.04,180.9556314,0
CER 2021,Current Policies,ON,2023,0.255631769,26,0.0426,180.9556314,0.144,256,0.312,230,0.07799,347,0.0426,180.9556314,0.0426,180.9556314,0
CER 2021,Current Policies,ON,2024,0.258231047,26,0.0447,180.9556314,0.147,256,0.312,230,0.07799,347,0.0447,180.9556314,0.0447,180.9556314,0
CER 2021,Current Policies,ON,2025,0.260830325,26,0.0469,180.9556314,0.151,256,0.312,230,0.07799,347,0.0469,180.9556314,0.0469,180.9556314,0
CER 2021,Current Policies,ON,2026,0.263285199,26,0.0489,180.9556314,0.155,256,0.312,230,0.07799,347,0.0489,180.9556314,0.0489,180.9556314,0
CER 2021,Current Policies,ON,2027,0.265595668,26,0.051,180.9556314,0.159,256,0.312,230,0.07799,347,0.051,180.9556314,0.051,180.9556314,0
CER 2021,Current Policies,ON,2028,0.267797834,26,0.053,180.9556314,0.162,256,0.312,230,0.07799,347,0.053,180.9556314,0.053,180.9556314,0
CER 2021,Current Policies,ON,2029,0.269819495,26,0.0549,180.9556314,0.165,256,0.312,230,0.07799,347,0.0549,180.9556314,0.0549,180.9556314,0
CER 2021,Current Policies,ON,2030,0.271732852,26,0.0567,180.9556314,0.168,256,0.312,230,0.07799,347,0.0567,180.9556314,0.0567,180.9556314,0
CER 2021,Current Policies,ON,2031,0.273429603,9.3,0.0564,180.9556314,0.166,256,0.312,230,0.07799,347,0.0564,180.9556314,0.0564,180.9556314,0
CER 2021,Current Policies,ON,2032,0.275162455,9.3,0.056,180.9556314,0.165,256,0.312,230,0.07799,347,0.056,180.9556314,0.056,180.9556314,0
CER 2021,Current Policies,ON,2033,0.276859206,9.3,0.0557,180.9556314,0.164,256,0.312,230,0.07799,347,0.0557,180.9556314,0.0557,180.9556314,0
CER 2021,Current Policies,ON,2034,0.278555957,9.3,0.0555,180.9556314,0.163,256,0.312,230,0.07799,347,0.0555,180.9556314,0.0555,180.9556314,0
CER 2021,Current Policies,ON,2035,0.280252708,9.3,0.0553,180.9556314,0.162,256,0.312,230,0.07799,347,0.0553,180.9556314,0.0553,180.9556314,0
CER 2021,Current Policies,ON,2036,0.281949458,9.3,0.0551,180.9556314,0.161,256,0.312,230,0.07799,347,0.0551,180.9556314,0.0551,180.9556314,0
CER 2021,Current Policies,ON,2037,0.28368231,9.3,0.055,180.9556314,0.161,256,0.312,230,0.07799,347,0.055,180.9556314,0.055,180.9556314,0
CER 2021,Current Policies,ON,2038,0.285379061,9.3,0.0548,180.9556314,0.16,256,0.312,230,0.07799,347,0.0548,180.9556314,0.0548,180.9556314,0
CER 2021,Current Policies,ON,2039,0.287075812,9.3,0.0547,180.9556314,0.159,256,0.312,230,0.07799,347,0.0547,180.9556314,0.0547,180.9556314,0
CER 2021,Current Policies,ON,2040,0.288772563,9.3,0.0546,180.9556314,0.159,256,0.312,230,0.07799,347,0.0546,180.9556314,0.0546,180.9556314,0
CER 2021,Current Policies,ON,2041,0.290469314,9.3,0.0545,180.9556314,0.158,256,0.312,230,0.07799,347,0.0545,180.9556314,0.0545,180.9556314,0
CER 2021,Current Policies,ON,2042,0.292166065,9.3,0.0545,180.9556314,0.158,256,0.312,230,0.07799,347,0.0545,180.9556314,0.0545,180.9556314,0
CER 2021,Current Policies,ON,2043,0.293898917,9.3,0.0545,180.9556314,0.157,256,0.312,230,0.07799,347,0.0545,180.9556314,0.0545,180.9556314,0
CER 2021,Current Policies,ON,2044,0.295595668,9.3,0.0544,180.9556314,0.157,256,0.312,230,0.07799,347,0.0544,180.9556314,0.0544,180.9556314,0
CER 2021,Current Policies,ON,2045,0.297292419,9.3,0.0544,180.9556314,0.156,256,0.312,230,0.07799,347,0.0544,180.9556314,0.0544,180.9556314,0
CER 2021,Current Policies,ON,2046,0.29898917,9.3,0.0544,180.9556314,0.156,256,0.312,230,0.07799,347,0.0544,180.9556314,0.0544,180.9556314,0
CER 2021,Current Policies,ON,2047,0.300685921,9.3,0.0543,180.9556314,0.155,256,0.312,230,0.07799,347,0.0543,180.9556314,0.0543,180.9556314,0
CER 2021,Current Policies,ON,2048,0.302418773,9.3,0.0543,180.9556314,0.155,256,0.312,230,0.07799,347,0.0543,180.9556314,0.0543,180.9556314,0
CER 2021,Current Policies,ON,2049,0.304115523,9.3,0.0542,180.9556314,0.154,256,0.312,230,0.07799,347,0.0542,180.9556314,0.0542,180.9556314,0
CER 2021,Current Policies,ON,2050,0.305812274,9.3,0.0541,180.9556314,0.153,256,0.312,230,0.07799,347,0.0541,180.9556314,0.0541,180.9556314,0
CER 2021,Current Policies,MB,2021,0.11101083,1.8,0.0371,180.4095563,0.121,256,0.312,230,0.07799,347,0.0371,180.4095563,0.0371,180.4095563,0
CER 2021,Current Policies,MB,2022,0.11101083,1.8,0.0371,180.4095563,0.121,256,0.312,230,0.07799,347,0.0371,180.4095563,0.0371,180.4095563,0
CER 2021,Current Policies,MB,2023,0.110180505,1.8,0.0386,180.4095563,0.124,256,0.312,230,0.07799,347,0.0386,180.4095563,0.0386,180.4095563,0
CER 2021,Current Policies,MB,2024,0.110180505,1.8,0.0411,180.4095563,0.129,256,0.312,230,0.07799,347,0.0411,180.4095563,0.0411,180.4095563,0
CER 2021,Current Policies,MB,2025,0.110577617,1.8,0.0432,180.4095563,0.133,256,0.312,230,0.07799,347,0.0432,180.4095563,0.0432,180.4095563,0
CER 2021,Current Policies,MB,2026,0.110577617,1.8,0.0454,180.4095563,0.137,256,0.312,230,0.07799,347,0.0454,180.4095563,0.0454,180.4095563,0
CER 2021,Current Policies,MB,2027,0.110866426,1.8,0.0474,180.4095563,0.14,256,0.312,230,0.07799,347,0.0474,180.4095563,0.0474,180.4095563,0
CER 2021,Current Policies,MB,2028,0.11101083,1.8,0.0495,180.4095563,0.144,256,0.312,230,0.07799,347,0.0495,180.4095563,0.0495,180.4095563,0
CER 2021,Current Policies,MB,2029,0.111046931,1.8,0.0514,180.4095563,0.147,256,0.312,230,0.07799,347,0.0514,180.4095563,0.0514,180.4095563,0
CER 2021,Current Policies,MB,2030,0.111046931,1.8,0.0533,180.4095563,0.15,256,0.312,230,0.07799,347,0.0533,180.4095563,0.0533,180.4095563,0
CER 2021,Current Policies,MB,2031,0.111046931,1.7,0.0551,180.4095563,0.153,256,0.312,230,0.07799,347,0.0551,180.4095563,0.0551,180.4095563,0
CER 2021,Current Policies,MB,2032,0.111227437,1.7,0.0548,180.4095563,0.152,256,0.312,230,0.07799,347,0.0548,180.4095563,0.0548,180.4095563,0
CER 2021,Current Policies,MB,2033,0.111407942,1.7,0.0544,180.4095563,0.15,256,0.312,230,0.07799,347,0.0544,180.4095563,0.0544,180.4095563,0
CER 2021,Current Policies,MB,2034,0.111588448,1.7,0.0541,180.4095563,0.149,256,0.312,230,0.07799,347,0.0541,180.4095563,0.0541,180.4095563,0
CER 2021,Current Policies,MB,2035,0.111805054,1.7,0.0539,180.4095563,0.148,256,0.312,230,0.07799,347,0.0539,180.4095563,0.0539,180.4095563,0
CER 2021,Current Policies,MB,2036,0.112021661,1.7,0.0536,180.4095563,0.147,256,0.312,230,0.07799,347,0.0536,180.4095563,0.0536,180.4095563,0
CER 2021,Current Policies,MB,2037,0.11234657,1.7,0.0535,180.4095563,0.146,256,0.312,230,0.07799,347,0.0535,180.4095563,0.0535,180.4095563,0
CER 2021,Current Policies,MB,2038,0.112635379,1.7,0.0533,180.4095563,0.145,256,0.312,230,0.07799,347,0.0533,180.4095563,0.0533,180.4095563,0
CER 2021,Current Policies,MB,2039,0.112888087,1.7,0.0531,180.4095563,0.145,256,0.312,230,0.07799,347,0.0531,180.4095563,0.0531,180.4095563,0
CER 2021,Current Policies,MB,2040,0.113176895,1.7,0.053,180.4095563,0.144,256,0.312,230,0.07799,347,0.053,180.4095563,0.053,180.4095563,0
CER 2021,Current Policies,MB,2041,0.113393502,1.7,0.0529,180.4095563,0.143,256,0.312,230,0.07799,347,0.0529,180.4095563,0.0529,180.4095563,0
CER 2021,Current Policies,MB,2042,0.11368231,1.7,0.0528,180.4095563,0.143,256,0.312,230,0.07799,347,0.0528,180.4095563,0.0528,180.4095563,0
CER 2021,Current Policies,MB,2043,0.113935018,1.7,0.0527,180.4095563,0.142,256,0.312,230,0.07799,347,0.0527,180.4095563,0.0527,180.4095563,0
CER 2021,Current Policies,MB,2044,0.114187726,1.7,0.0527,180.4095563,0.142,256,0.312,230,0.07799,347,0.0527,180.4095563,0.0527,180.4095563,0
CER 2021,Current Policies,MB,2045,0.114404332,1.7,0.0526,180.4095563,0.141,256,0.312,230,0.07799,347,0.0526,180.4095563,0.0526,180.4095563,0
CER 2021,Current Policies,MB,2046,0.11465704,1.7,0.0526,180.4095563,0.141,256,0.312,230,0.07799,347,0.0526,180.4095563,0.0526,180.4095563,0
CER 2021,Current Policies,MB,2047,0.114873646,1.7,0.0525,180.4095563,0.14,256,0.312,230,0.07799,347,0.0525,180.4095563,0.0525,180.4095563,0
CER 2021,Current Policies,MB,2048,0.115198556,1.7,0.0525,180.4095563,0.14,256,0.312,230,0.07799,347,0.0525,180.4095563,0.0525,180.4095563,0
CER 2021,Current Policies,MB,2049,0.115415162,1.7,0.0524,180.4095563,0.139,256,0.312,230,0.07799,347,0.0524,180.4095563,0.0524,180.4095563,0
CER 2021,Current Policies,MB,2050,0.11566787,1.7,0.0523,180.4095563,0.139,256,0.312,230,0.07799,347,0.0523,180.4095563,0.0523,180.4095563,0
CER 2021,Current Policies,SK,2021,0.198194946,81,0.0353,180.8532423,0.12,256,0.312,230,0.07799,347,0.0353,180.8532423,0.0353,180.8532423,0
CER 2021,Current Policies,SK,2022,0.199963899,81,0.0369,180.8532423,0.122,256,0.312,230,0.07799,347,0.0369,180.8532423,0.0369,180.8532423,0
CER 2021,Current Policies,SK,2023,0.201768953,81,0.0394,180.8532423,0.127,256,0.312,230,0.07799,347,0.0394,180.8532423,0.0394,180.8532423,0
CER 2021,Current Policies,SK,2024,0.203501805,81,0.0415,180.8532423,0.131,256,0.312,230,0.07799,347,0.0415,180.8532423,0.0415,180.8532423,0
CER 2021,Current Policies,SK,2025,0.205234657,81,0.0436,180.8532423,0.135,256,0.312,230,0.07799,347,0.0436,180.8532423,0.0436,180.8532423,0
CER 2021,Current Policies,SK,2026,0.206895307,81,0.0457,180.8532423,0.138,256,0.312,230,0.07799,347,0.0457,180.8532423,0.0457,180.8532423,0
CER 2021,Current Policies,SK,2027,0.208483755,81,0.0478,180.8532423,0.142,256,0.312,230,0.07799,347,0.0478,180.8532423,0.0478,180.8532423,0
CER 2021,Current Policies,SK,2028,0.21,81,0.0498,180.8532423,0.145,256,0.312,230,0.07799,347,0.0498,180.8532423,0.0498,180.8532423,0
CER 2021,Current Policies,SK,2029,0.211407942,81,0.0517,180.8532423,0.148,256,0.312,230,0.07799,347,0.0517,180.8532423,0.0517,180.8532423,0
CER 2021,Current Policies,SK,2030,0.212779783,81,0.0535,180.8532423,0.151,256,0.312,230,0.07799,347,0.0535,180.8532423,0.0535,180.8532423,0
CER 2021,Current Policies,SK,2031,0.214151625,22,0.0531,180.8532423,0.149,256,0.312,230,0.07799,347,0.0531,180.8532423,0.0531,180.8532423,0
CER 2021,Current Policies,SK,2032,0.215559567,22,0.0528,180.8532423,0.148,256,0.312,230,0.07799,347,0.0528,180.8532423,0.0528,180.8532423,0
CER 2021,Current Policies,SK,2033,0.216967509,22,0.0525,180.8532423,0.147,256,0.312,230,0.07799,347,0.0525,180.8532423,0.0525,180.8532423,0
CER 2021,Current Policies,SK,2034,0.218375451,22,0.0522,180.8532423,0.146,256,0.312,230,0.07799,347,0.0522,180.8532423,0.0522,180.8532423,0
CER 2021,Current Policies,SK,2035,0.219783394,22,0.052,180.8532423,0.145,256,0.312,230,0.07799,347,0.052,180.8532423,0.052,180.8532423,0
CER 2021,Current Policies,SK,2036,0.221191336,22,0.0518,180.8532423,0.144,256,0.312,230,0.07799,347,0.0518,180.8532423,0.0518,180.8532423,0
CER 2021,Current Policies,SK,2037,0.222599278,22,0.0517,180.8532423,0.144,256,0.312,230,0.07799,347,0.0517,180.8532423,0.0517,180.8532423,0
CER 2021,Current Policies,SK,2038,0.22400722,22,0.0516,180.8532423,0.143,256,0.312,230,0.07799,347,0.0516,180.8532423,0.0516,180.8532423,0
CER 2021,Current Policies,SK,2039,0.225415162,22,0.0514,180.8532423,0.142,256,0.312,230,0.07799,347,0.0514,180.8532423,0.0514,180.8532423,0
CER 2021,Current Policies,SK,2040,0.226823105,22,0.0514,180.8532423,0.142,256,0.312,230,0.07799,347,0.0514,180.8532423,0.0514,180.8532423,0
CER 2021,Current Policies,SK,2041,0.228231047,22,0.0513,180.8532423,0.141,256,0.312,230,0.07799,347,0.0513,180.8532423,0.0513,180.8532423,0
CER 2021,Current Policies,SK,2042,0.229602888,22,0.0512,180.8532423,0.141,256,0.312,230,0.07799,347,0.0512,180.8532423,0.0512,180.8532423,0
CER 2021,Current Policies,SK,2043,0.23101083,22,0.0512,180.8532423,0.14,256,0.312,230,0.07799,347,0.0512,180.8532423,0.0512,180.8532423,0
CER 2021,Current Policies,SK,2044,0.232418773,22,0.0511,180.8532423,0.14,256,0.312,230,0.07799,347,0.0511,180.8532423,0.0511,180.8532423,0
CER 2021,Current Policies,SK,2045,0.233826715,22,0.0511,180.8532423,0.139,256,0.312,230,0.07799,347,0.0511,180.8532423,0.0511,180.8532423,0
CER 2021,Current Policies,SK,2046,0.235234657,22,0.051,180.8532423,0.139,256,0.312,230,0.07799,347,0.051,180.8532423,0.051,180.8532423,0
CER 2021,Current Policies,SK,2047,0.236642599,22,0.051,180.8532423,0.139,256,0.312,230,0.07799,347,0.051,180.8532423,0.051,180.8532423,0
CER 2021,Current Policies,SK,2048,0.238050542,22,0.051,180.8532423,0.138,256,0.312,230,0.07799,347,0.051,180.8532423,0.051,180.8532423,0
CER 2021,Current Policies,SK,2049,0.239458484,22,0.0509,180.8532423,0.137,256,0.312,230,0.07799,347,0.0509,180.8532423,0.0509,180.8532423,0
CER 2021,Current Policies,SK,2050,0.240866426,22,0.0508,180.8532423,0.137,256,0.312,230,0.07799,347,0.0508,180.8532423,0.0508,180.8532423,0
CER 2021,Current Policies,AB,2021,0.121552347,110,0.0234,184.8122867,0.114,256,0.312,230,0.07799,347,0.0234,184.8122867,0.0234,184.8122867,0
CER 2021,Current Policies,AB,2022,0.123574007,110,0.0249,184.8122867,0.117,256,0.312,230,0.07799,347,0.0249,184.8122867,0.0249,184.8122867,0
CER 2021,Current Policies,AB,2023,0.125631769,110,0.0274,184.8122867,0.122,256,0.312,230,0.07799,347,0.0274,184.8122867,0.0274,184.8122867,0
CER 2021,Current Policies,AB,2024,0.127545126,110,0.0296,184.8122867,0.125,256,0.312,230,0.07799,347,0.0296,184.8122867,0.0296,184.8122867,0
CER 2021,Current Policies,AB,2025,0.129458484,110,0.0317,184.8122867,0.129,256,0.312,230,0.07799,347,0.0317,184.8122867,0.0317,184.8122867,0
CER 2021,Current Policies,AB,2026,0.131299639,110,0.0338,184.8122867,0.133,256,0.312,230,0.07799,347,0.0338,184.8122867,0.0338,184.8122867,0
CER 2021,Current Policies,AB,2027,0.133032491,110,0.0358,184.8122867,0.136,256,0.312,230,0.07799,347,0.0358,184.8122867,0.0358,184.8122867,0
CER 2021,Current Policies,AB,2028,0.13465704,110,0.0378,184.8122867,0.14,256,0.312,230,0.07799,347,0.0378,184.8122867,0.0378,184.8122867,0
CER 2021,Current Policies,AB,2029,0.136173285,110,0.0397,184.8122867,0.143,256,0.312,230,0.07799,347,0.0397,184.8122867,0.0397,184.8122867,0
CER 2021,Current Policies,AB,2030,0.137581227,110,0.0415,184.8122867,0.146,256,0.312,230,0.07799,347,0.0415,184.8122867,0.0415,184.8122867,0
CER 2021,Current Policies,AB,2031,0.138808664,30,0.0411,184.8122867,0.144,256,0.312,230,0.07799,347,0.0411,184.8122867,0.0411,184.8122867,0
CER 2021,Current Policies,AB,2032,0.14,30,0.0408,184.8122867,0.143,256,0.312,230,0.07799,347,0.0408,184.8122867,0.0408,184.8122867,0
CER 2021,Current Policies,AB,2033,0.141227437,30,0.0404,184.8122867,0.142,256,0.312,230,0.07799,347,0.0404,184.8122867,0.0404,184.8122867,0
CER 2021,Current Policies,AB,2034,0.142418773,30,0.0402,184.8122867,0.141,256,0.312,230,0.07799,347,0.0402,184.8122867,0.0402,184.8122867,0
CER 2021,Current Policies,AB,2035,0.143646209,30,0.04,184.8122867,0.14,256,0.312,230,0.07799,347,0.04,184.8122867,0.04,184.8122867,0
CER 2021,Current Policies,AB,2036,0.144837545,30,0.0398,184.8122867,0.139,256,0.312,230,0.07799,347,0.0398,184.8122867,0.0398,184.8122867,0
CER 2021,Current Policies,AB,2037,0.146064982,30,0.0396,184.8122867,0.138,256,0.312,230,0.07799,347,0.0396,184.8122867,0.0396,184.8122867,0
CER 2021,Current Policies,AB,2038,0.147256318,30,0.0395,184.8122867,0.138,256,0.312,230,0.07799,347,0.0395,184.8122867,0.0395,184.8122867,0
CER 2021,Current Policies,AB,2039,0.148483755,30,0.0394,184.8122867,0.137,256,0.312,230,0.07799,347,0.0394,184.8122867,0.0394,184.8122867,0
CER 2021,Current Policies,AB,2040,0.14967509,30,0.0392,184.8122867,0.137,256,0.312,230,0.07799,347,0.0392,184.8122867,0.0392,184.8122867,0
CER 2021,Current Policies,AB,2041,0.150902527,30,0.0391,184.8122867,0.136,256,0.312,230,0.07799,347,0.0391,184.8122867,0.0391,184.8122867,0
CER 2021,Current Policies,AB,2042,0.152093863,30,0.0391,184.8122867,0.136,256,0.312,230,0.07799,347,0.0391,184.8122867,0.0391,184.8122867,0
CER 2021,Current Policies,AB,2043,0.1533213,30,0.039,184.8122867,0.135,256,0.312,230,0.07799,347,0.039,184.8122867,0.039,184.8122867,0
CER 2021,Current Policies,AB,2044,0.154512635,30,0.039,184.8122867,0.135,256,0.312,230,0.07799,347,0.039,184.8122867,0.039,184.8122867,0
CER 2021,Current Policies,AB,2045,0.155740072,30,0.0389,184.8122867,0.134,256,0.312,230,0.07799,347,0.0389,184.8122867,0.0389,184.8122867,0
CER 2021,Current Policies,AB,2046,0.156931408,30,0.0388,184.8122867,0.134,256,0.312,230,0.07799,347,0.0388,184.8122867,0.0388,184.8122867,0
CER 2021,Current Policies,AB,2047,0.158158845,30,0.0388,184.8122867,0.133,256,0.312,230,0.07799,347,0.0388,184.8122867,0.0388,184.8122867,0
CER 2021,Current Policies,AB,2048,0.159350181,30,0.0387,184.8122867,0.133,256,0.312,230,0.07799,347,0.0387,184.8122867,0.0387,184.8122867,0
CER 2021,Current Policies,AB,2049,0.160577617,30,0.0386,184.8122867,0.132,256,0.312,230,0.07799,347,0.0386,184.8122867,0.0386,184.8122867,0
CER 2021,Current Policies,AB,2050,0.161768953,30,0.0385,184.8122867,0.131,256,0.312,230,0.07799,347,0.0385,184.8122867,0.0385,184.8122867,0
CER 2021,Current Policies,BC,2021,0.124909747,0.33,0.0502,184.8122867,0.142,256,0.312,230,0.07799,347,0.0502,184.8122867,0.0502,184.8122867,0
CER 2021,Current Policies,BC,2022,0.125090253,0.33,0.0517,184.8122867,0.141,256,0.312,230,0.07799,347,0.0517,184.8122867,0.0517,184.8122867,0
CER 2021,Current Policies,BC,2023,0.125306859,0.33,0.0541,184.8122867,0.146,256,0.312,230,0.07799,347,0.0541,184.8122867,0.0541,184.8122867,0
CER 2021,Current Policies,BC,2024,0.125487365,0.33,0.0561,184.8122867,0.149,256,0.312,230,0.07799,347,0.0561,184.8122867,0.0561,184.8122867,0
CER 2021,Current Policies,BC,2025,0.12566787,0.33,0.0582,184.8122867,0.153,256,0.312,230,0.07799,347,0.0582,184.8122867,0.0582,184.8122867,0
CER 2021,Current Policies,BC,2026,0.125812274,0.33,0.0601,184.8122867,0.157,256,0.312,230,0.07799,347,0.0601,184.8122867,0.0601,184.8122867,0
CER 2021,Current Policies,BC,2027,0.12599278,0.33,0.062,184.8122867,0.16,256,0.312,230,0.07799,347,0.062,184.8122867,0.062,184.8122867,0
CER 2021,Current Policies,BC,2028,0.126137184,0.33,0.0639,184.8122867,0.163,256,0.312,230,0.07799,347,0.0639,184.8122867,0.0639,184.8122867,0
CER 2021,Current Policies,BC,2029,0.126281588,0.33,0.0657,184.8122867,0.166,256,0.312,230,0.07799,347,0.0657,184.8122867,0.0657,184.8122867,0
CER 2021,Current Policies,BC,2030,0.126425993,0.33,0.0674,184.8122867,0.169,256,0.312,230,0.07799,347,0.0674,184.8122867,0.0674,184.8122867,0
CER 2021,Current Policies,BC,2031,0.126498195,3.5,0.0669,184.8122867,0.167,256,0.312,230,0.07799,347,0.0669,184.8122867,0.0669,184.8122867,0
CER 2021,Current Policies,BC,2032,0.126606498,3.5,0.0665,184.8122867,0.166,256,0.312,230,0.07799,347,0.0665,184.8122867,0.0665,184.8122867,0
CER 2021,Current Policies,BC,2033,0.1266787,3.5,0.0661,184.8122867,0.164,256,0.312,230,0.07799,347,0.0661,184.8122867,0.0661,184.8122867,0
CER 2021,Current Policies,BC,2034,0.126787004,3.5,0.0657,184.8122867,0.163,256,0.312,230,0.07799,347,0.0657,184.8122867,0.0657,184.8122867,0
CER 2021,Current Policies,BC,2035,0.126859206,3.5,0.0654,184.8122867,0.162,256,0.312,230,0.07799,347,0.0654,184.8122867,0.0654,184.8122867,0
CER 2021,Current Policies,BC,2036,0.126931408,3.5,0.0652,184.8122867,0.161,256,0.312,230,0.07799,347,0.0652,184.8122867,0.0652,184.8122867,0
CER 2021,Current Policies,BC,2037,0.127039711,3.5,0.0649,184.8122867,0.161,256,0.312,230,0.07799,347,0.0649,184.8122867,0.0649,184.8122867,0
CER 2021,Current Policies,BC,2038,0.127111913,3.5,0.0647,184.8122867,0.16,256,0.312,230,0.07799,347,0.0647,184.8122867,0.0647,184.8122867,0
CER 2021,Current Policies,BC,2039,0.127184116,3.5,0.0645,184.8122867,0.159,256,0.312,230,0.07799,347,0.0645,184.8122867,0.0645,184.8122867,0
CER 2021,Current Policies,BC,2040,0.127292419,3.5,0.0643,184.8122867,0.159,256,0.312,230,0.07799,347,0.0643,184.8122867,0.0643,184.8122867,0
CER 2021,Current Policies,BC,2041,0.127364621,3.5,0.0642,184.8122867,0.158,256,0.312,230,0.07799,347,0.0642,184.8122867,0.0642,184.8122867,0
CER 2021,Current Policies,BC,2042,0.127472924,3.5,0.064,184.8122867,0.157,256,0.312,230,0.07799,347,0.064,184.8122867,0.064,184.8122867,0
CER 2021,Current Policies,BC,2043,0.127545126,3.5,0.0639,184.8122867,0.157,256,0.312,230,0.07799,347,0.0639,184.8122867,0.0639,184.8122867,0
CER 2021,Current Policies,BC,2044,0.127617329,3.5,0.0638,184.8122867,0.156,256,0.312,230,0.07799,347,0.0638,184.8122867,0.0638,184.8122867,0
CER 2021,Current Policies,BC,2045,0.127725632,3.5,0.0637,184.8122867,0.156,256,0.312,230,0.07799,347,0.0637,184.8122867,0.0637,184.8122867,0
CER 2021,Current Policies,BC,2046,0.127797834,3.5,0.0636,184.8122867,0.155,256,0.312,230,0.07799,347,0.0636,184.8122867,0.0636,184.8122867,0
CER 2021,Current Policies,BC,2047,0.127870036,3.5,0.0635,184.8122867,0.155,256,0.312,230,0.07799,347,0.0635,184.8122867,0.0635,184.8122867,0
CER 2021,Current Policies,BC,2048,0.127978339,3.5,0.0634,184.8122867,0.154,256,0.312,230,0.07799,347,0.0634,184.8122867,0.0634,184.8122867,0
CER 2021,Current Policies,BC,2049,0.128050542,3.5,0.0632,184.8122867,0.153,256,0.312,230,0.07799,347,0.0632,184.8122867,0.0632,184.8122867,0
CER 2021,Current Policies,BC,2050,0.128158845,3.5,0.0631,184.8122867,0.152,256,0.312,230,0.07799,347,0.0631,184.8122867,0.0631,184.8122867,0
CER 2021,Current Policies,TR,2021,0.168519856,35,0.0446,185.1877133,0.133,256,0.312,230,0.07799,347,0.0446,185.1877133,0.0446,185.1877133,0
CER 2021,Current Policies,TR,2022,0.169602888,35,0.0461,185.1877133,0.136,256,0.312,230,0.07799,347,0.0461,185.1877133,0.0461,185.1877133,0
CER 2021,Current Policies,TR,2023,0.170685921,35,0.0486,185.1877133,0.141,256,0.312,230,0.07799,347,0.0486,185.1877133,0.0486,185.1877133,0
CER 2021,Current Policies,TR,2024,0.171732852,35,0.0508,185.1877133,0.144,256,0.312,230,0.07799,347,0.0508,185.1877133,0.0508,185.1877133,0
CER 2021,Current Policies,TR,2025,0.172743682,35,0.0529,185.1877133,0.148,256,0.312,230,0.07799,347,0.0529,185.1877133,0.0529,185.1877133,0
CER 2021,Current Policies,TR,2026,0.173718412,35,0.0549,185.1877133,0.152,256,0.312,230,0.07799,347,0.0549,185.1877133,0.0549,185.1877133,0
CER 2021,Current Policies,TR,2027,0.17465704,35,0.057,185.1877133,0.155,256,0.312,230,0.07799,347,0.057,185.1877133,0.057,185.1877133,0
CER 2021,Current Policies,TR,2028,0.175523466,35,0.059,185.1877133,0.159,256,0.312,230,0.07799,347,0.059,185.1877133,0.059,185.1877133,0
CER 2021,Current Policies,TR,2029,0.17631769,35,0.0608,185.1877133,0.162,256,0.312,230,0.07799,347,0.0608,185.1877133,0.0608,185.1877133,0
CER 2021,Current Policies,TR,2030,0.177111913,35,0.0626,185.1877133,0.165,256,0.312,230,0.07799,347,0.0626,185.1877133,0.0626,185.1877133,0
CER 2021,Current Policies,TR,2031,0.177581227,35,0.0623,185.1877133,0.163,256,0.312,230,0.07799,347,0.0623,185.1877133,0.0623,185.1877133,0
CER 2021,Current Policies,TR,2032,0.178050542,35,0.0619,185.1877133,0.162,256,0.312,230,0.07799,347,0.0619,185.1877133,0.0619,185.1877133,0
CER 2021,Current Policies,TR,2033,0.178519856,35,0.0616,185.1877133,0.161,256,0.312,230,0.07799,347,0.0616,185.1877133,0.0616,185.1877133,0
CER 2021,Current Policies,TR,2034,0.179025271,35,0.0614,185.1877133,0.16,256,0.312,230,0.07799,347,0.0614,185.1877133,0.0614,185.1877133,0
CER 2021,Current Policies,TR,2035,0.179494585,35,0.0611,185.1877133,0.159,256,0.312,230,0.07799,347,0.0611,185.1877133,0.0611,185.1877133,0
CER 2021,Current Policies,TR,2036,0.179963899,35,0.061,185.1877133,0.158,256,0.312,230,0.07799,347,0.061,185.1877133,0.061,185.1877133,0
CER 2021,Current Policies,TR,2037,0.180433213,35,0.0608,185.1877133,0.158,256,0.312,230,0.07799,347,0.0608,185.1877133,0.0608,185.1877133,0
CER 2021,Current Policies,TR,2038,0.180938628,35,0.0606,185.1877133,0.157,256,0.312,230,0.07799,347,0.0606,185.1877133,0.0606,185.1877133,0
CER 2021,Current Policies,TR,2039,0.181407942,35,0.0605,185.1877133,0.156,256,0.312,230,0.07799,347,0.0605,185.1877133,0.0605,185.1877133,0
CER 2021,Current Policies,TR,2040,0.181877256,35,0.0604,185.1877133,0.156,256,0.312,230,0.07799,347,0.0604,185.1877133,0.0604,185.1877133,0
CER 2021,Current Policies,TR,2041,0.18234657,35,0.0603,185.1877133,0.155,256,0.312,230,0.07799,347,0.0603,185.1877133,0.0603,185.1877133,0
CER 2021,Current Policies,TR,2042,0.182851986,35,0.0603,185.1877133,0.155,256,0.312,230,0.07799,347,0.0603,185.1877133,0.0603,185.1877133,0
CER 2021,Current Policies,TR,2043,0.1833213,35,0.0602,185.1877133,0.154,256,0.312,230,0.07799,347,0.0602,185.1877133,0.0602,185.1877133,0
CER 2021,Current Policies,TR,2044,0.183790614,35,0.0601,185.1877133,0.154,256,0.312,230,0.07799,347,0.0601,185.1877133,0.0601,185.1877133,0
CER 2021,Current Policies,TR,2045,0.184259928,35,0.0601,185.1877133,0.153,256,0.312,230,0.07799,347,0.0601,185.1877133,0.0601,185.1877133,0
CER 2021,Current Policies,TR,2046,0.184765343,35,0.06,185.1877133,0.153,256,0.312,230,0.07799,347,0.06,185.1877133,0.06,185.1877133,0
CER 2021,Current Policies,TR,2047,0.185234657,35,0.06,185.1877133,0.152,256,0.312,230,0.07799,347,0.06,185.1877133,0.06,185.1877133,0
CER 2021,Current Policies,TR,2048,0.185703971,35,0.0599,185.1877133,0.152,256,0.312,230,0.07799,347,0.0599,185.1877133,0.0599,185.1877133,0
CER 2021,Current Policies,TR,2049,0.186173285,35,0.0598,185.1877133,0.151,256,0.312,230,0.07799,347,0.0598,185.1877133,0.0598,185.1877133,0
CER 2021,Current Policies,TR,2050,0.1866787,35,0.0597,185.1877133,0.15,256,0.312,230,0.07799,347,0.0597,185.1877133,0.0597,185.1877133,0
CER 2023,Canada Net Zero,NL,2021,0.198036555,15.9,0.0547,180.7849829,0.111,256,0.312,230,0.07799,347,0.0547,180.7849829,0.0547,180.7849829,0
CER 2023,Canada Net Zero,NL,2022,0.199404558,4.18,0.0728,180.7849829,0.142,256,0.312,230,0.07799,347,0.0728,180.7849829,0.0728,180.7849829,0
CER 2023,Canada Net Zero,NL,2023,0.209880588,3.9,0.0541,180.7849829,0.127,256,0.312,230,0.07799,347,0.0541,180.7849829,0.0541,180.7849829,0
CER 2023,Canada Net Zero,NL,2024,0.202392567,4.1,0.0563,180.7849829,0.12,256,0.312,230,0.07799,347,0.0563,180.7849829,0.0563,180.7849829,0
CER 2023,Canada Net Zero,NL,2025,0.205812576,3.58,0.0567,180.7849829,0.117,256,0.312,230,0.07799,347,0.0567,180.7849829,0.0567,180.7849829,0
CER 2023,Canada Net Zero,NL,2026,0.207576581,3.57,0.0565,180.7849829,0.114,256,0.312,230,0.07799,347,0.0565,180.7849829,0.0565,180.7849829,0
CER 2023,Canada Net Zero,NL,2027,0.208476584,3.57,0.0563,180.7849829,0.111,256,0.312,230,0.07799,347,0.0563,180.7849829,0.0563,180.7849829,0
CER 2023,Canada Net Zero,NL,2028,0.209016585,5.79,0.0561,180.7849829,0.108,256,0.312,230,0.07799,347,0.0561,180.7849829,0.0561,180.7849829,0
CER 2023,Canada Net Zero,NL,2029,0.209772587,3.69,0.056,180.7849829,0.106,256,0.312,230,0.07799,347,0.056,180.7849829,0.056,180.7849829,0
CER 2023,Canada Net Zero,NL,2030,0.21067259,0,0.0558,180.7849829,0.103,256,0.312,230,0.07799,347,0.0558,180.7849829,0.0558,180.7849829,0
CER 2023,Canada Net Zero,NL,2031,0.211644593,0,0.0555,180.7849829,0.103,256,0.312,230,0.07799,347,0.0555,180.7849829,0.0555,180.7849829,0
CER 2023,Canada Net Zero,NL,2032,0.213120597,0,0.0551,180.7849829,0.103,256,0.312,230,0.07799,347,0.0551,180.7849829,0.0551,180.7849829,0
CER 2023,Canada Net Zero,NL,2033,0.2143806,0.02,0.0549,180.7849829,0.103,256,0.312,230,0.07799,347,0.0549,180.7849829,0.0549,180.7849829,0
CER 2023,Canada Net Zero,NL,2034,0.215532603,0.04,0.0545,180.7849829,0.103,256,0.312,230,0.07799,347,0.0545,180.7849829,0.0545,180.7849829,0
CER 2023,Canada Net Zero,NL,2035,0.216792607,0,0.0544,180.7849829,0.103,256,0.312,230,0.07799,347,0.0544,180.7849829,0.0544,180.7849829,0
CER 2023,Canada Net Zero,NL,2036,0.21790861,0,0.054,180.7849829,0.103,256,0.312,230,0.07799,347,0.054,180.7849829,0.054,180.7849829,0
CER 2023,Canada Net Zero,NL,2037,0.218628612,0,0.0537,180.7849829,0.103,256,0.312,230,0.07799,347,0.0537,180.7849829,0.0537,180.7849829,0
CER 2023,Canada Net Zero,NL,2038,0.219528615,0,0.0535,180.7849829,0.102,256,0.312,230,0.07799,347,0.0535,180.7849829,0.0535,180.7849829,0
CER 2023,Canada Net Zero,NL,2039,0.220320617,0,0.0532,180.7849829,0.102,256,0.312,230,0.07799,347,0.0532,180.7849829,0.0532,180.7849829,0
CER 2023,Canada Net Zero,NL,2040,0.221040619,0,0.0528,180.7849829,0.102,256,0.312,230,0.07799,347,0.0528,180.7849829,0.0528,180.7849829,0
CER 2023,Canada Net Zero,NL,2041,0.221904621,0.08,0.0526,180.7849829,0.102,256,0.312,230,0.07799,347,0.0526,180.7849829,0.0526,180.7849829,0
CER 2023,Canada Net Zero,NL,2042,0.222840624,0.15,0.0522,180.7849829,0.102,256,0.312,230,0.07799,347,0.0522,180.7849829,0.0522,180.7849829,0
CER 2023,Canada Net Zero,NL,2043,0.223740626,0.25,0.0519,180.7849829,0.102,256,0.312,230,0.07799,347,0.0519,180.7849829,0.0519,180.7849829,0
CER 2023,Canada Net Zero,NL,2044,0.224496629,0.23,0.0515,180.7849829,0.101,256,0.312,230,0.07799,347,0.0515,180.7849829,0.0515,180.7849829,0
CER 2023,Canada Net Zero,NL,2045,0.225468631,0.27,0.0512,180.7849829,0.101,256,0.312,230,0.07799,347,0.0512,180.7849829,0.0512,180.7849829,0
CER 2023,Canada Net Zero,NL,2046,0.226728635,0.36,0.0508,180.7849829,0.101,256,0.312,230,0.07799,347,0.0508,180.7849829,0.0508,180.7849829,0
CER 2023,Canada Net Zero,NL,2047,0.227772638,0.28,0.0505,180.7849829,0.1,256,0.312,230,0.07799,347,0.0505,180.7849829,0.0505,180.7849829,0
CER 2023,Canada Net Zero,NL,2048,0.228996641,0.53,0.0501,180.7849829,0.1,256,0.312,230,0.07799,347,0.0501,180.7849829,0.0501,180.7849829,0
CER 2023,Canada Net Zero,NL,2049,0.230256645,0.78,0.0497,180.7849829,0.1,256,0.312,230,0.07799,347,0.0497,180.7849829,0.0497,180.7849829,0
CER 2023,Canada Net Zero,NL,2050,0.231480648,0.87,0.0493,180.7849829,0.099,256,0.312,230,0.07799,347,0.0493,180.7849829,0.0493,180.7849829,0
CER 2023,Canada Net Zero,PE,2021,0.250596702,5.99,0.0547,180.7849829,0.12,256,0.312,230,0.07799,347,0.0547,180.7849829,0.0547,180.7849829,0
CER 2023,Canada Net Zero,PE,2022,0.259668727,16.34,0.0728,180.7849829,0.152,256,0.312,230,0.07799,347,0.0728,180.7849829,0.0728,180.7849829,0
CER 2023,Canada Net Zero,PE,2023,0.251028703,17.49,0.0541,180.7849829,0.144,256,0.312,230,0.07799,347,0.0541,180.7849829,0.0541,180.7849829,0
CER 2023,Canada Net Zero,PE,2024,0.247140692,17.88,0.0563,180.7849829,0.141,256,0.312,230,0.07799,347,0.0563,180.7849829,0.0563,180.7849829,0
CER 2023,Canada Net Zero,PE,2025,0.249084697,12.31,0.0567,180.7849829,0.143,256,0.312,230,0.07799,347,0.0567,180.7849829,0.0567,180.7849829,0
CER 2023,Canada Net Zero,PE,2026,0.247356693,12.72,0.0565,180.7849829,0.144,256,0.312,230,0.07799,347,0.0565,180.7849829,0.0565,180.7849829,0
CER 2023,Canada Net Zero,PE,2027,0.248220695,13.64,0.0563,180.7849829,0.145,256,0.312,230,0.07799,347,0.0563,180.7849829,0.0563,180.7849829,0
CER 2023,Canada Net Zero,PE,2028,0.247932694,13.42,0.0561,180.7849829,0.146,256,0.312,230,0.07799,347,0.0561,180.7849829,0.0561,180.7849829,0
CER 2023,Canada Net Zero,PE,2029,0.248364695,14.06,0.056,180.7849829,0.148,256,0.312,230,0.07799,347,0.056,180.7849829,0.056,180.7849829,0
CER 2023,Canada Net Zero,PE,2030,0.249012697,14.14,0.0558,180.7849829,0.149,256,0.312,230,0.07799,347,0.0558,180.7849829,0.0558,180.7849829,0
CER 2023,Canada Net Zero,PE,2031,0.247644693,21.03,0.0555,180.7849829,0.156,256,0.312,230,0.07799,347,0.0555,180.7849829,0.0555,180.7849829,0
CER 2023,Canada Net Zero,PE,2032,0.249120698,28.5,0.0551,180.7849829,0.161,256,0.312,230,0.07799,347,0.0551,180.7849829,0.0551,180.7849829,0
CER 2023,Canada Net Zero,PE,2033,0.250596702,36.89,0.0549,180.7849829,0.167,256,0.312,230,0.07799,347,0.0549,180.7849829,0.0549,180.7849829,0
CER 2023,Canada Net Zero,PE,2034,0.252000706,50.8,0.0545,180.7849829,0.173,256,0.312,230,0.07799,347,0.0545,180.7849829,0.0545,180.7849829,0
CER 2023,Canada Net Zero,PE,2035,0.25347671,0.59,0.0544,180.7849829,0.178,256,0.312,230,0.07799,347,0.0544,180.7849829,0.0544,180.7849829,0
CER 2023,Canada Net Zero,PE,2036,0.255564716,0.02,0.054,180.7849829,0.184,256,0.312,230,0.07799,347,0.054,180.7849829,0.054,180.7849829,0
CER 2023,Canada Net Zero,PE,2037,0.256104717,0,0.0537,180.7849829,0.19,256,0.312,230,0.07799,347,0.0537,180.7849829,0.0537,180.7849829,0
CER 2023,Canada Net Zero,PE,2038,0.256680719,0.48,0.0535,180.7849829,0.195,256,0.312,230,0.07799,347,0.0535,180.7849829,0.0535,180.7849829,0
CER 2023,Canada Net Zero,PE,2039,0.25704072,0.41,0.0532,180.7849829,0.201,256,0.312,230,0.07799,347,0.0532,180.7849829,0.0532,180.7849829,0
CER 2023,Canada Net Zero,PE,2040,0.25707672,0.39,0.0528,180.7849829,0.206,256,0.312,230,0.07799,347,0.0528,180.7849829,0.0528,180.7849829,0
CER 2023,Canada Net Zero,PE,2041,0.254376712,0,0.0526,180.7849829,0.211,256,0.312,230,0.07799,347,0.0526,180.7849829,0.0526,180.7849829,0
CER 2023,Canada Net Zero,PE,2042,0.249660699,0,0.0522,180.7849829,0.219,256,0.312,230,0.07799,347,0.0522,180.7849829,0.0522,180.7849829,0
CER 2023,Canada Net Zero,PE,2043,0.244764685,0,0.0519,180.7849829,0.226,256,0.312,230,0.07799,347,0.0519,180.7849829,0.0519,180.7849829,0
CER 2023,Canada Net Zero,PE,2044,0.239652671,0,0.0515,180.7849829,0.233,256,0.312,230,0.07799,347,0.0515,180.7849829,0.0515,180.7849829,0
CER 2023,Canada Net Zero,PE,2045,0.234900658,0,0.0512,180.7849829,0.24,256,0.312,230,0.07799,347,0.0512,180.7849829,0.0512,180.7849829,0
CER 2023,Canada Net Zero,PE,2046,0.230508645,0,0.0508,180.7849829,0.247,256,0.312,230,0.07799,347,0.0508,180.7849829,0.0508,180.7849829,0
CER 2023,Canada Net Zero,PE,2047,0.227088636,0,0.0505,180.7849829,0.254,256,0.312,230,0.07799,347,0.0505,180.7849829,0.0505,180.7849829,0
CER 2023,Canada Net Zero,PE,2048,0.223776627,0.02,0.0501,180.7849829,0.26,256,0.312,230,0.07799,347,0.0501,180.7849829,0.0501,180.7849829,0
CER 2023,Canada Net Zero,PE,2049,0.220464617,0.59,0.0497,180.7849829,0.267,256,0.312,230,0.07799,347,0.0497,180.7849829,0.0497,180.7849829,0
CER 2023,Canada Net Zero,PE,2050,0.217296608,0.03,0.0493,180.7849829,0.273,256,0.312,230,0.07799,347,0.0493,180.7849829,0.0493,180.7849829,0
CER 2023,Canada Net Zero,NS,2021,0.219240614,641.37,0.1017,180.7849829,0.132,256,0.312,230,0.07799,347,0.1017,180.7849829,0.1017,180.7849829,0
CER 2023,Canada Net Zero,NS,2022,0.220788618,523.28,0.1212,180.7849829,0.164,256,0.312,230,0.07799,347,0.1212,180.7849829,0.1212,180.7849829,0
CER 2023,Canada Net Zero,NS,2023,0.232524651,544.7,0.1071,180.7849829,0.155,256,0.312,230,0.07799,347,0.1071,180.7849829,0.1071,180.7849829,0
CER 2023,Canada Net Zero,NS,2024,0.224388628,519.76,0.1116,180.7849829,0.152,256,0.312,230,0.07799,347,0.1116,180.7849829,0.1116,180.7849829,0
CER 2023,Canada Net Zero,NS,2025,0.227052636,503.22,0.115,180.7849829,0.154,256,0.312,230,0.07799,347,0.115,180.7849829,0.115,180.7849829,0
CER 2023,Canada Net Zero,NS,2026,0.228816641,398,0.1176,180.7849829,0.155,256,0.312,230,0.07799,347,0.1176,180.7849829,0.1176,180.7849829,0
CER 2023,Canada Net Zero,NS,2027,0.22856464,330.47,0.12,180.7849829,0.157,256,0.312,230,0.07799,347,0.12,180.7849829,0.12,180.7849829,0
CER 2023,Canada Net Zero,NS,2028,0.228060639,232.54,0.1221,180.7849829,0.158,256,0.312,230,0.07799,347,0.1221,180.7849829,0.1221,180.7849829,0
CER 2023,Canada Net Zero,NS,2029,0.227664637,150.64,0.1245,180.7849829,0.159,256,0.312,230,0.07799,347,0.1245,180.7849829,0.1245,180.7849829,0
CER 2023,Canada Net Zero,NS,2030,0.227628637,28.64,0.1266,180.7849829,0.16,256,0.312,230,0.07799,347,0.1266,180.7849829,0.1266,180.7849829,0
CER 2023,Canada Net Zero,NS,2031,0.227556637,10.35,0.1307,180.7849829,0.167,256,0.312,230,0.07799,347,0.1307,180.7849829,0.1307,180.7849829,0
CER 2023,Canada Net Zero,NS,2032,0.227484637,6.09,0.1338,180.7849829,0.172,256,0.312,230,0.07799,347,0.1338,180.7849829,0.1338,180.7849829,0
CER 2023,Canada Net Zero,NS,2033,0.226296634,2.71,0.1374,180.7849829,0.178,256,0.312,230,0.07799,347,0.1374,180.7849829,0.1374,180.7849829,0
CER 2023,Canada Net Zero,NS,2034,0.22492863,1.46,0.1409,180.7849829,0.184,256,0.312,230,0.07799,347,0.1409,180.7849829,0.1409,180.7849829,0
CER 2023,Canada Net Zero,NS,2035,0.223920627,0.79,0.1444,180.7849829,0.19,256,0.312,230,0.07799,347,0.1444,180.7849829,0.1444,180.7849829,0
CER 2023,Canada Net Zero,NS,2036,0.224172628,0.68,0.1479,180.7849829,0.196,256,0.312,230,0.07799,347,0.1479,180.7849829,0.1479,180.7849829,0
CER 2023,Canada Net Zero,NS,2037,0.223956627,0.74,0.1511,180.7849829,0.201,256,0.312,230,0.07799,347,0.1511,180.7849829,0.1511,180.7849829,0
CER 2023,Canada Net Zero,NS,2038,0.223920627,0.78,0.1543,180.7849829,0.207,256,0.312,230,0.07799,347,0.1543,180.7849829,0.1543,180.7849829,0
CER 2023,Canada Net Zero,NS,2039,0.223956627,0.81,0.1575,180.7849829,0.212,256,0.312,230,0.07799,347,0.1575,180.7849829,0.1575,180.7849829,0
CER 2023,Canada Net Zero,NS,2040,0.224028627,0.83,0.1603,180.7849829,0.217,256,0.312,230,0.07799,347,0.1603,180.7849829,0.1603,180.7849829,0
CER 2023,Canada Net Zero,NS,2041,0.224064627,1.27,0.1631,180.7849829,0.222,256,0.312,230,0.07799,347,0.1631,180.7849829,0.1631,180.7849829,0
CER 2023,Canada Net Zero,NS,2042,0.225360631,2.09,0.1674,180.7849829,0.23,256,0.312,230,0.07799,347,0.1674,180.7849829,0.1674,180.7849829,0
CER 2023,Canada Net Zero,NS,2043,0.225900633,2.2,0.1713,180.7849829,0.237,256,0.312,230,0.07799,347,0.1713,180.7849829,0.1713,180.7849829,0
CER 2023,Canada Net Zero,NS,2044,0.226512634,2.07,0.1752,180.7849829,0.244,256,0.312,230,0.07799,347,0.1752,180.7849829,0.1752,180.7849829,0
CER 2023,Canada Net Zero,NS,2045,0.227664637,2.09,0.1792,180.7849829,0.251,256,0.312,230,0.07799,347,0.1792,180.7849829,0.1792,180.7849829,0
CER 2023,Canada Net Zero,NS,2046,0.22842064,2.37,0.183,180.7849829,0.258,256,0.312,230,0.07799,347,0.183,180.7849829,0.183,180.7849829,0
CER 2023,Canada Net Zero,NS,2047,0.229068641,2.8,0.1865,180.7849829,0.265,256,0.312,230,0.07799,347,0.1865,180.7849829,0.1865,180.7849829,0
CER 2023,Canada Net Zero,NS,2048,0.229644643,3.23,0.1898,180.7849829,0.271,256,0.312,230,0.07799,347,0.1898,180.7849829,0.1898,180.7849829,0
CER 2023,Canada Net Zero,NS,2049,0.230292645,3.47,0.1932,180.7849829,0.278,256,0.312,230,0.07799,347,0.1932,180.7849829,0.1932,180.7849829,0
CER 2023,Canada Net Zero,NS,2050,0.231048647,0.78,0.195,180.7849829,0.284,256,0.312,230,0.07799,347,0.195,180.7849829,0.195,180.7849829,0
CER 2023,Canada Net Zero,NB,2021,0.191268536,197.22,0.0683,180.7849829,0.139,256,0.312,230,0.07799,347,0.0683,180.7849829,0.0683,180.7849829,0
CER 2023,Canada Net Zero,NB,2022,0.19630855,206.1,0.0887,180.7849829,0.174,256,0.312,230,0.07799,347,0.0887,180.7849829,0.0887,180.7849829,0
CER 2023,Canada Net Zero,NB,2023,0.194724545,205.89,0.0737,180.7849829,0.164,256,0.312,230,0.07799,347,0.0737,180.7849829,0.0737,180.7849829,0
CER 2023,Canada Net Zero,NB,2024,0.193716542,191.69,0.0784,180.7849829,0.161,256,0.312,230,0.07799,347,0.0784,180.7849829,0.0784,180.7849829,0
CER 2023,Canada Net Zero,NB,2025,0.19627255,178.15,0.0817,180.7849829,0.162,256,0.312,230,0.07799,347,0.0817,180.7849829,0.0817,180.7849829,0
CER 2023,Canada Net Zero,NB,2026,0.197568553,179.97,0.0842,180.7849829,0.163,256,0.312,230,0.07799,347,0.0842,180.7849829,0.0842,180.7849829,0
CER 2023,Canada Net Zero,NB,2027,0.199260558,180.88,0.0867,180.7849829,0.164,256,0.312,230,0.07799,347,0.0867,180.7849829,0.0867,180.7849829,0
CER 2023,Canada Net Zero,NB,2028,0.19998056,124.3,0.089,180.7849829,0.165,256,0.312,230,0.07799,347,0.089,180.7849829,0.089,180.7849829,0
CER 2023,Canada Net Zero,NB,2029,0.200304561,115.49,0.0914,180.7849829,0.167,256,0.312,230,0.07799,347,0.0914,180.7849829,0.0914,180.7849829,0
CER 2023,Canada Net Zero,NB,2030,0.200628562,8.51,0.0936,180.7849829,0.167,256,0.312,230,0.07799,347,0.0936,180.7849829,0.0936,180.7849829,0
CER 2023,Canada Net Zero,NB,2031,0.200988563,4.01,0.0977,180.7849829,0.174,256,0.312,230,0.07799,347,0.0977,180.7849829,0.0977,180.7849829,0
CER 2023,Canada Net Zero,NB,2032,0.199620559,3.05,0.1008,180.7849829,0.179,256,0.312,230,0.07799,347,0.1008,180.7849829,0.1008,180.7849829,0
CER 2023,Canada Net Zero,NB,2033,0.198144555,2.98,0.1045,180.7849829,0.185,256,0.312,230,0.07799,347,0.1045,180.7849829,0.1045,180.7849829,0
CER 2023,Canada Net Zero,NB,2034,0.196668551,1.49,0.1079,180.7849829,0.191,256,0.312,230,0.07799,347,0.1079,180.7849829,0.1079,180.7849829,0
CER 2023,Canada Net Zero,NB,2035,0.195300547,0.02,0.1113,180.7849829,0.197,256,0.312,230,0.07799,347,0.1113,180.7849829,0.1113,180.7849829,0
CER 2023,Canada Net Zero,NB,2036,0.193932543,0.01,0.1149,180.7849829,0.203,256,0.312,230,0.07799,347,0.1149,180.7849829,0.1149,180.7849829,0
CER 2023,Canada Net Zero,NB,2037,0.190584534,0,0.1182,180.7849829,0.208,256,0.312,230,0.07799,347,0.1182,180.7849829,0.1182,180.7849829,0
CER 2023,Canada Net Zero,NB,2038,0.187488525,0,0.1214,180.7849829,0.214,256,0.312,230,0.07799,347,0.1214,180.7849829,0.1214,180.7849829,0
CER 2023,Canada Net Zero,NB,2039,0.184572517,0,0.1246,180.7849829,0.219,256,0.312,230,0.07799,347,0.1246,180.7849829,0.1246,180.7849829,0
CER 2023,Canada Net Zero,NB,2040,0.181548508,0,0.1274,180.7849829,0.224,256,0.312,230,0.07799,347,0.1274,180.7849829,0.1274,180.7849829,0
CER 2023,Canada Net Zero,NB,2041,0.178884501,0,0.1302,180.7849829,0.229,256,0.312,230,0.07799,347,0.1302,180.7849829,0.1302,180.7849829,0
CER 2023,Canada Net Zero,NB,2042,0.180576506,2.79,0.1345,180.7849829,0.237,256,0.312,230,0.07799,347,0.1345,180.7849829,0.1345,180.7849829,0
CER 2023,Canada Net Zero,NB,2043,0.181836509,3.35,0.1383,180.7849829,0.244,256,0.312,230,0.07799,347,0.1383,180.7849829,0.1383,180.7849829,0
CER 2023,Canada Net Zero,NB,2044,0.182952512,0,0.1423,180.7849829,0.251,256,0.312,230,0.07799,347,0.1423,180.7849829,0.1423,180.7849829,0
CER 2023,Canada Net Zero,NB,2045,0.183276513,0.14,0.1463,180.7849829,0.258,256,0.312,230,0.07799,347,0.1463,180.7849829,0.1463,180.7849829,0
CER 2023,Canada Net Zero,NB,2046,0.183456514,0.41,0.15,180.7849829,0.265,256,0.312,230,0.07799,347,0.15,180.7849829,0.15,180.7849829,0
CER 2023,Canada Net Zero,NB,2047,0.185220519,1,0.1536,180.7849829,0.272,256,0.312,230,0.07799,347,0.1536,180.7849829,0.1536,180.7849829,0
CER 2023,Canada Net Zero,NB,2048,0.187128524,1.48,0.1569,180.7849829,0.278,256,0.312,230,0.07799,347,0.1569,180.7849829,0.1569,180.7849829,0
CER 2023,Canada Net Zero,NB,2049,0.189036529,2.96,0.1603,180.7849829,0.284,256,0.312,230,0.07799,347,0.1603,180.7849829,0.1603,180.7849829,0
CER 2023,Canada Net Zero,NB,2050,0.190980535,2.34,0.1633,180.7849829,0.291,256,0.312,230,0.07799,347,0.1633,180.7849829,0.1633,180.7849829,0
CER 2023,Canada Net Zero,QC,2021,0.106524298,2.34,0.0547,181.4334471,0.127,256,0.312,230,0.07799,347,0.0547,181.4334471,0.0547,181.4334471,0
CER 2023,Canada Net Zero,QC,2022,0.111492312,2.87,0.0739,181.4334471,0.161,256,0.312,230,0.07799,347,0.0739,181.4334471,0.0739,181.4334471,0
CER 2023,Canada Net Zero,QC,2023,0.109944308,2.85,0.0595,181.4334471,0.152,256,0.312,230,0.07799,347,0.0595,181.4334471,0.0595,181.4334471,0
CER 2023,Canada Net Zero,QC,2024,0.109584307,3.26,0.0656,181.4334471,0.15,256,0.312,230,0.07799,347,0.0656,181.4334471,0.0656,181.4334471,0
CER 2023,Canada Net Zero,QC,2025,0.110376309,1.91,0.0718,181.4334471,0.157,256,0.312,230,0.07799,347,0.0718,181.4334471,0.0718,181.4334471,0
CER 2023,Canada Net Zero,QC,2026,0.111852313,1.07,0.0738,181.4334471,0.158,256,0.312,230,0.07799,347,0.0738,181.4334471,0.0738,181.4334471,0
CER 2023,Canada Net Zero,QC,2027,0.112644315,1.04,0.0762,181.4334471,0.159,256,0.312,230,0.07799,347,0.0762,181.4334471,0.0762,181.4334471,0
CER 2023,Canada Net Zero,QC,2028,0.113256317,2.75,0.0782,181.4334471,0.159,256,0.312,230,0.07799,347,0.0782,181.4334471,0.0782,181.4334471,0
CER 2023,Canada Net Zero,QC,2029,0.113688318,1.85,0.0806,181.4334471,0.161,256,0.312,230,0.07799,347,0.0806,181.4334471,0.0806,181.4334471,0
CER 2023,Canada Net Zero,QC,2030,0.113652318,1.18,0.0826,181.4334471,0.161,256,0.312,230,0.07799,347,0.0826,181.4334471,0.0826,181.4334471,0
CER 2023,Canada Net Zero,QC,2031,0.113760319,1.23,0.0867,181.4334471,0.167,256,0.312,230,0.07799,347,0.0867,181.4334471,0.0867,181.4334471,0
CER 2023,Canada Net Zero,QC,2032,0.115704324,1.22,0.0897,181.4334471,0.173,256,0.312,230,0.07799,347,0.0897,181.4334471,0.0897,181.4334471,0
CER 2023,Canada Net Zero,QC,2033,0.116532326,1.21,0.0933,181.4334471,0.178,256,0.312,230,0.07799,347,0.0933,181.4334471,0.0933,181.4334471,0
CER 2023,Canada Net Zero,QC,2034,0.117360329,1.19,0.0966,181.4334471,0.184,256,0.312,230,0.07799,347,0.0966,181.4334471,0.0966,181.4334471,0
CER 2023,Canada Net Zero,QC,2035,0.118260331,0.91,0.1,181.4334471,0.19,256,0.312,230,0.07799,347,0.1,181.4334471,0.1,181.4334471,0
CER 2023,Canada Net Zero,QC,2036,0.119016333,0.9,0.1034,181.4334471,0.196,256,0.312,230,0.07799,347,0.1034,181.4334471,0.1034,181.4334471,0
CER 2023,Canada Net Zero,QC,2037,0.119664335,0.88,0.1066,181.4334471,0.201,256,0.312,230,0.07799,347,0.1066,181.4334471,0.1066,181.4334471,0
CER 2023,Canada Net Zero,QC,2038,0.120060336,0.87,0.1098,181.4334471,0.207,256,0.312,230,0.07799,347,0.1098,181.4334471,0.1098,181.4334471,0
CER 2023,Canada Net Zero,QC,2039,0.120564338,0.86,0.1122,181.4334471,0.213,256,0.312,230,0.07799,347,0.1122,181.4334471,0.1122,181.4334471,0
CER 2023,Canada Net Zero,QC,2040,0.121176339,0.84,0.1149,181.4334471,0.217,256,0.312,230,0.07799,347,0.1149,181.4334471,0.1149,181.4334471,0
CER 2023,Canada Net Zero,QC,2041,0.122220342,0.84,0.1168,181.4334471,0.222,256,0.312,230,0.07799,347,0.1168,181.4334471,0.1168,181.4334471,0
CER 2023,Canada Net Zero,QC,2042,0.122940344,0.83,0.1211,181.4334471,0.23,256,0.312,230,0.07799,347,0.1211,181.4334471,0.1211,181.4334471,0
CER 2023,Canada Net Zero,QC,2043,0.123444346,0.83,0.1239,181.4334471,0.237,256,0.312,230,0.07799,347,0.1239,181.4334471,0.1239,181.4334471,0
CER 2023,Canada Net Zero,QC,2044,0.124776349,0.83,0.1266,181.4334471,0.244,256,0.312,230,0.07799,347,0.1266,181.4334471,0.1266,181.4334471,0
CER 2023,Canada Net Zero,QC,2045,0.125676352,0.83,0.1303,181.4334471,0.251,256,0.312,230,0.07799,347,0.1303,181.4334471,0.1303,181.4334471,0
CER 2023,Canada Net Zero,QC,2046,0.126828355,0.83,0.1327,181.4334471,0.258,256,0.312,230,0.07799,347,0.1327,181.4334471,0.1327,181.4334471,0
CER 2023,Canada Net Zero,QC,2047,0.127044356,0.83,0.1348,181.4334471,0.265,256,0.312,230,0.07799,347,0.1348,181.4334471,0.1348,181.4334471,0
CER 2023,Canada Net Zero,QC,2048,0.127836358,0.86,0.1377,181.4334471,0.271,256,0.312,230,0.07799,347,0.1377,181.4334471,0.1377,181.4334471,0
CER 2023,Canada Net Zero,QC,2049,0.129132362,0.9,0.1407,181.4334471,0.277,256,0.312,230,0.07799,347,0.1407,181.4334471,0.1407,181.4334471,0
CER 2023,Canada Net Zero,QC,2050,0.130716366,0.89,0.1422,181.4334471,0.283,256,0.312,230,0.07799,347,0.1422,181.4334471,0.1422,181.4334471,0
CER 2023,Canada Net Zero,ON,2021,0.156240437,38.88,0.0442,180.9556314,0.154,256,0.312,230,0.07799,347,0.0442,180.9556314,0.0442,180.9556314,0
CER 2023,Canada Net Zero,ON,2022,0.158796445,35.24,0.0639,180.9556314,0.189,256,0.312,230,0.07799,347,0.0639,180.9556314,0.0639,180.9556314,0
CER 2023,Canada Net Zero,ON,2023,0.160056448,37.65,0.0496,180.9556314,0.179,256,0.312,230,0.07799,347,0.0496,180.9556314,0.0496,180.9556314,0
CER 2023,Canada Net Zero,ON,2024,0.161640453,39.1,0.0544,180.9556314,0.175,256,0.312,230,0.07799,347,0.0544,180.9556314,0.0544,180.9556314,0
CER 2023,Canada Net Zero,ON,2025,0.158832445,33.12,0.0575,180.9556314,0.177,256,0.312,230,0.07799,347,0.0575,180.9556314,0.0575,180.9556314,0
CER 2023,Canada Net Zero,ON,2026,0.159372446,39.46,0.06,180.9556314,0.178,256,0.312,230,0.07799,347,0.06,180.9556314,0.06,180.9556314,0
CER 2023,Canada Net Zero,ON,2027,0.157824442,46.15,0.0625,180.9556314,0.179,256,0.312,230,0.07799,347,0.0625,180.9556314,0.0625,180.9556314,0
CER 2023,Canada Net Zero,ON,2028,0.156492438,51.83,0.0648,180.9556314,0.18,256,0.312,230,0.07799,347,0.0648,180.9556314,0.0648,180.9556314,0
CER 2023,Canada Net Zero,ON,2029,0.155196435,55.27,0.0673,180.9556314,0.182,256,0.312,230,0.07799,347,0.0673,180.9556314,0.0673,180.9556314,0
CER 2023,Canada Net Zero,ON,2030,0.154224432,59.01,0.0694,180.9556314,0.182,256,0.312,230,0.07799,347,0.0694,180.9556314,0.0694,180.9556314,0
CER 2023,Canada Net Zero,ON,2031,0.151344424,38.3,0.0736,180.9556314,0.189,256,0.312,230,0.07799,347,0.0736,180.9556314,0.0736,180.9556314,0
CER 2023,Canada Net Zero,ON,2032,0.149328418,27.47,0.0768,180.9556314,0.194,256,0.312,230,0.07799,347,0.0768,180.9556314,0.0768,180.9556314,0
CER 2023,Canada Net Zero,ON,2033,0.147384413,20.4,0.0804,180.9556314,0.2,256,0.312,230,0.07799,347,0.0804,180.9556314,0.0804,180.9556314,0
CER 2023,Canada Net Zero,ON,2034,0.145872408,13.23,0.0838,180.9556314,0.206,256,0.312,230,0.07799,347,0.0838,180.9556314,0.0838,180.9556314,0
CER 2023,Canada Net Zero,ON,2035,0.144612405,10.07,0.0873,180.9556314,0.211,256,0.312,230,0.07799,347,0.0873,180.9556314,0.0873,180.9556314,0
CER 2023,Canada Net Zero,ON,2036,0.143820403,10.32,0.0908,180.9556314,0.217,256,0.312,230,0.07799,347,0.0908,180.9556314,0.0908,180.9556314,0
CER 2023,Canada Net Zero,ON,2037,0.143244401,10.71,0.0941,180.9556314,0.223,256,0.312,230,0.07799,347,0.0941,180.9556314,0.0941,180.9556314,0
CER 2023,Canada Net Zero,ON,2038,0.1428844,11.54,0.0973,180.9556314,0.228,256,0.312,230,0.07799,347,0.0973,180.9556314,0.0973,180.9556314,0
CER 2023,Canada Net Zero,ON,2039,0.142344399,12.51,0.1005,180.9556314,0.234,256,0.312,230,0.07799,347,0.1005,180.9556314,0.1005,180.9556314,0
CER 2023,Canada Net Zero,ON,2040,0.141876397,13.74,0.1033,180.9556314,0.239,256,0.312,230,0.07799,347,0.1033,180.9556314,0.1033,180.9556314,0
CER 2023,Canada Net Zero,ON,2041,0.142056398,17.4,0.1061,180.9556314,0.244,256,0.312,230,0.07799,347,0.1061,180.9556314,0.1061,180.9556314,0
CER 2023,Canada Net Zero,ON,2042,0.142236398,20.89,0.1063,180.9556314,0.252,256,0.312,230,0.07799,347,0.1063,180.9556314,0.1063,180.9556314,0
CER 2023,Canada Net Zero,ON,2043,0.142272398,22.73,0.109,180.9556314,0.258,256,0.312,230,0.07799,347,0.109,180.9556314,0.109,180.9556314,0
CER 2023,Canada Net Zero,ON,2044,0.142380399,22.49,0.1117,180.9556314,0.266,256,0.312,230,0.07799,347,0.1117,180.9556314,0.1117,180.9556314,0
CER 2023,Canada Net Zero,ON,2045,0.142380399,23.22,0.1153,180.9556314,0.273,256,0.312,230,0.07799,347,0.1153,180.9556314,0.1153,180.9556314,0
CER 2023,Canada Net Zero,ON,2046,0.142236398,25.21,0.1187,180.9556314,0.28,256,0.312,230,0.07799,347,0.1187,180.9556314,0.1187,180.9556314,0
CER 2023,Canada Net Zero,ON,2047,0.142164398,27.04,0.1219,180.9556314,0.286,256,0.312,230,0.07799,347,0.1219,180.9556314,0.1219,180.9556314,0
CER 2023,Canada Net Zero,ON,2048,0.142200398,28.55,0.1249,180.9556314,0.293,256,0.312,230,0.07799,347,0.1249,180.9556314,0.1249,180.9556314,0
CER 2023,Canada Net Zero,ON,2049,0.142524399,29.93,0.128,180.9556314,0.299,256,0.312,230,0.07799,347,0.128,180.9556314,0.128,180.9556314,0
CER 2023,Canada Net Zero,ON,2050,0.1429924,30.97,0.1307,180.9556314,0.305,256,0.312,230,0.07799,347,0.1307,180.9556314,0.1307,180.9556314,0
CER 2023,Canada Net Zero,MB,2021,0.131652369,1.22,0.0391,180.4095563,0.129,256,0.312,230,0.07799,347,0.0391,180.4095563,0.0391,180.4095563,0
CER 2023,Canada Net Zero,MB,2022,0.137664385,3.31,0.0575,180.4095563,0.163,256,0.312,230,0.07799,347,0.0575,180.4095563,0.0575,180.4095563,0
CER 2023,Canada Net Zero,MB,2023,0.12855636,3.31,0.0446,180.4095563,0.154,256,0.312,230,0.07799,347,0.0446,180.4095563,0.0446,180.4095563,0
CER 2023,Canada Net Zero,MB,2024,0.135108378,2.94,0.0491,180.4095563,0.15,256,0.312,230,0.07799,347,0.0491,180.4095563,0.0491,180.4095563,0
CER 2023,Canada Net Zero,MB,2025,0.135072378,3.23,0.0522,180.4095563,0.152,256,0.312,230,0.07799,347,0.0522,180.4095563,0.0522,180.4095563,0
CER 2023,Canada Net Zero,MB,2026,0.13557638,3.13,0.0548,180.4095563,0.153,256,0.312,230,0.07799,347,0.0548,180.4095563,0.0548,180.4095563,0
CER 2023,Canada Net Zero,MB,2027,0.136044381,2.96,0.0572,180.4095563,0.154,256,0.312,230,0.07799,347,0.0572,180.4095563,0.0572,180.4095563,0
CER 2023,Canada Net Zero,MB,2028,0.136440382,2.45,0.0596,180.4095563,0.155,256,0.312,230,0.07799,347,0.0596,180.4095563,0.0596,180.4095563,0
CER 2023,Canada Net Zero,MB,2029,0.136764383,1.54,0.0621,180.4095563,0.157,256,0.312,230,0.07799,347,0.0621,180.4095563,0.0621,180.4095563,0
CER 2023,Canada Net Zero,MB,2030,0.137484385,0.14,0.0643,180.4095563,0.158,256,0.312,230,0.07799,347,0.0643,180.4095563,0.0643,180.4095563,0
CER 2023,Canada Net Zero,MB,2031,0.137880386,0.14,0.0685,180.4095563,0.164,256,0.312,230,0.07799,347,0.0685,180.4095563,0.0685,180.4095563,0
CER 2023,Canada Net Zero,MB,2032,0.138852389,0.15,0.0716,180.4095563,0.169,256,0.312,230,0.07799,347,0.0716,180.4095563,0.0716,180.4095563,0
CER 2023,Canada Net Zero,MB,2033,0.13939239,0.16,0.0752,180.4095563,0.175,256,0.312,230,0.07799,347,0.0752,180.4095563,0.0752,180.4095563,0
CER 2023,Canada Net Zero,MB,2034,0.139968392,0.17,0.0787,180.4095563,0.181,256,0.312,230,0.07799,347,0.0787,180.4095563,0.0787,180.4095563,0
CER 2023,Canada Net Zero,MB,2035,0.140760394,0,0.0822,180.4095563,0.187,256,0.312,230,0.07799,347,0.0822,180.4095563,0.0822,180.4095563,0
CER 2023,Canada Net Zero,MB,2036,0.140796394,0,0.0857,180.4095563,0.192,256,0.312,230,0.07799,347,0.0857,180.4095563,0.0857,180.4095563,0
CER 2023,Canada Net Zero,MB,2037,0.140760394,0,0.089,180.4095563,0.198,256,0.312,230,0.07799,347,0.089,180.4095563,0.089,180.4095563,0
CER 2023,Canada Net Zero,MB,2038,0.140904395,0,0.0923,180.4095563,0.203,256,0.312,230,0.07799,347,0.0923,180.4095563,0.0923,180.4095563,0
CER 2023,Canada Net Zero,MB,2039,0.140688394,0,0.0955,180.4095563,0.209,256,0.312,230,0.07799,347,0.0955,180.4095563,0.0955,180.4095563,0
CER 2023,Canada Net Zero,MB,2040,0.140472393,0,0.0984,180.4095563,0.214,256,0.312,230,0.07799,347,0.0984,180.4095563,0.0984,180.4095563,0
CER 2023,Canada Net Zero,MB,2041,0.140472393,0,0.1012,180.4095563,0.219,256,0.312,230,0.07799,347,0.1012,180.4095563,0.1012,180.4095563,0
CER 2023,Canada Net Zero,MB,2042,0.140508393,0,0.1055,180.4095563,0.226,256,0.312,230,0.07799,347,0.1055,180.4095563,0.1055,180.4095563,0
CER 2023,Canada Net Zero,MB,2043,0.140544394,0,0.1094,180.4095563,0.233,256,0.312,230,0.07799,347,0.1094,180.4095563,0.1094,180.4095563,0
CER 2023,Canada Net Zero,MB,2044,0.140508393,0,0.1134,180.4095563,0.24,256,0.312,230,0.07799,347,0.1134,180.4095563,0.1134,180.4095563,0
CER 2023,Canada Net Zero,MB,2045,0.140652394,0,0.1174,180.4095563,0.247,256,0.312,230,0.07799,347,0.1174,180.4095563,0.1174,180.4095563,0
CER 2023,Canada Net Zero,MB,2046,0.141624397,0,0.1211,180.4095563,0.253,256,0.312,230,0.07799,347,0.1211,180.4095563,0.1211,180.4095563,0
CER 2023,Canada Net Zero,MB,2047,0.142560399,0,0.1246,180.4095563,0.26,256,0.312,230,0.07799,347,0.1246,180.4095563,0.1246,180.4095563,0
CER 2023,Canada Net Zero,MB,2048,0.143568402,0,0.1279,180.4095563,0.266,256,0.312,230,0.07799,347,0.1279,180.4095563,0.1279,180.4095563,0
CER 2023,Canada Net Zero,MB,2049,0.144792405,0,0.1314,180.4095563,0.272,256,0.312,230,0.07799,347,0.1314,180.4095563,0.1314,180.4095563,0
CER 2023,Canada Net Zero,MB,2050,0.146016409,0.01,0.1345,180.4095563,0.277,256,0.312,230,0.07799,347,0.1345,180.4095563,0.1345,180.4095563,0
CER 2023,Canada Net Zero,SK,2021,0.237528665,636.83,0.0411,180.8532423,0.125,256,0.312,230,0.07799,347,0.0411,180.8532423,0.0411,180.8532423,0
CER 2023,Canada Net Zero,SK,2022,0.243828683,562.49,0.0604,180.8532423,0.158,256,0.312,230,0.07799,347,0.0604,180.8532423,0.0604,180.8532423,0
CER 2023,Canada Net Zero,SK,2023,0.248292695,533.94,0.0464,180.8532423,0.149,256,0.312,230,0.07799,347,0.0464,180.8532423,0.0464,180.8532423,0
CER 2023,Canada Net Zero,SK,2024,0.237672665,443.32,0.051,180.8532423,0.145,256,0.312,230,0.07799,347,0.051,180.8532423,0.051,180.8532423,0
CER 2023,Canada Net Zero,SK,2025,0.240696674,347.14,0.054,180.8532423,0.147,256,0.312,230,0.07799,347,0.054,180.8532423,0.054,180.8532423,0
CER 2023,Canada Net Zero,SK,2026,0.243972683,341.68,0.0564,180.8532423,0.148,256,0.312,230,0.07799,347,0.0564,180.8532423,0.0564,180.8532423,0
CER 2023,Canada Net Zero,SK,2027,0.246096689,321.12,0.0588,180.8532423,0.149,256,0.312,230,0.07799,347,0.0588,180.8532423,0.0588,180.8532423,0
CER 2023,Canada Net Zero,SK,2028,0.246240689,311.91,0.0611,180.8532423,0.15,256,0.312,230,0.07799,347,0.0611,180.8532423,0.0611,180.8532423,0
CER 2023,Canada Net Zero,SK,2029,0.247572693,269.41,0.0635,180.8532423,0.151,256,0.312,230,0.07799,347,0.0635,180.8532423,0.0635,180.8532423,0
CER 2023,Canada Net Zero,SK,2030,0.247068692,255.96,0.0656,180.8532423,0.152,256,0.312,230,0.07799,347,0.0656,180.8532423,0.0656,180.8532423,0
CER 2023,Canada Net Zero,SK,2031,0.246888691,188.62,0.0696,180.8532423,0.158,256,0.312,230,0.07799,347,0.0696,180.8532423,0.0696,180.8532423,0
CER 2023,Canada Net Zero,SK,2032,0.247104692,138.91,0.0727,180.8532423,0.163,256,0.312,230,0.07799,347,0.0727,180.8532423,0.0727,180.8532423,0
CER 2023,Canada Net Zero,SK,2033,0.247536693,100.3,0.0762,180.8532423,0.169,256,0.312,230,0.07799,347,0.0762,180.8532423,0.0762,180.8532423,0
CER 2023,Canada Net Zero,SK,2034,0.248472696,73.53,0.0795,180.8532423,0.175,256,0.312,230,0.07799,347,0.0795,180.8532423,0.0795,180.8532423,0
CER 2023,Canada Net Zero,SK,2035,0.248076695,7.17,0.0828,180.8532423,0.18,256,0.312,230,0.07799,347,0.0828,180.8532423,0.0828,180.8532423,0
CER 2023,Canada Net Zero,SK,2036,0.250344701,9.94,0.0863,180.8532423,0.186,256,0.312,230,0.07799,347,0.0863,180.8532423,0.0863,180.8532423,0
CER 2023,Canada Net Zero,SK,2037,0.251496704,10.35,0.0895,180.8532423,0.192,256,0.312,230,0.07799,347,0.0895,180.8532423,0.0895,180.8532423,0
CER 2023,Canada Net Zero,SK,2038,0.253368709,10.58,0.0926,180.8532423,0.197,256,0.312,230,0.07799,347,0.0926,180.8532423,0.0926,180.8532423,0
CER 2023,Canada Net Zero,SK,2039,0.254664713,10.83,0.0957,180.8532423,0.202,256,0.312,230,0.07799,347,0.0957,180.8532423,0.0957,180.8532423,0
CER 2023,Canada Net Zero,SK,2040,0.256464718,11.44,0.0977,180.8532423,0.207,256,0.312,230,0.07799,347,0.0977,180.8532423,0.0977,180.8532423,0
CER 2023,Canada Net Zero,SK,2041,0.259164726,13.21,0.0996,180.8532423,0.212,256,0.312,230,0.07799,347,0.0996,180.8532423,0.0996,180.8532423,0
CER 2023,Canada Net Zero,SK,2042,0.262116734,14.11,0.1037,180.8532423,0.219,256,0.312,230,0.07799,347,0.1037,180.8532423,0.1037,180.8532423,0
CER 2023,Canada Net Zero,SK,2043,0.264996742,14.07,0.1065,180.8532423,0.226,256,0.312,230,0.07799,347,0.1065,180.8532423,0.1065,180.8532423,0
CER 2023,Canada Net Zero,SK,2044,0.267588749,13.74,0.1093,180.8532423,0.232,256,0.312,230,0.07799,347,0.1093,180.8532423,0.1093,180.8532423,0
CER 2023,Canada Net Zero,SK,2045,0.270216757,13.21,0.1129,180.8532423,0.239,256,0.312,230,0.07799,347,0.1129,180.8532423,0.1129,180.8532423,0
CER 2023,Canada Net Zero,SK,2046,0.270540758,13.75,0.1153,180.8532423,0.246,256,0.312,230,0.07799,347,0.1153,180.8532423,0.1153,180.8532423,0
CER 2023,Canada Net Zero,SK,2047,0.271188759,14.07,0.1175,180.8532423,0.252,256,0.312,230,0.07799,347,0.1175,180.8532423,0.1175,180.8532423,0
CER 2023,Canada Net Zero,SK,2048,0.272268762,14.37,0.1204,180.8532423,0.258,256,0.312,230,0.07799,347,0.1204,180.8532423,0.1204,180.8532423,0
CER 2023,Canada Net Zero,SK,2049,0.273456766,14.7,0.1223,180.8532423,0.264,256,0.312,230,0.07799,347,0.1223,180.8532423,0.1223,180.8532423,0
CER 2023,Canada Net Zero,SK,2050,0.27500477,14.79,0.1249,180.8532423,0.269,256,0.312,230,0.07799,347,0.1249,180.8532423,0.1249,180.8532423,0
CER 2023,Canada Net Zero,AB,2021,0.212904596,534.33,0.0287,184.8122867,0.115,256,0.312,230,0.07799,347,0.0287,184.8122867,0.0287,184.8122867,0
CER 2023,Canada Net Zero,AB,2022,0.305964857,492.04,0.047,184.8122867,0.146,256,0.312,230,0.07799,347,0.047,184.8122867,0.047,184.8122867,0
CER 2023,Canada Net Zero,AB,2023,0.228276639,431.49,0.0343,184.8122867,0.137,256,0.312,230,0.07799,347,0.0343,184.8122867,0.0343,184.8122867,0
CER 2023,Canada Net Zero,AB,2024,0.223488626,392.14,0.0389,184.8122867,0.134,256,0.312,230,0.07799,347,0.0389,184.8122867,0.0389,184.8122867,0
CER 2023,Canada Net Zero,AB,2025,0.219672615,380.97,0.042,184.8122867,0.136,256,0.312,230,0.07799,347,0.042,184.8122867,0.042,184.8122867,0
CER 2023,Canada Net Zero,AB,2026,0.218808613,375.67,0.0446,184.8122867,0.136,256,0.312,230,0.07799,347,0.0446,184.8122867,0.0446,184.8122867,0
CER 2023,Canada Net Zero,AB,2027,0.217584609,372.76,0.0472,184.8122867,0.137,256,0.312,230,0.07799,347,0.0472,184.8122867,0.0472,184.8122867,0
CER 2023,Canada Net Zero,AB,2028,0.216000605,370.92,0.0496,184.8122867,0.138,256,0.312,230,0.07799,347,0.0496,184.8122867,0.0496,184.8122867,0
CER 2023,Canada Net Zero,AB,2029,0.215280603,367.31,0.0522,184.8122867,0.139,256,0.312,230,0.07799,347,0.0522,184.8122867,0.0522,184.8122867,0
CER 2023,Canada Net Zero,AB,2030,0.215136602,364.18,0.0544,184.8122867,0.139,256,0.312,230,0.07799,347,0.0544,184.8122867,0.0544,184.8122867,0
CER 2023,Canada Net Zero,AB,2031,0.213840599,294.31,0.0587,184.8122867,0.144,256,0.312,230,0.07799,347,0.0587,184.8122867,0.0587,184.8122867,0
CER 2023,Canada Net Zero,AB,2032,0.212832596,234.17,0.062,184.8122867,0.148,256,0.312,230,0.07799,347,0.062,184.8122867,0.062,184.8122867,0
CER 2023,Canada Net Zero,AB,2033,0.211752593,178.36,0.0657,184.8122867,0.153,256,0.312,230,0.07799,347,0.0657,184.8122867,0.0657,184.8122867,0
CER 2023,Canada Net Zero,AB,2034,0.211140591,131.05,0.0693,184.8122867,0.157,256,0.312,230,0.07799,347,0.0693,184.8122867,0.0693,184.8122867,0
CER 2023,Canada Net Zero,AB,2035,0.212184594,103.18,0.0728,184.8122867,0.161,256,0.312,230,0.07799,347,0.0728,184.8122867,0.0728,184.8122867,0
CER 2023,Canada Net Zero,AB,2036,0.212868596,97.74,0.0759,184.8122867,0.165,256,0.312,230,0.07799,347,0.0759,184.8122867,0.0759,184.8122867,0
CER 2023,Canada Net Zero,AB,2037,0.213156597,93.27,0.0786,184.8122867,0.168,256,0.312,230,0.07799,347,0.0786,184.8122867,0.0786,184.8122867,0
CER 2023,Canada Net Zero,AB,2038,0.213660598,88.77,0.0811,184.8122867,0.171,256,0.312,230,0.07799,347,0.0811,184.8122867,0.0811,184.8122867,0
CER 2023,Canada Net Zero,AB,2039,0.213876599,85.12,0.0836,184.8122867,0.173,256,0.312,230,0.07799,347,0.0836,184.8122867,0.0836,184.8122867,0
CER 2023,Canada Net Zero,AB,2040,0.213948599,81.16,0.0856,184.8122867,0.175,256,0.312,230,0.07799,347,0.0856,184.8122867,0.0856,184.8122867,0
CER 2023,Canada Net Zero,AB,2041,0.214020599,80.12,0.0875,184.8122867,0.177,256,0.312,230,0.07799,347,0.0875,184.8122867,0.0875,184.8122867,0
CER 2023,Canada Net Zero,AB,2042,0.214092599,78.91,0.0917,184.8122867,0.18,256,0.312,230,0.07799,347,0.0917,184.8122867,0.0917,184.8122867,0
CER 2023,Canada Net Zero,AB,2043,0.2141646,77.84,0.0944,184.8122867,0.182,256,0.312,230,0.07799,347,0.0944,184.8122867,0.0944,184.8122867,0
CER 2023,Canada Net Zero,AB,2044,0.2141646,77.35,0.0982,184.8122867,0.183,256,0.312,230,0.07799,347,0.0982,184.8122867,0.0982,184.8122867,0
CER 2023,Canada Net Zero,AB,2045,0.214524601,75.67,0.1019,184.8122867,0.185,256,0.312,230,0.07799,347,0.1019,184.8122867,0.1019,184.8122867,0
CER 2023,Canada Net Zero,AB,2046,0.214992602,76.15,0.1054,184.8122867,0.185,256,0.312,230,0.07799,347,0.1054,184.8122867,0.1054,184.8122867,0
CER 2023,Canada Net Zero,AB,2047,0.215352603,76.42,0.1087,184.8122867,0.185,256,0.312,230,0.07799,347,0.1087,184.8122867,0.1087,184.8122867,0
CER 2023,Canada Net Zero,AB,2048,0.215928605,76.66,0.1117,184.8122867,0.184,256,0.312,230,0.07799,347,0.1117,184.8122867,0.1117,184.8122867,0
CER 2023,Canada Net Zero,AB,2049,0.216612607,76.87,0.1149,184.8122867,0.183,256,0.312,230,0.07799,347,0.1149,184.8122867,0.1149,184.8122867,0
CER 2023,Canada Net Zero,AB,2050,0.217332609,76.76,0.1178,184.8122867,0.182,256,0.312,230,0.07799,347,0.1178,184.8122867,0.1178,184.8122867,0
CER 2023,Canada Net Zero,BC,2021,0.142344399,12.63,0.0532,184.8122867,0.15,256,0.312,230,0.07799,347,0.0532,184.8122867,0.0532,184.8122867,0
CER 2023,Canada Net Zero,BC,2022,0.144684405,13.24,0.0692,184.8122867,0.179,256,0.312,230,0.07799,347,0.0692,184.8122867,0.0692,184.8122867,0
CER 2023,Canada Net Zero,BC,2023,0.145728408,15.7,0.0559,184.8122867,0.17,256,0.312,230,0.07799,347,0.0559,184.8122867,0.0559,184.8122867,0
CER 2023,Canada Net Zero,BC,2024,0.144036403,17.04,0.0605,184.8122867,0.167,256,0.312,230,0.07799,347,0.0605,184.8122867,0.0605,184.8122867,0
CER 2023,Canada Net Zero,BC,2025,0.145332407,18.35,0.0635,184.8122867,0.169,256,0.312,230,0.07799,347,0.0635,184.8122867,0.0635,184.8122867,0
CER 2023,Canada Net Zero,BC,2026,0.146916411,26.91,0.0657,184.8122867,0.17,256,0.312,230,0.07799,347,0.0657,184.8122867,0.0657,184.8122867,0
CER 2023,Canada Net Zero,BC,2027,0.148032414,34.45,0.0677,184.8122867,0.171,256,0.312,230,0.07799,347,0.0677,184.8122867,0.0677,184.8122867,0
CER 2023,Canada Net Zero,BC,2028,0.148824417,38.27,0.0694,184.8122867,0.172,256,0.312,230,0.07799,347,0.0694,184.8122867,0.0694,184.8122867,0
CER 2023,Canada Net Zero,BC,2029,0.149616419,60.34,0.0711,184.8122867,0.173,256,0.312,230,0.07799,347,0.0711,184.8122867,0.0711,184.8122867,0
CER 2023,Canada Net Zero,BC,2030,0.150480421,77.53,0.0723,184.8122867,0.174,256,0.312,230,0.07799,347,0.0723,184.8122867,0.0723,184.8122867,0
CER 2023,Canada Net Zero,BC,2031,0.151236423,62.36,0.0752,184.8122867,0.18,256,0.312,230,0.07799,347,0.0752,184.8122867,0.0752,184.8122867,0
CER 2023,Canada Net Zero,BC,2032,0.152496427,34.1,0.078,184.8122867,0.185,256,0.312,230,0.07799,347,0.078,184.8122867,0.078,184.8122867,0
CER 2023,Canada Net Zero,BC,2033,0.153792431,20.46,0.0814,184.8122867,0.19,256,0.312,230,0.07799,347,0.0814,184.8122867,0.0814,184.8122867,0
CER 2023,Canada Net Zero,BC,2034,0.154800433,12.56,0.0845,184.8122867,0.196,256,0.312,230,0.07799,347,0.0845,184.8122867,0.0845,184.8122867,0
CER 2023,Canada Net Zero,BC,2035,0.155664436,2.71,0.0877,184.8122867,0.201,256,0.312,230,0.07799,347,0.0877,184.8122867,0.0877,184.8122867,0
CER 2023,Canada Net Zero,BC,2036,0.15699644,3.61,0.091,184.8122867,0.206,256,0.312,230,0.07799,347,0.091,184.8122867,0.091,184.8122867,0
CER 2023,Canada Net Zero,BC,2037,0.157968442,3.81,0.0941,184.8122867,0.211,256,0.312,230,0.07799,347,0.0941,184.8122867,0.0941,184.8122867,0
CER 2023,Canada Net Zero,BC,2038,0.158904445,3.76,0.0972,184.8122867,0.216,256,0.312,230,0.07799,347,0.0972,184.8122867,0.0972,184.8122867,0
CER 2023,Canada Net Zero,BC,2039,0.159696447,4.44,0.1003,184.8122867,0.22,256,0.312,230,0.07799,347,0.1003,184.8122867,0.1003,184.8122867,0
CER 2023,Canada Net Zero,BC,2040,0.160416449,4.54,0.1023,184.8122867,0.224,256,0.312,230,0.07799,347,0.1023,184.8122867,0.1023,184.8122867,0
CER 2023,Canada Net Zero,BC,2041,0.161100451,5.35,0.1042,184.8122867,0.228,256,0.312,230,0.07799,347,0.1042,184.8122867,0.1042,184.8122867,0
CER 2023,Canada Net Zero,BC,2042,0.161748453,4.95,0.1084,184.8122867,0.234,256,0.312,230,0.07799,347,0.1084,184.8122867,0.1084,184.8122867,0
CER 2023,Canada Net Zero,BC,2043,0.162504455,4.75,0.1113,184.8122867,0.239,256,0.312,230,0.07799,347,0.1113,184.8122867,0.1113,184.8122867,0
CER 2023,Canada Net Zero,BC,2044,0.163368457,5.62,0.1143,184.8122867,0.243,256,0.312,230,0.07799,347,0.1143,184.8122867,0.1143,184.8122867,0
CER 2023,Canada Net Zero,BC,2045,0.16441246,5.34,0.1182,184.8122867,0.248,256,0.312,230,0.07799,347,0.1182,184.8122867,0.1182,184.8122867,0
CER 2023,Canada Net Zero,BC,2046,0.164880462,6.71,0.1209,184.8122867,0.252,256,0.312,230,0.07799,347,0.1209,184.8122867,0.1209,184.8122867,0
CER 2023,Canada Net Zero,BC,2047,0.165348463,8.11,0.1234,184.8122867,0.255,256,0.312,230,0.07799,347,0.1234,184.8122867,0.1234,184.8122867,0
CER 2023,Canada Net Zero,BC,2048,0.166068465,9.52,0.1267,184.8122867,0.258,256,0.312,230,0.07799,347,0.1267,184.8122867,0.1267,184.8122867,0
CER 2023,Canada Net Zero,BC,2049,0.166824467,10.96,0.1302,184.8122867,0.261,256,0.312,230,0.07799,347,0.1302,184.8122867,0.1302,184.8122867,0
CER 2023,Canada Net Zero,BC,2050,0.16768847,12.98,0.1322,184.8122867,0.262,256,0.312,230,0.07799,347,0.1322,184.8122867,0.1322,184.8122867,0
CER 2023,Canada Net Zero,TR,2021,0.242136678,170.05,0.039,185.1877133,0.13,256,0.312,230,0.07799,347,0.039,185.1877133,0.039,185.1877133,0
CER 2023,Canada Net Zero,TR,2022,0.248076695,199.61,0.0553,185.1877133,0.159,256,0.312,230,0.07799,347,0.0553,185.1877133,0.0553,185.1877133,0
CER 2023,Canada Net Zero,TR,2023,0.251964706,220.77,0.0384,185.1877133,0.145,256,0.312,230,0.07799,347,0.0384,185.1877133,0.0384,185.1877133,0
CER 2023,Canada Net Zero,TR,2024,0.240840674,251.19,0.0405,185.1877133,0.138,256,0.312,230,0.07799,347,0.0405,185.1877133,0.0405,185.1877133,0
CER 2023,Canada Net Zero,TR,2025,0.251352704,177.52,0.0408,185.1877133,0.136,256,0.312,230,0.07799,347,0.0408,185.1877133,0.0408,185.1877133,0
CER 2023,Canada Net Zero,TR,2026,0.254016711,140.69,0.0406,185.1877133,0.133,256,0.312,230,0.07799,347,0.0406,185.1877133,0.0406,185.1877133,0
CER 2023,Canada Net Zero,TR,2027,0.261216731,130.23,0.0405,185.1877133,0.13,256,0.312,230,0.07799,347,0.0405,185.1877133,0.0405,185.1877133,0
CER 2023,Canada Net Zero,TR,2028,0.265212743,123.05,0.0403,185.1877133,0.127,256,0.312,230,0.07799,347,0.0403,185.1877133,0.0403,185.1877133,0
CER 2023,Canada Net Zero,TR,2029,0.268632752,121.91,0.0402,185.1877133,0.125,256,0.312,230,0.07799,347,0.0402,185.1877133,0.0402,185.1877133,0
CER 2023,Canada Net Zero,TR,2030,0.272088762,179.77,0.0401,185.1877133,0.123,256,0.312,230,0.07799,347,0.0401,185.1877133,0.0401,185.1877133,0
CER 2023,Canada Net Zero,TR,2031,0.276696775,210.22,0.0398,185.1877133,0.122,256,0.312,230,0.07799,347,0.0398,185.1877133,0.0398,185.1877133,0
CER 2023,Canada Net Zero,TR,2032,0.283608794,239.4,0.0395,185.1877133,0.122,256,0.312,230,0.07799,347,0.0395,185.1877133,0.0395,185.1877133,0
CER 2023,Canada Net Zero,TR,2033,0.291420816,238.71,0.0392,185.1877133,0.122,256,0.312,230,0.07799,347,0.0392,185.1877133,0.0392,185.1877133,0
CER 2023,Canada Net Zero,TR,2034,0.293472822,238.01,0.039,185.1877133,0.122,256,0.312,230,0.07799,347,0.039,185.1877133,0.039,185.1877133,0
CER 2023,Canada Net Zero,TR,2035,0.299772839,174.23,0.0388,185.1877133,0.122,256,0.312,230,0.07799,347,0.0388,185.1877133,0.0388,185.1877133,0
CER 2023,Canada Net Zero,TR,2036,0.302652847,132.78,0.0385,185.1877133,0.122,256,0.312,230,0.07799,347,0.0385,185.1877133,0.0385,185.1877133,0
CER 2023,Canada Net Zero,TR,2037,0.307404861,139.63,0.0383,185.1877133,0.122,256,0.312,230,0.07799,347,0.0383,185.1877133,0.0383,185.1877133,0
CER 2023,Canada Net Zero,TR,2038,0.312228874,145.7,0.038,185.1877133,0.122,256,0.312,230,0.07799,347,0.038,185.1877133,0.038,185.1877133,0
CER 2023,Canada Net Zero,TR,2039,0.315000882,151.57,0.0378,185.1877133,0.122,256,0.312,230,0.07799,347,0.0378,185.1877133,0.0378,185.1877133,0
CER 2023,Canada Net Zero,TR,2040,0.31777289,157.25,0.0374,185.1877133,0.121,256,0.312,230,0.07799,347,0.0374,185.1877133,0.0374,185.1877133,0
CER 2023,Canada Net Zero,TR,2041,0.3215889,162.13,0.0372,185.1877133,0.121,256,0.312,230,0.07799,347,0.0372,185.1877133,0.0372,185.1877133,0
CER 2023,Canada Net Zero,TR,2042,0.32486491,166.7,0.0369,185.1877133,0.121,256,0.312,230,0.07799,347,0.0369,185.1877133,0.0369,185.1877133,0
CER 2023,Canada Net Zero,TR,2043,0.329328922,170.71,0.0366,185.1877133,0.121,256,0.312,230,0.07799,347,0.0366,185.1877133,0.0366,185.1877133,0
CER 2023,Canada Net Zero,TR,2044,0.330552926,174.55,0.0363,185.1877133,0.121,256,0.312,230,0.07799,347,0.0363,185.1877133,0.0363,185.1877133,0
CER 2023,Canada Net Zero,TR,2045,0.332352931,177.84,0.036,185.1877133,0.12,256,0.312,230,0.07799,347,0.036,185.1877133,0.036,185.1877133,0
CER 2023,Canada Net Zero,TR,2046,0.334008935,181.17,0.0357,185.1877133,0.12,256,0.312,230,0.07799,347,0.0357,185.1877133,0.0357,185.1877133,0
CER 2023,Canada Net Zero,TR,2047,0.335376939,185.28,0.0354,185.1877133,0.12,256,0.312,230,0.07799,347,0.0354,185.1877133,0.0354,185.1877133,0
CER 2023,Canada Net Zero,TR,2048,0.337104944,188.43,0.035,185.1877133,0.119,256,0.312,230,0.07799,347,0.035,185.1877133,0.035,185.1877133,0
CER 2023,Canada Net Zero,TR,2049,0.338832949,190.93,0.0347,185.1877133,0.119,256,0.312,230,0.07799,347,0.0347,185.1877133,0.0347,185.1877133,0
CER 2023,Canada Net Zero,TR,2050,0.340632954,194.8,0.0343,185.1877133,0.118,256,0.312,230,0.07799,347,0.0343,185.1877133,0.0343,185.1877133,0
CER 2023,Current Policies,NL,2021,0.198041545,15.89954209,0.0547,180.7849829,0.111,256,0.312,230,0.07799,347,0.0547,180.7849829,0.0547,180.7849829,0
CER 2023,Current Policies,NL,2022,0.199409583,4.407551223,0.0728,180.7849829,0.142,256,0.312,230,0.07799,347,0.0728,180.7849829,0.0728,180.7849829,0
CER 2023,Current Policies,NL,2023,0.208733845,4.122415049,0.054,180.7849829,0.127,256,0.312,230,0.07799,347,0.054,180.7849829,0.054,180.7849829,0
CER 2023,Current Policies,NL,2024,0.203117687,4.315256061,0.0563,180.7849829,0.12,256,0.312,230,0.07799,347,0.0563,180.7849829,0.0563,180.7849829,0
CER 2023,Current Policies,NL,2025,0.205601757,3.596313758,0.0567,180.7849829,0.119,256,0.312,230,0.07799,347,0.0567,180.7849829,0.0567,180.7849829,0
CER 2023,Current Policies,NL,2026,0.207437808,3.593261495,0.0567,180.7849829,0.118,256,0.312,230,0.07799,347,0.0567,180.7849829,0.0567,180.7849829,0
CER 2023,Current Policies,NL,2027,0.208481837,3.589834977,0.0566,180.7849829,0.117,256,0.312,230,0.07799,347,0.0566,180.7849829,0.0566,180.7849829,0
CER 2023,Current Policies,NL,2028,0.209309861,5.835917024,0.0564,180.7849829,0.116,256,0.312,230,0.07799,347,0.0564,180.7849829,0.0564,180.7849829,0
CER 2023,Current Policies,NL,2029,0.20999388,3.715815274,0.0564,180.7849829,0.115,256,0.312,230,0.07799,347,0.0564,180.7849829,0.0564,180.7849829,0
CER 2023,Current Policies,NL,2030,0.211217914,0,0.0563,180.7849829,0.114,256,0.312,230,0.07799,347,0.0563,180.7849829,0.0563,180.7849829,0
CER 2023,Current Policies,NL,2031,0.21215394,0,0.0564,180.7849829,0.113,256,0.312,230,0.07799,347,0.0564,180.7849829,0.0564,180.7849829,0
CER 2023,Current Policies,NL,2032,0.213089967,0,0.0566,180.7849829,0.113,256,0.312,230,0.07799,347,0.0566,180.7849829,0.0566,180.7849829,0
CER 2023,Current Policies,NL,2033,0.214061994,0,0.0568,180.7849829,0.113,256,0.312,230,0.07799,347,0.0568,180.7849829,0.0568,180.7849829,0
CER 2023,Current Policies,NL,2034,0.214926018,0,0.057,180.7849829,0.113,256,0.312,230,0.07799,347,0.057,180.7849829,0.057,180.7849829,0
CER 2023,Current Policies,NL,2035,0.215898045,0,0.0572,180.7849829,0.114,256,0.312,230,0.07799,347,0.0572,180.7849829,0.0572,180.7849829,0
CER 2023,Current Policies,NL,2036,0.216402059,0,0.0575,180.7849829,0.114,256,0.312,230,0.07799,347,0.0575,180.7849829,0.0575,180.7849829,0
CER 2023,Current Policies,NL,2037,0.217338085,0,0.0576,180.7849829,0.114,256,0.312,230,0.07799,347,0.0576,180.7849829,0.0576,180.7849829,0
CER 2023,Current Policies,NL,2038,0.218130108,0,0.0579,180.7849829,0.114,256,0.312,230,0.07799,347,0.0579,180.7849829,0.0579,180.7849829,0
CER 2023,Current Policies,NL,2039,0.219066134,0,0.058,180.7849829,0.114,256,0.312,230,0.07799,347,0.058,180.7849829,0.058,180.7849829,0
CER 2023,Current Policies,NL,2040,0.220074162,0,0.0583,180.7849829,0.114,256,0.312,230,0.07799,347,0.0583,180.7849829,0.0583,180.7849829,0
CER 2023,Current Policies,NL,2041,0.221226194,0,0.0585,180.7849829,0.114,256,0.312,230,0.07799,347,0.0585,180.7849829,0.0585,180.7849829,0
CER 2023,Current Policies,NL,2042,0.222342226,0,0.0586,180.7849829,0.115,256,0.312,230,0.07799,347,0.0586,180.7849829,0.0586,180.7849829,0
CER 2023,Current Policies,NL,2043,0.223854268,0,0.0588,180.7849829,0.115,256,0.312,230,0.07799,347,0.0588,180.7849829,0.0588,180.7849829,0
CER 2023,Current Policies,NL,2044,0.224934298,0,0.0591,180.7849829,0.115,256,0.312,230,0.07799,347,0.0591,180.7849829,0.0591,180.7849829,0
CER 2023,Current Policies,NL,2045,0.22644634,0,0.0592,180.7849829,0.115,256,0.312,230,0.07799,347,0.0592,180.7849829,0.0592,180.7849829,0
CER 2023,Current Policies,NL,2046,0.227742377,0,0.0594,180.7849829,0.114,256,0.312,230,0.07799,347,0.0594,180.7849829,0.0594,180.7849829,0
CER 2023,Current Policies,NL,2047,0.229470425,0,0.0595,180.7849829,0.114,256,0.312,230,0.07799,347,0.0595,180.7849829,0.0595,180.7849829,0
CER 2023,Current Policies,NL,2048,0.230946467,0,0.0597,180.7849829,0.114,256,0.312,230,0.07799,347,0.0597,180.7849829,0.0597,180.7849829,0
CER 2023,Current Policies,NL,2049,0.232386507,0,0.0598,180.7849829,0.114,256,0.312,230,0.07799,347,0.0598,180.7849829,0.0598,180.7849829,0
CER 2023,Current Policies,NL,2050,0.23393455,0,0.0599,180.7849829,0.114,256,0.312,230,0.07799,347,0.0599,180.7849829,0.0599,180.7849829,0
CER 2023,Current Policies,PE,2021,0.250603017,5.99,0.0547,180.7849829,0.12,256,0.312,230,0.07799,347,0.0547,180.7849829,0.0547,180.7849829,0
CER 2023,Current Policies,PE,2022,0.259675271,16.15,0.0728,180.7849829,0.152,256,0.312,230,0.07799,347,0.0728,180.7849829,0.0728,180.7849829,0
CER 2023,Current Policies,PE,2023,0.249774994,17.25,0.054,180.7849829,0.143,256,0.312,230,0.07799,347,0.054,180.7849829,0.054,180.7849829,0
CER 2023,Current Policies,PE,2024,0.247182921,17.15,0.0563,180.7849829,0.141,256,0.312,230,0.07799,347,0.0563,180.7849829,0.0563,180.7849829,0
CER 2023,Current Policies,PE,2025,0.246966915,12.57,0.0567,180.7849829,0.144,256,0.312,230,0.07799,347,0.0567,180.7849829,0.0567,180.7849829,0
CER 2023,Current Policies,PE,2026,0.245166865,12.8,0.0567,180.7849829,0.147,256,0.312,230,0.07799,347,0.0567,180.7849829,0.0567,180.7849829,0
CER 2023,Current Policies,PE,2027,0.244734853,13.05,0.0566,180.7849829,0.15,256,0.312,230,0.07799,347,0.0566,180.7849829,0.0566,180.7849829,0
CER 2023,Current Policies,PE,2028,0.245202866,11.94,0.0564,180.7849829,0.153,256,0.312,230,0.07799,347,0.0564,180.7849829,0.0564,180.7849829,0
CER 2023,Current Policies,PE,2029,0.244806855,11.25,0.0564,180.7849829,0.155,256,0.312,230,0.07799,347,0.0564,180.7849829,0.0564,180.7849829,0
CER 2023,Current Policies,PE,2030,0.244374842,9.55,0.0563,180.7849829,0.158,256,0.312,230,0.07799,347,0.0563,180.7849829,0.0563,180.7849829,0
CER 2023,Current Policies,PE,2031,0.24178277,10.6,0.0564,180.7849829,0.156,256,0.312,230,0.07799,347,0.0564,180.7849829,0.0564,180.7849829,0
CER 2023,Current Policies,PE,2032,0.241170753,11.56,0.0566,180.7849829,0.155,256,0.312,230,0.07799,347,0.0566,180.7849829,0.0566,180.7849829,0
CER 2023,Current Policies,PE,2033,0.240486734,12.56,0.0568,180.7849829,0.154,256,0.312,230,0.07799,347,0.0568,180.7849829,0.0568,180.7849829,0
CER 2023,Current Policies,PE,2034,0.239586708,13.62,0.057,180.7849829,0.154,256,0.312,230,0.07799,347,0.057,180.7849829,0.057,180.7849829,0
CER 2023,Current Policies,PE,2035,0.238686683,0.02,0.0572,180.7849829,0.153,256,0.312,230,0.07799,347,0.0572,180.7849829,0.0572,180.7849829,0
CER 2023,Current Policies,PE,2036,0.239226698,0.08,0.0575,180.7849829,0.153,256,0.312,230,0.07799,347,0.0575,180.7849829,0.0575,180.7849829,0
CER 2023,Current Policies,PE,2037,0.239046693,0.14,0.0576,180.7849829,0.152,256,0.312,230,0.07799,347,0.0576,180.7849829,0.0576,180.7849829,0
CER 2023,Current Policies,PE,2038,0.238794686,0.19,0.0579,180.7849829,0.151,256,0.312,230,0.07799,347,0.0579,180.7849829,0.0579,180.7849829,0
CER 2023,Current Policies,PE,2039,0.238506678,0.37,0.058,180.7849829,0.151,256,0.312,230,0.07799,347,0.058,180.7849829,0.058,180.7849829,0
CER 2023,Current Policies,PE,2040,0.238722684,0.21,0.0583,180.7849829,0.15,256,0.312,230,0.07799,347,0.0583,180.7849829,0.0583,180.7849829,0
CER 2023,Current Policies,PE,2041,0.237246643,0.53,0.0585,180.7849829,0.149,256,0.312,230,0.07799,347,0.0585,180.7849829,0.0585,180.7849829,0
CER 2023,Current Policies,PE,2042,0.234618569,0.98,0.0586,180.7849829,0.149,256,0.312,230,0.07799,347,0.0586,180.7849829,0.0586,180.7849829,0
CER 2023,Current Policies,PE,2043,0.232170501,1.4,0.0588,180.7849829,0.148,256,0.312,230,0.07799,347,0.0588,180.7849829,0.0588,180.7849829,0
CER 2023,Current Policies,PE,2044,0.229506426,1.92,0.0591,180.7849829,0.147,256,0.312,230,0.07799,347,0.0591,180.7849829,0.0591,180.7849829,0
CER 2023,Current Policies,PE,2045,0.227382367,0.21,0.0592,180.7849829,0.147,256,0.312,230,0.07799,347,0.0592,180.7849829,0.0592,180.7849829,0
CER 2023,Current Policies,PE,2046,0.224394283,0.6,0.0594,180.7849829,0.146,256,0.312,230,0.07799,347,0.0594,180.7849829,0.0594,180.7849829,0
CER 2023,Current Policies,PE,2047,0.222594233,0.97,0.0595,180.7849829,0.145,256,0.312,230,0.07799,347,0.0595,180.7849829,0.0595,180.7849829,0
CER 2023,Current Policies,PE,2048,0.220686179,1.53,0.0597,180.7849829,0.144,256,0.312,230,0.07799,347,0.0597,180.7849829,0.0597,180.7849829,0
CER 2023,Current Policies,PE,2049,0.218778126,2.2,0.0598,180.7849829,0.143,256,0.312,230,0.07799,347,0.0598,180.7849829,0.0598,180.7849829,0
CER 2023,Current Policies,PE,2050,0.217122079,1.08,0.0599,180.7849829,0.142,256,0.312,230,0.07799,347,0.0599,180.7849829,0.0599,180.7849829,0
CER 2023,Current Policies,NS,2021,0.219246139,641.3657095,0.1017,180.7849829,0.132,256,0.312,230,0.07799,347,0.1017,180.7849829,0.1017,180.7849829,0
CER 2023,Current Policies,NS,2022,0.220794182,523.9322971,0.1212,180.7849829,0.164,256,0.312,230,0.07799,347,0.1212,180.7849829,0.1212,180.7849829,0
CER 2023,Current Policies,NS,2023,0.231270476,544.4267217,0.107,180.7849829,0.155,256,0.312,230,0.07799,347,0.107,180.7849829,0.107,180.7849829,0
CER 2023,Current Policies,NS,2024,0.225150304,520.2589943,0.1116,180.7849829,0.152,256,0.312,230,0.07799,347,0.1116,180.7849829,0.1116,180.7849829,0
CER 2023,Current Policies,NS,2025,0.227058358,506.1971388,0.1152,180.7849829,0.156,256,0.312,230,0.07799,347,0.1152,180.7849829,0.1152,180.7849829,0
CER 2023,Current Policies,NS,2026,0.228606401,501.0543301,0.118,180.7849829,0.159,256,0.312,230,0.07799,347,0.118,180.7849829,0.118,180.7849829,0
CER 2023,Current Policies,NS,2027,0.228282392,496.4264771,0.1205,180.7849829,0.161,256,0.312,230,0.07799,347,0.1205,180.7849829,0.1205,180.7849829,0
CER 2023,Current Policies,NS,2028,0.227814379,440.023276,0.1228,180.7849829,0.164,256,0.312,230,0.07799,347,0.1228,180.7849829,0.1228,180.7849829,0
CER 2023,Current Policies,NS,2029,0.227202362,392.5534458,0.1252,180.7849829,0.167,256,0.312,230,0.07799,347,0.1252,180.7849829,0.1252,180.7849829,0
CER 2023,Current Policies,NS,2030,0.227382367,306.5039169,0.1274,180.7849829,0.169,256,0.312,230,0.07799,347,0.1274,180.7849829,0.1274,180.7849829,0
CER 2023,Current Policies,NS,2031,0.227526371,298.7523886,0.1266,180.7849829,0.168,256,0.312,230,0.07799,347,0.1266,180.7849829,0.1266,180.7849829,0
CER 2023,Current Policies,NS,2032,0.22749037,295.6425307,0.126,180.7849829,0.166,256,0.312,230,0.07799,347,0.126,180.7849829,0.126,180.7849829,0
CER 2023,Current Policies,NS,2033,0.226734349,291.9939888,0.1256,180.7849829,0.166,256,0.312,230,0.07799,347,0.1256,180.7849829,0.1256,180.7849829,0
CER 2023,Current Policies,NS,2034,0.226050329,285.3456748,0.1253,180.7849829,0.165,256,0.312,230,0.07799,347,0.1253,180.7849829,0.1253,180.7849829,0
CER 2023,Current Policies,NS,2035,0.225798322,283.2721973,0.1249,180.7849829,0.164,256,0.312,230,0.07799,347,0.1249,180.7849829,0.1249,180.7849829,0
CER 2023,Current Policies,NS,2036,0.226518343,273.1674174,0.1247,180.7849829,0.164,256,0.312,230,0.07799,347,0.1247,180.7849829,0.1247,180.7849829,0
CER 2023,Current Policies,NS,2037,0.227742377,262.1600733,0.1243,180.7849829,0.163,256,0.312,230,0.07799,347,0.1243,180.7849829,0.1243,180.7849829,0
CER 2023,Current Policies,NS,2038,0.228966411,249.8545682,0.124,180.7849829,0.163,256,0.312,230,0.07799,347,0.124,180.7849829,0.124,180.7849829,0
CER 2023,Current Policies,NS,2039,0.230442452,232.9989654,0.1237,180.7849829,0.162,256,0.312,230,0.07799,347,0.1237,180.7849829,0.1237,180.7849829,0
CER 2023,Current Policies,NS,2040,0.232386507,221.8598579,0.1233,180.7849829,0.161,256,0.312,230,0.07799,347,0.1233,180.7849829,0.1233,180.7849829,0
CER 2023,Current Policies,NS,2041,0.233286532,198.027306,0.123,180.7849829,0.161,256,0.312,230,0.07799,347,0.123,180.7849829,0.123,180.7849829,0
CER 2023,Current Policies,NS,2042,0.23501458,209.9572412,0.1226,180.7849829,0.16,256,0.312,230,0.07799,347,0.1226,180.7849829,0.1226,180.7849829,0
CER 2023,Current Policies,NS,2043,0.236814631,199.1059848,0.1223,180.7849829,0.159,256,0.312,230,0.07799,347,0.1223,180.7849829,0.1223,180.7849829,0
CER 2023,Current Policies,NS,2044,0.23821867,170.9813085,0.122,180.7849829,0.159,256,0.312,230,0.07799,347,0.122,180.7849829,0.122,180.7849829,0
CER 2023,Current Policies,NS,2045,0.240198726,159.9527973,0.1216,180.7849829,0.158,256,0.312,230,0.07799,347,0.1216,180.7849829,0.1216,180.7849829,0
CER 2023,Current Policies,NS,2046,0.240918746,155.1876498,0.1212,180.7849829,0.157,256,0.312,230,0.07799,347,0.1212,180.7849829,0.1212,180.7849829,0
CER 2023,Current Policies,NS,2047,0.24214278,149.8875657,0.1208,180.7849829,0.156,256,0.312,230,0.07799,347,0.1208,180.7849829,0.1208,180.7849829,0
CER 2023,Current Policies,NS,2048,0.243150808,144.819182,0.1204,180.7849829,0.155,256,0.312,230,0.07799,347,0.1204,180.7849829,0.1204,180.7849829,0
CER 2023,Current Policies,NS,2049,0.244158836,139.4774637,0.12,180.7849829,0.154,256,0.312,230,0.07799,347,0.12,180.7849829,0.12,180.7849829,0
CER 2023,Current Policies,NS,2050,0.245238867,119.3220558,0.1195,180.7849829,0.153,256,0.312,230,0.07799,347,0.1195,180.7849829,0.1195,180.7849829,0
CER 2023,Current Policies,NB,2021,0.191273356,197.2208747,0.0683,180.7849829,0.139,256,0.312,230,0.07799,347,0.0683,180.7849829,0.0683,180.7849829,0
CER 2023,Current Policies,NB,2022,0.196313497,208.9302876,0.0887,180.7849829,0.174,256,0.312,230,0.07799,347,0.0887,180.7849829,0.0887,180.7849829,0
CER 2023,Current Policies,NB,2023,0.193721424,206.2493461,0.0736,180.7849829,0.164,256,0.312,230,0.07799,347,0.0736,180.7849829,0.0736,180.7849829,0
CER 2023,Current Policies,NB,2024,0.193397415,194.1835541,0.0785,180.7849829,0.16,256,0.312,230,0.07799,347,0.0785,180.7849829,0.0785,180.7849829,0
CER 2023,Current Policies,NB,2025,0.195953487,181.553318,0.0819,180.7849829,0.164,256,0.312,230,0.07799,347,0.0819,180.7849829,0.0819,180.7849829,0
CER 2023,Current Policies,NB,2026,0.196925514,178.6716243,0.0846,180.7849829,0.167,256,0.312,230,0.07799,347,0.0846,180.7849829,0.0846,180.7849829,0
CER 2023,Current Policies,NB,2027,0.197897541,176.2173668,0.0871,180.7849829,0.17,256,0.312,230,0.07799,347,0.0871,180.7849829,0.0871,180.7849829,0
CER 2023,Current Policies,NB,2028,0.199121575,121.4155413,0.0895,180.7849829,0.172,256,0.312,230,0.07799,347,0.0895,180.7849829,0.0895,180.7849829,0
CER 2023,Current Policies,NB,2029,0.198761565,111.3657009,0.0919,180.7849829,0.175,256,0.312,230,0.07799,347,0.0919,180.7849829,0.0919,180.7849829,0
CER 2023,Current Policies,NB,2030,0.198833567,3.472047396,0.0941,180.7849829,0.177,256,0.312,230,0.07799,347,0.0941,180.7849829,0.0941,180.7849829,0
CER 2023,Current Policies,NB,2031,0.199121575,0.307846545,0.0933,180.7849829,0.176,256,0.312,230,0.07799,347,0.0933,180.7849829,0.0933,180.7849829,0
CER 2023,Current Policies,NB,2032,0.197105519,0.070818831,0.0927,180.7849829,0.174,256,0.312,230,0.07799,347,0.0927,180.7849829,0.0927,180.7849829,0
CER 2023,Current Policies,NB,2033,0.195053461,0.073247184,0.0923,180.7849829,0.174,256,0.312,230,0.07799,347,0.0923,180.7849829,0.0923,180.7849829,0
CER 2023,Current Policies,NB,2034,0.193037405,0.004932898,0.092,180.7849829,0.173,256,0.312,230,0.07799,347,0.092,180.7849829,0.092,180.7849829,0
CER 2023,Current Policies,NB,2035,0.191201354,0.00299221,0.0917,180.7849829,0.172,256,0.312,230,0.07799,347,0.0917,180.7849829,0.0917,180.7849829,0
CER 2023,Current Policies,NB,2036,0.189905317,0.00253629,0.0916,180.7849829,0.172,256,0.312,230,0.07799,347,0.0916,180.7849829,0.0916,180.7849829,0
CER 2023,Current Policies,NB,2037,0.187277244,0.00152405,0.0912,180.7849829,0.171,256,0.312,230,0.07799,347,0.0912,180.7849829,0.0912,180.7849829,0
CER 2023,Current Policies,NB,2038,0.184721172,0.000883003,0.0909,180.7849829,0.171,256,0.312,230,0.07799,347,0.0909,180.7849829,0.0909,180.7849829,0
CER 2023,Current Policies,NB,2039,0.182669115,0.00056527,0.0906,180.7849829,0.17,256,0.312,230,0.07799,347,0.0906,180.7849829,0.0906,180.7849829,0
CER 2023,Current Policies,NB,2040,0.180689059,0,0.0903,180.7849829,0.169,256,0.312,230,0.07799,347,0.0903,180.7849829,0.0903,180.7849829,0
CER 2023,Current Policies,NB,2041,0.178889009,0,0.09,180.7849829,0.169,256,0.312,230,0.07799,347,0.09,180.7849829,0.09,180.7849829,0
CER 2023,Current Policies,NB,2042,0.181229074,4.654932517,0.0896,180.7849829,0.168,256,0.312,230,0.07799,347,0.0896,180.7849829,0.0896,180.7849829,0
CER 2023,Current Policies,NB,2043,0.183029125,5.366701057,0.0893,180.7849829,0.167,256,0.312,230,0.07799,347,0.0893,180.7849829,0.0893,180.7849829,0
CER 2023,Current Policies,NB,2044,0.184577168,0.003629634,0.089,180.7849829,0.167,256,0.312,230,0.07799,347,0.089,180.7849829,0.089,180.7849829,0
CER 2023,Current Policies,NB,2045,0.185765201,0.002719696,0.0887,180.7849829,0.166,256,0.312,230,0.07799,347,0.0887,180.7849829,0.0887,180.7849829,0
CER 2023,Current Policies,NB,2046,0.186017208,0.001782409,0.0883,180.7849829,0.165,256,0.312,230,0.07799,347,0.0883,180.7849829,0.0883,180.7849829,0
CER 2023,Current Policies,NB,2047,0.188285272,0.001317355,0.0879,180.7849829,0.164,256,0.312,230,0.07799,347,0.0879,180.7849829,0.0879,180.7849829,0
CER 2023,Current Policies,NB,2048,0.19037333,0.00043247,0.0875,180.7849829,0.163,256,0.312,230,0.07799,347,0.0875,180.7849829,0.0875,180.7849829,0
CER 2023,Current Policies,NB,2049,0.192389387,0,0.0871,180.7849829,0.162,256,0.312,230,0.07799,347,0.0871,180.7849829,0.0871,180.7849829,0
CER 2023,Current Policies,NB,2050,0.194549447,0,0.0866,180.7849829,0.161,256,0.312,230,0.07799,347,0.0866,180.7849829,0.0866,180.7849829,0
CER 2023,Current Policies,QC,2021,0.106526983,2.34,0.0547,181.4334471,0.127,256,0.312,230,0.07799,347,0.0547,181.4334471,0.0547,181.4334471,0
CER 2023,Current Policies,QC,2022,0.111495122,3.07,0.0739,181.4334471,0.161,256,0.312,230,0.07799,347,0.0739,181.4334471,0.0739,181.4334471,0
CER 2023,Current Policies,QC,2023,0.109407063,3.18,0.0594,181.4334471,0.151,256,0.312,230,0.07799,347,0.0594,181.4334471,0.0594,181.4334471,0
CER 2023,Current Policies,QC,2024,0.109587068,3.7,0.0656,181.4334471,0.15,256,0.312,230,0.07799,347,0.0656,181.4334471,0.0656,181.4334471,0
CER 2023,Current Policies,QC,2025,0.110991108,1.89,0.0719,181.4334471,0.158,256,0.312,230,0.07799,347,0.0719,181.4334471,0.0719,181.4334471,0
CER 2023,Current Policies,QC,2026,0.112467149,1.05,0.0739,181.4334471,0.161,256,0.312,230,0.07799,347,0.0739,181.4334471,0.0739,181.4334471,0
CER 2023,Current Policies,QC,2027,0.113295172,1.02,0.0763,181.4334471,0.164,256,0.312,230,0.07799,347,0.0763,181.4334471,0.0763,181.4334471,0
CER 2023,Current Policies,QC,2028,0.114339201,2.71,0.0783,181.4334471,0.166,256,0.312,230,0.07799,347,0.0783,181.4334471,0.0783,181.4334471,0
CER 2023,Current Policies,QC,2029,0.114123195,1.73,0.0806,181.4334471,0.169,256,0.312,230,0.07799,347,0.0806,181.4334471,0.0806,181.4334471,0
CER 2023,Current Policies,QC,2030,0.115419232,0.95,0.0824,181.4334471,0.171,256,0.312,230,0.07799,347,0.0824,181.4334471,0.0824,181.4334471,0
CER 2023,Current Policies,QC,2031,0.114843216,0.95,0.0817,181.4334471,0.169,256,0.312,230,0.07799,347,0.0817,181.4334471,0.0817,181.4334471,0
CER 2023,Current Policies,QC,2032,0.11606725,0.94,0.0811,181.4334471,0.168,256,0.312,230,0.07799,347,0.0811,181.4334471,0.0811,181.4334471,0
CER 2023,Current Policies,QC,2033,0.116463261,0.92,0.0808,181.4334471,0.167,256,0.312,230,0.07799,347,0.0808,181.4334471,0.0808,181.4334471,0
CER 2023,Current Policies,QC,2034,0.11678727,0.91,0.0805,181.4334471,0.166,256,0.312,230,0.07799,347,0.0805,181.4334471,0.0805,181.4334471,0
CER 2023,Current Policies,QC,2035,0.117255283,0.9,0.0802,181.4334471,0.166,256,0.312,230,0.07799,347,0.0802,181.4334471,0.0802,181.4334471,0
CER 2023,Current Policies,QC,2036,0.117579292,0.89,0.0801,181.4334471,0.165,256,0.312,230,0.07799,347,0.0801,181.4334471,0.0801,181.4334471,0
CER 2023,Current Policies,QC,2037,0.11822731,0.89,0.0798,181.4334471,0.165,256,0.312,230,0.07799,347,0.0798,181.4334471,0.0798,181.4334471,0
CER 2023,Current Policies,QC,2038,0.118875329,0.88,0.0795,181.4334471,0.164,256,0.312,230,0.07799,347,0.0795,181.4334471,0.0795,181.4334471,0
CER 2023,Current Policies,QC,2039,0.119667351,0.87,0.0792,181.4334471,0.164,256,0.312,230,0.07799,347,0.0792,181.4334471,0.0792,181.4334471,0
CER 2023,Current Policies,QC,2040,0.120495374,0.86,0.079,181.4334471,0.163,256,0.312,230,0.07799,347,0.079,181.4334471,0.079,181.4334471,0
CER 2023,Current Policies,QC,2041,0.121467401,0.86,0.0787,181.4334471,0.162,256,0.312,230,0.07799,347,0.0787,181.4334471,0.0787,181.4334471,0
CER 2023,Current Policies,QC,2042,0.122475429,0.84,0.0784,181.4334471,0.162,256,0.312,230,0.07799,347,0.0784,181.4334471,0.0784,181.4334471,0
CER 2023,Current Policies,QC,2043,0.123591461,0.84,0.0781,181.4334471,0.161,256,0.312,230,0.07799,347,0.0781,181.4334471,0.0781,181.4334471,0
CER 2023,Current Policies,QC,2044,0.124527487,0.84,0.0778,181.4334471,0.16,256,0.312,230,0.07799,347,0.0778,181.4334471,0.0778,181.4334471,0
CER 2023,Current Policies,QC,2045,0.125751521,0.84,0.0775,181.4334471,0.159,256,0.312,230,0.07799,347,0.0775,181.4334471,0.0775,181.4334471,0
CER 2023,Current Policies,QC,2046,0.127011556,0.84,0.0772,181.4334471,0.159,256,0.312,230,0.07799,347,0.0772,181.4334471,0.0772,181.4334471,0
CER 2023,Current Policies,QC,2047,0.128451597,0.83,0.0768,181.4334471,0.158,256,0.312,230,0.07799,347,0.0768,181.4334471,0.0768,181.4334471,0
CER 2023,Current Policies,QC,2048,0.129783634,0.83,0.0764,181.4334471,0.157,256,0.312,230,0.07799,347,0.0764,181.4334471,0.0764,181.4334471,0
CER 2023,Current Policies,QC,2049,0.131043669,0.82,0.076,181.4334471,0.156,256,0.312,230,0.07799,347,0.076,181.4334471,0.076,181.4334471,0
CER 2023,Current Policies,QC,2050,0.132375707,0.82,0.0756,181.4334471,0.155,256,0.312,230,0.07799,347,0.0756,181.4334471,0.0756,181.4334471,0
CER 2023,Current Policies,ON,2021,0.156244375,38.88,0.0442,180.9556314,0.154,256,0.312,230,0.07799,347,0.0442,180.9556314,0.0442,180.9556314,0
CER 2023,Current Policies,ON,2022,0.158800446,40.74,0.0639,180.9556314,0.189,256,0.312,230,0.07799,347,0.0639,180.9556314,0.0639,180.9556314,0
CER 2023,Current Policies,ON,2023,0.15926846,43.38,0.0495,180.9556314,0.178,256,0.312,230,0.07799,347,0.0495,180.9556314,0.0495,180.9556314,0
CER 2023,Current Policies,ON,2024,0.16106851,44.97,0.0544,180.9556314,0.175,256,0.312,230,0.07799,347,0.0544,180.9556314,0.0544,180.9556314,0
CER 2023,Current Policies,ON,2025,0.162004536,39.32,0.0576,180.9556314,0.179,256,0.312,230,0.07799,347,0.0576,180.9556314,0.0576,180.9556314,0
CER 2023,Current Policies,ON,2026,0.162940562,44.07,0.0602,180.9556314,0.182,256,0.312,230,0.07799,347,0.0602,180.9556314,0.0602,180.9556314,0
CER 2023,Current Policies,ON,2027,0.161464521,48.48,0.0627,180.9556314,0.185,256,0.312,230,0.07799,347,0.0627,180.9556314,0.0627,180.9556314,0
CER 2023,Current Policies,ON,2028,0.160096483,50.46,0.0652,180.9556314,0.187,256,0.312,230,0.07799,347,0.0652,180.9556314,0.0652,180.9556314,0
CER 2023,Current Policies,ON,2029,0.158188429,47.48,0.0676,180.9556314,0.19,256,0.312,230,0.07799,347,0.0676,180.9556314,0.0676,180.9556314,0
CER 2023,Current Policies,ON,2030,0.156604385,41.93,0.0698,180.9556314,0.192,256,0.312,230,0.07799,347,0.0698,180.9556314,0.0698,180.9556314,0
CER 2023,Current Policies,ON,2031,0.153076286,43.67,0.0689,180.9556314,0.19,256,0.312,230,0.07799,347,0.0689,180.9556314,0.0689,180.9556314,0
CER 2023,Current Policies,ON,2032,0.149872196,48.41,0.0684,180.9556314,0.189,256,0.312,230,0.07799,347,0.0684,180.9556314,0.0684,180.9556314,0
CER 2023,Current Policies,ON,2033,0.146380099,49,0.068,180.9556314,0.188,256,0.312,230,0.07799,347,0.068,180.9556314,0.068,180.9556314,0
CER 2023,Current Policies,ON,2034,0.143140008,40.23,0.0677,180.9556314,0.188,256,0.312,230,0.07799,347,0.0677,180.9556314,0.0677,180.9556314,0
CER 2023,Current Policies,ON,2035,0.139899917,40.58,0.0674,180.9556314,0.187,256,0.312,230,0.07799,347,0.0674,180.9556314,0.0674,180.9556314,0
CER 2023,Current Policies,ON,2036,0.138423876,39.93,0.0672,180.9556314,0.187,256,0.312,230,0.07799,347,0.0672,180.9556314,0.0672,180.9556314,0
CER 2023,Current Policies,ON,2037,0.137307845,37.65,0.0669,180.9556314,0.186,256,0.312,230,0.07799,347,0.0669,180.9556314,0.0669,180.9556314,0
CER 2023,Current Policies,ON,2038,0.136479821,36.31,0.0666,180.9556314,0.186,256,0.312,230,0.07799,347,0.0666,180.9556314,0.0666,180.9556314,0
CER 2023,Current Policies,ON,2039,0.1357238,31.82,0.0663,180.9556314,0.185,256,0.312,230,0.07799,347,0.0663,180.9556314,0.0663,180.9556314,0
CER 2023,Current Policies,ON,2040,0.135147784,27.21,0.066,180.9556314,0.184,256,0.312,230,0.07799,347,0.066,180.9556314,0.066,180.9556314,0
CER 2023,Current Policies,ON,2041,0.136335817,23.24,0.0657,180.9556314,0.184,256,0.312,230,0.07799,347,0.0657,180.9556314,0.0657,180.9556314,0
CER 2023,Current Policies,ON,2042,0.137523851,23.47,0.0654,180.9556314,0.183,256,0.312,230,0.07799,347,0.0654,180.9556314,0.0654,180.9556314,0
CER 2023,Current Policies,ON,2043,0.138855888,23.06,0.0651,180.9556314,0.182,256,0.312,230,0.07799,347,0.0651,180.9556314,0.0651,180.9556314,0
CER 2023,Current Policies,ON,2044,0.140079922,23.13,0.0648,180.9556314,0.181,256,0.312,230,0.07799,347,0.0648,180.9556314,0.0648,180.9556314,0
CER 2023,Current Policies,ON,2045,0.141195953,23.26,0.0644,180.9556314,0.181,256,0.312,230,0.07799,347,0.0644,180.9556314,0.0644,180.9556314,0
CER 2023,Current Policies,ON,2046,0.141591965,23.2,0.064,180.9556314,0.18,256,0.312,230,0.07799,347,0.064,180.9556314,0.064,180.9556314,0
CER 2023,Current Policies,ON,2047,0.142239983,24.21,0.0636,180.9556314,0.179,256,0.312,230,0.07799,347,0.0636,180.9556314,0.0636,180.9556314,0
CER 2023,Current Policies,ON,2048,0.142960003,25.22,0.0633,180.9556314,0.178,256,0.312,230,0.07799,347,0.0633,180.9556314,0.0633,180.9556314,0
CER 2023,Current Policies,ON,2049,0.143824027,26.11,0.0628,180.9556314,0.177,256,0.312,230,0.07799,347,0.0628,180.9556314,0.0628,180.9556314,0
CER 2023,Current Policies,ON,2050,0.144904057,26.91,0.0624,180.9556314,0.176,256,0.312,230,0.07799,347,0.0624,180.9556314,0.0624,180.9556314,0
CER 2023,Current Policies,MB,2021,0.131655686,1.223016445,0.0391,180.4095563,0.129,256,0.312,230,0.07799,347,0.0391,180.4095563,0.0391,180.4095563,0
CER 2023,Current Policies,MB,2022,0.137667855,3.298233205,0.0575,180.4095563,0.163,256,0.312,230,0.07799,347,0.0575,180.4095563,0.0575,180.4095563,0
CER 2023,Current Policies,MB,2023,0.127947583,3.294868242,0.0445,180.4095563,0.154,256,0.312,230,0.07799,347,0.0445,180.4095563,0.0445,180.4095563,0
CER 2023,Current Policies,MB,2024,0.135255787,2.909827628,0.0492,180.4095563,0.15,256,0.312,230,0.07799,347,0.0492,180.4095563,0.0492,180.4095563,0
CER 2023,Current Policies,MB,2025,0.136155812,3.225192543,0.0524,180.4095563,0.154,256,0.312,230,0.07799,347,0.0524,180.4095563,0.0524,180.4095563,0
CER 2023,Current Policies,MB,2026,0.137019837,3.159574922,0.055,180.4095563,0.157,256,0.312,230,0.07799,347,0.055,180.4095563,0.055,180.4095563,0
CER 2023,Current Policies,MB,2027,0.137379847,3.070257712,0.0575,180.4095563,0.159,256,0.312,230,0.07799,347,0.0575,180.4095563,0.0575,180.4095563,0
CER 2023,Current Policies,MB,2028,0.137559852,2.549543128,0.0599,180.4095563,0.162,256,0.312,230,0.07799,347,0.0599,180.4095563,0.0599,180.4095563,0
CER 2023,Current Policies,MB,2029,0.13748785,1.736181225,0.0624,180.4095563,0.165,256,0.312,230,0.07799,347,0.0624,180.4095563,0.0624,180.4095563,0
CER 2023,Current Policies,MB,2030,0.13784786,0.250942384,0.0645,180.4095563,0.167,256,0.312,230,0.07799,347,0.0645,180.4095563,0.0645,180.4095563,0
CER 2023,Current Policies,MB,2031,0.138063866,0.212554491,0.0637,180.4095563,0.165,256,0.312,230,0.07799,347,0.0637,180.4095563,0.0637,180.4095563,0
CER 2023,Current Policies,MB,2032,0.137991864,0.184826004,0.0631,180.4095563,0.164,256,0.312,230,0.07799,347,0.0631,180.4095563,0.0631,180.4095563,0
CER 2023,Current Policies,MB,2033,0.13748785,0.152875484,0.0628,180.4095563,0.163,256,0.312,230,0.07799,347,0.0628,180.4095563,0.0628,180.4095563,0
CER 2023,Current Policies,MB,2034,0.137091839,0.120394465,0.0624,180.4095563,0.163,256,0.312,230,0.07799,347,0.0624,180.4095563,0.0624,180.4095563,0
CER 2023,Current Policies,MB,2035,0.136767829,0.079163678,0.0621,180.4095563,0.162,256,0.312,230,0.07799,347,0.0621,180.4095563,0.0621,180.4095563,0
CER 2023,Current Policies,MB,2036,0.136191813,0.065507358,0.062,180.4095563,0.162,256,0.312,230,0.07799,347,0.062,180.4095563,0.062,180.4095563,0
CER 2023,Current Policies,MB,2037,0.135903805,0.050984926,0.0616,180.4095563,0.161,256,0.312,230,0.07799,347,0.0616,180.4095563,0.0616,180.4095563,0
CER 2023,Current Policies,MB,2038,0.135435792,0.008271374,0.0613,180.4095563,0.16,256,0.312,230,0.07799,347,0.0613,180.4095563,0.0613,180.4095563,0
CER 2023,Current Policies,MB,2039,0.135147784,0.006688593,0.061,180.4095563,0.16,256,0.312,230,0.07799,347,0.061,180.4095563,0.061,180.4095563,0
CER 2023,Current Policies,MB,2040,0.134931778,0.006774988,0.0607,180.4095563,0.159,256,0.312,230,0.07799,347,0.0607,180.4095563,0.0607,180.4095563,0
CER 2023,Current Policies,MB,2041,0.135075782,0.00729441,0.0604,180.4095563,0.158,256,0.312,230,0.07799,347,0.0604,180.4095563,0.0604,180.4095563,0
CER 2023,Current Policies,MB,2042,0.135255787,0.007602102,0.06,180.4095563,0.158,256,0.312,230,0.07799,347,0.06,180.4095563,0.06,180.4095563,0
CER 2023,Current Policies,MB,2043,0.1357238,0.007723064,0.0597,180.4095563,0.157,256,0.312,230,0.07799,347,0.0597,180.4095563,0.0597,180.4095563,0
CER 2023,Current Policies,MB,2044,0.135759801,0.007864966,0.0594,180.4095563,0.156,256,0.312,230,0.07799,347,0.0594,180.4095563,0.0594,180.4095563,0
CER 2023,Current Policies,MB,2045,0.136335817,0.00672599,0.059,180.4095563,0.156,256,0.312,230,0.07799,347,0.059,180.4095563,0.059,180.4095563,0
CER 2023,Current Policies,MB,2046,0.13712784,0.007228569,0.0586,180.4095563,0.155,256,0.312,230,0.07799,347,0.0586,180.4095563,0.0586,180.4095563,0
CER 2023,Current Policies,MB,2047,0.138243871,0.008076941,0.0582,180.4095563,0.154,256,0.312,230,0.07799,347,0.0582,180.4095563,0.0582,180.4095563,0
CER 2023,Current Policies,MB,2048,0.139431904,0.01694478,0.0578,180.4095563,0.153,256,0.312,230,0.07799,347,0.0578,180.4095563,0.0578,180.4095563,0
CER 2023,Current Policies,MB,2049,0.140943946,0.069942267,0.0574,180.4095563,0.152,256,0.312,230,0.07799,347,0.0574,180.4095563,0.0574,180.4095563,0
CER 2023,Current Policies,MB,2050,0.142383987,0.062063615,0.0569,180.4095563,0.151,256,0.312,230,0.07799,347,0.0569,180.4095563,0.0569,180.4095563,0
CER 2023,Current Policies,SK,2021,0.237534651,636.83,0.0411,180.8532423,0.125,256,0.312,230,0.07799,347,0.0411,180.8532423,0.0411,180.8532423,0
CER 2023,Current Policies,SK,2022,0.243834827,561.89,0.0604,180.8532423,0.158,256,0.312,230,0.07799,347,0.0604,180.8532423,0.0604,180.8532423,0
CER 2023,Current Policies,SK,2023,0.246930914,532.05,0.0463,180.8532423,0.149,256,0.312,230,0.07799,347,0.0463,180.8532423,0.0463,180.8532423,0
CER 2023,Current Policies,SK,2024,0.238398675,440.84,0.051,180.8532423,0.145,256,0.312,230,0.07799,347,0.051,180.8532423,0.051,180.8532423,0
CER 2023,Current Policies,SK,2025,0.242826799,365.88,0.0542,180.8532423,0.149,256,0.312,230,0.07799,347,0.0542,180.8532423,0.0542,180.8532423,0
CER 2023,Current Policies,SK,2026,0.246462901,353.58,0.0567,180.8532423,0.152,256,0.312,230,0.07799,347,0.0567,180.8532423,0.0567,180.8532423,0
CER 2023,Current Policies,SK,2027,0.24891097,331.14,0.0591,180.8532423,0.154,256,0.312,230,0.07799,347,0.0591,180.8532423,0.0591,180.8532423,0
CER 2023,Current Policies,SK,2028,0.249378983,318.34,0.0614,180.8532423,0.157,256,0.312,230,0.07799,347,0.0614,180.8532423,0.0614,180.8532423,0
CER 2023,Current Policies,SK,2029,0.250567016,274.17,0.0638,180.8532423,0.159,256,0.312,230,0.07799,347,0.0638,180.8532423,0.0638,180.8532423,0
CER 2023,Current Policies,SK,2030,0.250279008,256.53,0.0659,180.8532423,0.161,256,0.312,230,0.07799,347,0.0659,180.8532423,0.0659,180.8532423,0
CER 2023,Current Policies,SK,2031,0.250387011,248.92,0.0651,180.8532423,0.16,256,0.312,230,0.07799,347,0.0651,180.8532423,0.0651,180.8532423,0
CER 2023,Current Policies,SK,2032,0.250063002,238.49,0.0645,180.8532423,0.159,256,0.312,230,0.07799,347,0.0645,180.8532423,0.0645,180.8532423,0
CER 2023,Current Policies,SK,2033,0.250135004,230.57,0.0642,180.8532423,0.158,256,0.312,230,0.07799,347,0.0642,180.8532423,0.0642,180.8532423,0
CER 2023,Current Policies,SK,2034,0.250567016,219.13,0.0639,180.8532423,0.157,256,0.312,230,0.07799,347,0.0639,180.8532423,0.0639,180.8532423,0
CER 2023,Current Policies,SK,2035,0.249558988,211.39,0.0636,180.8532423,0.157,256,0.312,230,0.07799,347,0.0636,180.8532423,0.0636,180.8532423,0
CER 2023,Current Policies,SK,2036,0.250207006,199.48,0.0635,180.8532423,0.156,256,0.312,230,0.07799,347,0.0635,180.8532423,0.0635,180.8532423,0
CER 2023,Current Policies,SK,2037,0.251359038,186.25,0.0632,180.8532423,0.156,256,0.312,230,0.07799,347,0.0632,180.8532423,0.0632,180.8532423,0
CER 2023,Current Policies,SK,2038,0.253087086,169.29,0.0629,180.8532423,0.155,256,0.312,230,0.07799,347,0.0629,180.8532423,0.0629,180.8532423,0
CER 2023,Current Policies,SK,2039,0.254599129,160.11,0.0626,180.8532423,0.155,256,0.312,230,0.07799,347,0.0626,180.8532423,0.0626,180.8532423,0
CER 2023,Current Policies,SK,2040,0.257011196,150.53,0.0623,180.8532423,0.154,256,0.312,230,0.07799,347,0.0623,180.8532423,0.0623,180.8532423,0
CER 2023,Current Policies,SK,2041,0.259747273,146.6,0.062,180.8532423,0.153,256,0.312,230,0.07799,347,0.062,180.8532423,0.062,180.8532423,0
CER 2023,Current Policies,SK,2042,0.262591353,142.48,0.0617,180.8532423,0.152,256,0.312,230,0.07799,347,0.0617,180.8532423,0.0617,180.8532423,0
CER 2023,Current Policies,SK,2043,0.265759441,138.71,0.0614,180.8532423,0.152,256,0.312,230,0.07799,347,0.0614,180.8532423,0.0614,180.8532423,0
CER 2023,Current Policies,SK,2044,0.268315513,136.07,0.0611,180.8532423,0.151,256,0.312,230,0.07799,347,0.0611,180.8532423,0.0611,180.8532423,0
CER 2023,Current Policies,SK,2045,0.271339598,133.7,0.0608,180.8532423,0.15,256,0.312,230,0.07799,347,0.0608,180.8532423,0.0608,180.8532423,0
CER 2023,Current Policies,SK,2046,0.272095619,133.75,0.0604,180.8532423,0.149,256,0.312,230,0.07799,347,0.0604,180.8532423,0.0604,180.8532423,0
CER 2023,Current Policies,SK,2047,0.273283652,133.53,0.06,180.8532423,0.148,256,0.312,230,0.07799,347,0.06,180.8532423,0.06,180.8532423,0
CER 2023,Current Policies,SK,2048,0.274219678,132.87,0.0597,180.8532423,0.147,256,0.312,230,0.07799,347,0.0597,180.8532423,0.0597,180.8532423,0
CER 2023,Current Policies,SK,2049,0.275119703,132.61,0.0592,180.8532423,0.146,256,0.312,230,0.07799,347,0.0592,180.8532423,0.0592,180.8532423,0
CER 2023,Current Policies,SK,2050,0.276271736,132.49,0.0588,180.8532423,0.145,256,0.312,230,0.07799,347,0.0588,180.8532423,0.0588,180.8532423,0
CER 2023,Current Policies,AB,2021,0.212909961,534.3321137,0.0287,184.8122867,0.115,256,0.312,230,0.07799,347,0.0287,184.8122867,0.0287,184.8122867,0
CER 2023,Current Policies,AB,2022,0.305972567,486.1878114,0.047,184.8122867,0.146,256,0.312,230,0.07799,347,0.047,184.8122867,0.047,184.8122867,0
CER 2023,Current Policies,AB,2023,0.226950355,447.7953966,0.0342,184.8122867,0.137,256,0.312,230,0.07799,347,0.0342,184.8122867,0.0342,184.8122867,0
CER 2023,Current Policies,AB,2024,0.22392627,409.013448,0.039,184.8122867,0.134,256,0.312,230,0.07799,347,0.039,184.8122867,0.039,184.8122867,0
CER 2023,Current Policies,AB,2025,0.221766209,412.2053426,0.0422,184.8122867,0.137,256,0.312,230,0.07799,347,0.0422,184.8122867,0.0422,184.8122867,0
CER 2023,Current Policies,AB,2026,0.220902185,411.3161204,0.0448,184.8122867,0.14,256,0.312,230,0.07799,347,0.0448,184.8122867,0.0448,184.8122867,0
CER 2023,Current Policies,AB,2027,0.219858156,414.1194734,0.0474,184.8122867,0.142,256,0.312,230,0.07799,347,0.0474,184.8122867,0.0474,184.8122867,0
CER 2023,Current Policies,AB,2028,0.21856212,401.0849876,0.0499,184.8122867,0.144,256,0.312,230,0.07799,347,0.0499,184.8122867,0.0499,184.8122867,0
CER 2023,Current Policies,AB,2029,0.217662095,403.5011976,0.0524,184.8122867,0.146,256,0.312,230,0.07799,347,0.0524,184.8122867,0.0524,184.8122867,0
CER 2023,Current Policies,AB,2030,0.217806099,404.8420824,0.0546,184.8122867,0.148,256,0.312,230,0.07799,347,0.0546,184.8122867,0.0546,184.8122867,0
CER 2023,Current Policies,AB,2031,0.216978075,403.2684641,0.0538,184.8122867,0.146,256,0.312,230,0.07799,347,0.0538,184.8122867,0.0538,184.8122867,0
CER 2023,Current Policies,AB,2032,0.215826043,400.7658717,0.0531,184.8122867,0.144,256,0.312,230,0.07799,347,0.0531,184.8122867,0.0531,184.8122867,0
CER 2023,Current Policies,AB,2033,0.214854016,398.4342414,0.0528,184.8122867,0.143,256,0.312,230,0.07799,347,0.0528,184.8122867,0.0528,184.8122867,0
CER 2023,Current Policies,AB,2034,0.214386003,396.1860482,0.0524,184.8122867,0.142,256,0.312,230,0.07799,347,0.0524,184.8122867,0.0524,184.8122867,0
CER 2023,Current Policies,AB,2035,0.215538035,393.2649875,0.0521,184.8122867,0.141,256,0.312,230,0.07799,347,0.0521,184.8122867,0.0521,184.8122867,0
CER 2023,Current Policies,AB,2036,0.218058106,392.0641525,0.0519,184.8122867,0.14,256,0.312,230,0.07799,347,0.0519,184.8122867,0.0519,184.8122867,0
CER 2023,Current Policies,AB,2037,0.220830183,392.5630316,0.0516,184.8122867,0.139,256,0.312,230,0.07799,347,0.0516,184.8122867,0.0516,184.8122867,0
CER 2023,Current Policies,AB,2038,0.223494258,393.2781287,0.0513,184.8122867,0.138,256,0.312,230,0.07799,347,0.0513,184.8122867,0.0513,184.8122867,0
CER 2023,Current Policies,AB,2039,0.226050329,392.7710069,0.051,184.8122867,0.136,256,0.312,230,0.07799,347,0.051,184.8122867,0.051,184.8122867,0
CER 2023,Current Policies,AB,2040,0.228642402,393.2526805,0.0507,184.8122867,0.135,256,0.312,230,0.07799,347,0.0507,184.8122867,0.0507,184.8122867,0
CER 2023,Current Policies,AB,2041,0.231990496,373.1847057,0.0503,184.8122867,0.134,256,0.312,230,0.07799,347,0.0503,184.8122867,0.0503,184.8122867,0
CER 2023,Current Policies,AB,2042,0.234942578,353.2505724,0.05,184.8122867,0.133,256,0.312,230,0.07799,347,0.05,184.8122867,0.05,184.8122867,0
CER 2023,Current Policies,AB,2043,0.238146668,333.1714334,0.0496,184.8122867,0.131,256,0.312,230,0.07799,347,0.0496,184.8122867,0.0496,184.8122867,0
CER 2023,Current Policies,AB,2044,0.240774742,313.3929376,0.0493,184.8122867,0.13,256,0.312,230,0.07799,347,0.0493,184.8122867,0.0493,184.8122867,0
CER 2023,Current Policies,AB,2045,0.243870828,294.3900963,0.049,184.8122867,0.128,256,0.312,230,0.07799,347,0.049,184.8122867,0.049,184.8122867,0
CER 2023,Current Policies,AB,2046,0.245166865,289.0876528,0.0485,184.8122867,0.127,256,0.312,230,0.07799,347,0.0485,184.8122867,0.0485,184.8122867,0
CER 2023,Current Policies,AB,2047,0.247038917,283.8953456,0.0481,184.8122867,0.125,256,0.312,230,0.07799,347,0.0481,184.8122867,0.0481,184.8122867,0
CER 2023,Current Policies,AB,2048,0.248694963,278.3663755,0.0477,184.8122867,0.124,256,0.312,230,0.07799,347,0.0477,184.8122867,0.0477,184.8122867,0
CER 2023,Current Policies,AB,2049,0.250387011,272.588317,0.0472,184.8122867,0.122,256,0.312,230,0.07799,347,0.0472,184.8122867,0.0472,184.8122867,0
CER 2023,Current Policies,AB,2050,0.252115059,265.8478069,0.0468,184.8122867,0.121,256,0.312,230,0.07799,347,0.0468,184.8122867,0.0468,184.8122867,0
CER 2023,Current Policies,BC,2021,0.142347986,12.63471345,0.0532,184.8122867,0.15,256,0.312,230,0.07799,347,0.0532,184.8122867,0.0532,184.8122867,0
CER 2023,Current Policies,BC,2022,0.144688051,13.21559317,0.0692,184.8122867,0.179,256,0.312,230,0.07799,347,0.0692,184.8122867,0.0692,184.8122867,0
CER 2023,Current Policies,BC,2023,0.14501206,15.1621692,0.0558,184.8122867,0.17,256,0.312,230,0.07799,347,0.0558,184.8122867,0.0558,184.8122867,0
CER 2023,Current Policies,BC,2024,0.144040033,16.74825139,0.0604,184.8122867,0.167,256,0.312,230,0.07799,347,0.0604,184.8122867,0.0604,184.8122867,0
CER 2023,Current Policies,BC,2025,0.145696079,18.54583067,0.0635,184.8122867,0.17,256,0.312,230,0.07799,347,0.0635,184.8122867,0.0635,184.8122867,0
CER 2023,Current Policies,BC,2026,0.147064118,27.68847605,0.0657,184.8122867,0.173,256,0.312,230,0.07799,347,0.0657,184.8122867,0.0657,184.8122867,0
CER 2023,Current Policies,BC,2027,0.148000144,33.82588412,0.0677,184.8122867,0.176,256,0.312,230,0.07799,347,0.0677,184.8122867,0.0677,184.8122867,0
CER 2023,Current Policies,BC,2028,0.148792166,37.70115078,0.0694,184.8122867,0.178,256,0.312,230,0.07799,347,0.0694,184.8122867,0.0694,184.8122867,0
CER 2023,Current Policies,BC,2029,0.149332181,49.40092293,0.071,184.8122867,0.181,256,0.312,230,0.07799,347,0.071,184.8122867,0.071,184.8122867,0
CER 2023,Current Policies,BC,2030,0.1500162,59.01106928,0.0721,184.8122867,0.183,256,0.312,230,0.07799,347,0.0721,184.8122867,0.0721,184.8122867,0
CER 2023,Current Policies,BC,2031,0.15034021,57.86328062,0.0706,184.8122867,0.181,256,0.312,230,0.07799,347,0.0706,184.8122867,0.0706,184.8122867,0
CER 2023,Current Policies,BC,2032,0.150628218,60.62589289,0.0701,184.8122867,0.18,256,0.312,230,0.07799,347,0.0701,184.8122867,0.0701,184.8122867,0
CER 2023,Current Policies,BC,2033,0.150952227,61.46844369,0.0698,184.8122867,0.179,256,0.312,230,0.07799,347,0.0698,184.8122867,0.0698,184.8122867,0
CER 2023,Current Policies,BC,2034,0.151132232,59.19373013,0.0695,184.8122867,0.178,256,0.312,230,0.07799,347,0.0695,184.8122867,0.0695,184.8122867,0
CER 2023,Current Policies,BC,2035,0.151204234,55.74114851,0.0693,184.8122867,0.178,256,0.312,230,0.07799,347,0.0693,184.8122867,0.0693,184.8122867,0
CER 2023,Current Policies,BC,2036,0.151744249,53.63739913,0.0692,184.8122867,0.177,256,0.312,230,0.07799,347,0.0692,184.8122867,0.0692,184.8122867,0
CER 2023,Current Policies,BC,2037,0.152464269,52.37310055,0.0689,184.8122867,0.176,256,0.312,230,0.07799,347,0.0689,184.8122867,0.0689,184.8122867,0
CER 2023,Current Policies,BC,2038,0.153112287,50.96308854,0.0686,184.8122867,0.175,256,0.312,230,0.07799,347,0.0686,184.8122867,0.0686,184.8122867,0
CER 2023,Current Policies,BC,2039,0.153796306,51.62688877,0.0684,184.8122867,0.174,256,0.312,230,0.07799,347,0.0684,184.8122867,0.0684,184.8122867,0
CER 2023,Current Policies,BC,2040,0.154696331,49.05645079,0.0681,184.8122867,0.174,256,0.312,230,0.07799,347,0.0681,184.8122867,0.0681,184.8122867,0
CER 2023,Current Policies,BC,2041,0.155848364,46.76502971,0.0679,184.8122867,0.173,256,0.312,230,0.07799,347,0.0679,184.8122867,0.0679,184.8122867,0
CER 2023,Current Policies,BC,2042,0.157108399,42.43755742,0.0676,184.8122867,0.172,256,0.312,230,0.07799,347,0.0676,184.8122867,0.0676,184.8122867,0
CER 2023,Current Policies,BC,2043,0.158764445,38.43365277,0.0674,184.8122867,0.171,256,0.312,230,0.07799,347,0.0674,184.8122867,0.0674,184.8122867,0
CER 2023,Current Policies,BC,2044,0.160276488,38.0055938,0.0671,184.8122867,0.17,256,0.312,230,0.07799,347,0.0671,184.8122867,0.0671,184.8122867,0
CER 2023,Current Policies,BC,2045,0.162112539,35.51652418,0.0668,184.8122867,0.168,256,0.312,230,0.07799,347,0.0668,184.8122867,0.0668,184.8122867,0
CER 2023,Current Policies,BC,2046,0.163408575,35.75097237,0.0665,184.8122867,0.167,256,0.312,230,0.07799,347,0.0665,184.8122867,0.0665,184.8122867,0
CER 2023,Current Policies,BC,2047,0.164920618,35.8943236,0.0661,184.8122867,0.166,256,0.312,230,0.07799,347,0.0661,184.8122867,0.0661,184.8122867,0
CER 2023,Current Policies,BC,2048,0.166288656,36.73286394,0.0658,184.8122867,0.165,256,0.312,230,0.07799,347,0.0658,184.8122867,0.0658,184.8122867,0
CER 2023,Current Policies,BC,2049,0.167620693,37.68519252,0.0654,184.8122867,0.163,256,0.312,230,0.07799,347,0.0654,184.8122867,0.0654,184.8122867,0
CER 2023,Current Policies,BC,2050,0.16891673,40.11965487,0.0651,184.8122867,0.162,256,0.312,230,0.07799,347,0.0651,184.8122867,0.0651,184.8122867,0
CER 2023,Current Policies,TR,2021,0.24214278,170.06,0.039,185.1877133,0.13,256,0.312,230,0.07799,347,0.039,185.1877133,0.039,185.1877133,0
CER 2023,Current Policies,TR,2022,0.248082946,202.06,0.0553,185.1877133,0.159,256,0.312,230,0.07799,347,0.0553,185.1877133,0.0553,185.1877133,0
CER 2023,Current Policies,TR,2023,0.250603017,221.01,0.0384,185.1877133,0.145,256,0.312,230,0.07799,347,0.0384,185.1877133,0.0384,185.1877133,0
CER 2023,Current Policies,TR,2024,0.241818771,247.5,0.0405,185.1877133,0.138,256,0.312,230,0.07799,347,0.0405,185.1877133,0.0405,185.1877133,0
CER 2023,Current Policies,TR,2025,0.243726824,179.73,0.0408,185.1877133,0.137,256,0.312,230,0.07799,347,0.0408,185.1877133,0.0408,185.1877133,0
CER 2023,Current Policies,TR,2026,0.24927098,143.22,0.0407,185.1877133,0.136,256,0.312,230,0.07799,347,0.0407,185.1877133,0.0407,185.1877133,0
CER 2023,Current Policies,TR,2027,0.252043057,134.41,0.0406,185.1877133,0.135,256,0.312,230,0.07799,347,0.0406,185.1877133,0.0406,185.1877133,0
CER 2023,Current Policies,TR,2028,0.253195089,129.42,0.0405,185.1877133,0.134,256,0.312,230,0.07799,347,0.0405,185.1877133,0.0405,185.1877133,0
CER 2023,Current Policies,TR,2029,0.253807107,124.27,0.0405,185.1877133,0.133,256,0.312,230,0.07799,347,0.0405,185.1877133,0.0405,185.1877133,0
CER 2023,Current Policies,TR,2030,0.255535155,120.41,0.0404,185.1877133,0.132,256,0.312,230,0.07799,347,0.0404,185.1877133,0.0404,185.1877133,0
CER 2023,Current Policies,TR,2031,0.25679519,121.46,0.0405,185.1877133,0.132,256,0.312,230,0.07799,347,0.0405,185.1877133,0.0405,185.1877133,0
CER 2023,Current Policies,TR,2032,0.259351262,124.19,0.0406,185.1877133,0.132,256,0.312,230,0.07799,347,0.0406,185.1877133,0.0406,185.1877133,0
CER 2023,Current Policies,TR,2033,0.262555352,126.48,0.0409,185.1877133,0.132,256,0.312,230,0.07799,347,0.0409,185.1877133,0.0409,185.1877133,0
CER 2023,Current Policies,TR,2034,0.265615437,126.25,0.041,185.1877133,0.132,256,0.312,230,0.07799,347,0.041,185.1877133,0.041,185.1877133,0
CER 2023,Current Policies,TR,2035,0.270043561,118.77,0.0412,185.1877133,0.132,256,0.312,230,0.07799,347,0.0412,185.1877133,0.0412,185.1877133,0
CER 2023,Current Policies,TR,2036,0.271915614,83.3,0.0415,185.1877133,0.133,256,0.312,230,0.07799,347,0.0415,185.1877133,0.0415,185.1877133,0
CER 2023,Current Policies,TR,2037,0.274507686,84.24,0.0417,185.1877133,0.133,256,0.312,230,0.07799,347,0.0417,185.1877133,0.0417,185.1877133,0
CER 2023,Current Policies,TR,2038,0.277315765,85.25,0.0419,185.1877133,0.133,256,0.312,230,0.07799,347,0.0419,185.1877133,0.0419,185.1877133,0
CER 2023,Current Policies,TR,2039,0.280231846,86.36,0.042,185.1877133,0.133,256,0.312,230,0.07799,347,0.042,185.1877133,0.042,185.1877133,0
CER 2023,Current Policies,TR,2040,0.282787918,86.5,0.0423,185.1877133,0.133,256,0.312,230,0.07799,347,0.0423,185.1877133,0.0423,185.1877133,0
CER 2023,Current Policies,TR,2041,0.285163985,87.84,0.0424,185.1877133,0.133,256,0.312,230,0.07799,347,0.0424,185.1877133,0.0424,185.1877133,0
CER 2023,Current Policies,TR,2042,0.28714404,89.04,0.0426,185.1877133,0.133,256,0.312,230,0.07799,347,0.0426,185.1877133,0.0426,185.1877133,0
CER 2023,Current Policies,TR,2043,0.289016092,90.44,0.0428,185.1877133,0.133,256,0.312,230,0.07799,347,0.0428,185.1877133,0.0428,185.1877133,0
CER 2023,Current Policies,TR,2044,0.290312129,91.08,0.043,185.1877133,0.133,256,0.312,230,0.07799,347,0.043,185.1877133,0.043,185.1877133,0
CER 2023,Current Policies,TR,2045,0.29070814,84.17,0.0431,185.1877133,0.133,256,0.312,230,0.07799,347,0.0431,185.1877133,0.0431,185.1877133,0
CER 2023,Current Policies,TR,2046,0.291536163,85.4,0.0432,185.1877133,0.133,256,0.312,230,0.07799,347,0.0432,185.1877133,0.0432,185.1877133,0
CER 2023,Current Policies,TR,2047,0.292940202,86.36,0.0434,185.1877133,0.133,256,0.312,230,0.07799,347,0.0434,185.1877133,0.0434,185.1877133,0
CER 2023,Current Policies,TR,2048,0.294128236,87.78,0.0435,185.1877133,0.133,256,0.312,230,0.07799,347,0.0435,185.1877133,0.0435,185.1877133,0
CER 2023,Current Policies,TR,2049,0.295316269,88.73,0.0436,185.1877133,0.133,256,0.312,230,0.07799,347,0.0436,185.1877133,0.0436,185.1877133,0
CER 2023,Current Policies,TR,2050,0.296684307,84.58,0.0437,185.1877133,0.132,256,0.312,230,0.07799,347,0.0437,185.1877133,0.0437,185.1877133,0
